seed,result_set,source_file,raw_key,raw_key_semantics,canonical_model,model_status,model_role,checkpoint,protocol_id,dataset,scale,split,psnr,finite
1,seed1_signed_phiz,artifacts/raw_results/seed1/benchmark_signed_phiz.json,LIIF,Seed1 raw key SC-INR is legacy no-phase; SC-INR+PhiZ is final SC-INR.,LIIF,baseline,,artifacts/checkpoints/seed1/liif/epoch-best.pth,benchmark_hr_downsample_4datasets_9scales_eval_full,Set5,x2,ID,37.928500,true
1,seed1_signed_phiz,artifacts/raw_results/seed1/benchmark_signed_phiz.json,LIIF,Seed1 raw key SC-INR is legacy no-phase; SC-INR+PhiZ is final SC-INR.,LIIF,baseline,,artifacts/checkpoints/seed1/liif/epoch-best.pth,benchmark_hr_downsample_4datasets_9scales_eval_full,Set5,x3,ID,34.363600,true
1,seed1_signed_phiz,artifacts/raw_results/seed1/benchmark_signed_phiz.json,LIIF,Seed1 raw key SC-INR is legacy no-phase; SC-INR+PhiZ is final SC-INR.,LIIF,baseline,,artifacts/checkpoints/seed1/liif/epoch-best.pth,benchmark_hr_downsample_4datasets_9scales_eval_full,Set5,x4,ID,32.165700,true
1,seed1_signed_phiz,artifacts/raw_results/seed1/benchmark_signed_phiz.json,LIIF,Seed1 raw key SC-INR is legacy no-phase; SC-INR+PhiZ is final SC-INR.,LIIF,baseline,,artifacts/checkpoints/seed1/liif/epoch-best.pth,benchmark_hr_downsample_4datasets_9scales_eval_full,Set5,x6,OOD,28.883600,true
1,seed1_signed_phiz,artifacts/raw_results/seed1/benchmark_signed_phiz.json,LIIF,Seed1 raw key SC-INR is legacy no-phase; SC-INR+PhiZ is final SC-INR.,LIIF,baseline,,artifacts/checkpoints/seed1/liif/epoch-best.pth,benchmark_hr_downsample_4datasets_9scales_eval_full,Set5,x8,OOD,26.942300,true
1,seed1_signed_phiz,artifacts/raw_results/seed1/benchmark_signed_phiz.json,LIIF,Seed1 raw key SC-INR is legacy no-phase; SC-INR+PhiZ is final SC-INR.,LIIF,baseline,,artifacts/checkpoints/seed1/liif/epoch-best.pth,benchmark_hr_downsample_4datasets_9scales_eval_full,Set5,x12,OOD,24.548600,true
1,seed1_signed_phiz,artifacts/raw_results/seed1/benchmark_signed_phiz.json,LIIF,Seed1 raw key SC-INR is legacy no-phase; SC-INR+PhiZ is final SC-INR.,LIIF,baseline,,artifacts/checkpoints/seed1/liif/epoch-best.pth,benchmark_hr_downsample_4datasets_9scales_eval_full,Set5,x16,OOD,23.013400,true
1,seed1_signed_phiz,artifacts/raw_results/seed1/benchmark_signed_phiz.json,LIIF,Seed1 raw key SC-INR is legacy no-phase; SC-INR+PhiZ is final SC-INR.,LIIF,baseline,,artifacts/checkpoints/seed1/liif/epoch-best.pth,benchmark_hr_downsample_4datasets_9scales_eval_full,Set5,x24,OOD,21.344000,true
1,seed1_signed_phiz,artifacts/raw_results/seed1/benchmark_signed_phiz.json,LIIF,Seed1 raw key SC-INR is legacy no-phase; SC-INR+PhiZ is final SC-INR.,LIIF,baseline,,artifacts/checkpoints/seed1/liif/epoch-best.pth,benchmark_hr_downsample_4datasets_9scales_eval_full,Set5,x30,OOD,20.481400,true
1,seed1_signed_phiz,artifacts/raw_results/seed1/benchmark_signed_phiz.json,LIIF,Seed1 raw key SC-INR is legacy no-phase; SC-INR+PhiZ is final SC-INR.,LIIF,baseline,,artifacts/checkpoints/seed1/liif/epoch-best.pth,benchmark_hr_downsample_4datasets_9scales_eval_full,Set14,x2,ID,33.568700,true
1,seed1_signed_phiz,artifacts/raw_results/seed1/benchmark_signed_phiz.json,LIIF,Seed1 raw key SC-INR is legacy no-phase; SC-INR+PhiZ is final SC-INR.,LIIF,baseline,,artifacts/checkpoints/seed1/liif/epoch-best.pth,benchmark_hr_downsample_4datasets_9scales_eval_full,Set14,x3,ID,30.330300,true
1,seed1_signed_phiz,artifacts/raw_results/seed1/benchmark_signed_phiz.json,LIIF,Seed1 raw key SC-INR is legacy no-phase; SC-INR+PhiZ is final SC-INR.,LIIF,baseline,,artifacts/checkpoints/seed1/liif/epoch-best.pth,benchmark_hr_downsample_4datasets_9scales_eval_full,Set14,x4,ID,28.610500,true
1,seed1_signed_phiz,artifacts/raw_results/seed1/benchmark_signed_phiz.json,LIIF,Seed1 raw key SC-INR is legacy no-phase; SC-INR+PhiZ is final SC-INR.,LIIF,baseline,,artifacts/checkpoints/seed1/liif/epoch-best.pth,benchmark_hr_downsample_4datasets_9scales_eval_full,Set14,x6,OOD,26.445000,true
1,seed1_signed_phiz,artifacts/raw_results/seed1/benchmark_signed_phiz.json,LIIF,Seed1 raw key SC-INR is legacy no-phase; SC-INR+PhiZ is final SC-INR.,LIIF,baseline,,artifacts/checkpoints/seed1/liif/epoch-best.pth,benchmark_hr_downsample_4datasets_9scales_eval_full,Set14,x8,OOD,24.943800,true
1,seed1_signed_phiz,artifacts/raw_results/seed1/benchmark_signed_phiz.json,LIIF,Seed1 raw key SC-INR is legacy no-phase; SC-INR+PhiZ is final SC-INR.,LIIF,baseline,,artifacts/checkpoints/seed1/liif/epoch-best.pth,benchmark_hr_downsample_4datasets_9scales_eval_full,Set14,x12,OOD,23.140000,true
1,seed1_signed_phiz,artifacts/raw_results/seed1/benchmark_signed_phiz.json,LIIF,Seed1 raw key SC-INR is legacy no-phase; SC-INR+PhiZ is final SC-INR.,LIIF,baseline,,artifacts/checkpoints/seed1/liif/epoch-best.pth,benchmark_hr_downsample_4datasets_9scales_eval_full,Set14,x16,OOD,22.059800,true
1,seed1_signed_phiz,artifacts/raw_results/seed1/benchmark_signed_phiz.json,LIIF,Seed1 raw key SC-INR is legacy no-phase; SC-INR+PhiZ is final SC-INR.,LIIF,baseline,,artifacts/checkpoints/seed1/liif/epoch-best.pth,benchmark_hr_downsample_4datasets_9scales_eval_full,Set14,x24,OOD,20.636400,true
1,seed1_signed_phiz,artifacts/raw_results/seed1/benchmark_signed_phiz.json,LIIF,Seed1 raw key SC-INR is legacy no-phase; SC-INR+PhiZ is final SC-INR.,LIIF,baseline,,artifacts/checkpoints/seed1/liif/epoch-best.pth,benchmark_hr_downsample_4datasets_9scales_eval_full,Set14,x30,OOD,19.788800,true
1,seed1_signed_phiz,artifacts/raw_results/seed1/benchmark_signed_phiz.json,LIIF,Seed1 raw key SC-INR is legacy no-phase; SC-INR+PhiZ is final SC-INR.,LIIF,baseline,,artifacts/checkpoints/seed1/liif/epoch-best.pth,benchmark_hr_downsample_4datasets_9scales_eval_full,BSD100,x2,ID,32.150400,true
1,seed1_signed_phiz,artifacts/raw_results/seed1/benchmark_signed_phiz.json,LIIF,Seed1 raw key SC-INR is legacy no-phase; SC-INR+PhiZ is final SC-INR.,LIIF,baseline,,artifacts/checkpoints/seed1/liif/epoch-best.pth,benchmark_hr_downsample_4datasets_9scales_eval_full,BSD100,x3,ID,29.091300,true
1,seed1_signed_phiz,artifacts/raw_results/seed1/benchmark_signed_phiz.json,LIIF,Seed1 raw key SC-INR is legacy no-phase; SC-INR+PhiZ is final SC-INR.,LIIF,baseline,,artifacts/checkpoints/seed1/liif/epoch-best.pth,benchmark_hr_downsample_4datasets_9scales_eval_full,BSD100,x4,ID,27.582600,true
1,seed1_signed_phiz,artifacts/raw_results/seed1/benchmark_signed_phiz.json,LIIF,Seed1 raw key SC-INR is legacy no-phase; SC-INR+PhiZ is final SC-INR.,LIIF,baseline,,artifacts/checkpoints/seed1/liif/epoch-best.pth,benchmark_hr_downsample_4datasets_9scales_eval_full,BSD100,x6,OOD,25.836600,true
1,seed1_signed_phiz,artifacts/raw_results/seed1/benchmark_signed_phiz.json,LIIF,Seed1 raw key SC-INR is legacy no-phase; SC-INR+PhiZ is final SC-INR.,LIIF,baseline,,artifacts/checkpoints/seed1/liif/epoch-best.pth,benchmark_hr_downsample_4datasets_9scales_eval_full,BSD100,x8,OOD,24.790100,true
1,seed1_signed_phiz,artifacts/raw_results/seed1/benchmark_signed_phiz.json,LIIF,Seed1 raw key SC-INR is legacy no-phase; SC-INR+PhiZ is final SC-INR.,LIIF,baseline,,artifacts/checkpoints/seed1/liif/epoch-best.pth,benchmark_hr_downsample_4datasets_9scales_eval_full,BSD100,x12,OOD,23.476900,true
1,seed1_signed_phiz,artifacts/raw_results/seed1/benchmark_signed_phiz.json,LIIF,Seed1 raw key SC-INR is legacy no-phase; SC-INR+PhiZ is final SC-INR.,LIIF,baseline,,artifacts/checkpoints/seed1/liif/epoch-best.pth,benchmark_hr_downsample_4datasets_9scales_eval_full,BSD100,x16,OOD,22.603800,true
1,seed1_signed_phiz,artifacts/raw_results/seed1/benchmark_signed_phiz.json,LIIF,Seed1 raw key SC-INR is legacy no-phase; SC-INR+PhiZ is final SC-INR.,LIIF,baseline,,artifacts/checkpoints/seed1/liif/epoch-best.pth,benchmark_hr_downsample_4datasets_9scales_eval_full,BSD100,x24,OOD,21.379100,true
1,seed1_signed_phiz,artifacts/raw_results/seed1/benchmark_signed_phiz.json,LIIF,Seed1 raw key SC-INR is legacy no-phase; SC-INR+PhiZ is final SC-INR.,LIIF,baseline,,artifacts/checkpoints/seed1/liif/epoch-best.pth,benchmark_hr_downsample_4datasets_9scales_eval_full,BSD100,x30,OOD,20.670400,true
1,seed1_signed_phiz,artifacts/raw_results/seed1/benchmark_signed_phiz.json,LIIF,Seed1 raw key SC-INR is legacy no-phase; SC-INR+PhiZ is final SC-INR.,LIIF,baseline,,artifacts/checkpoints/seed1/liif/epoch-best.pth,benchmark_hr_downsample_4datasets_9scales_eval_full,Urban100,x2,ID,32.005400,true
1,seed1_signed_phiz,artifacts/raw_results/seed1/benchmark_signed_phiz.json,LIIF,Seed1 raw key SC-INR is legacy no-phase; SC-INR+PhiZ is final SC-INR.,LIIF,baseline,,artifacts/checkpoints/seed1/liif/epoch-best.pth,benchmark_hr_downsample_4datasets_9scales_eval_full,Urban100,x3,ID,28.124400,true
1,seed1_signed_phiz,artifacts/raw_results/seed1/benchmark_signed_phiz.json,LIIF,Seed1 raw key SC-INR is legacy no-phase; SC-INR+PhiZ is final SC-INR.,LIIF,baseline,,artifacts/checkpoints/seed1/liif/epoch-best.pth,benchmark_hr_downsample_4datasets_9scales_eval_full,Urban100,x4,ID,26.068400,true
1,seed1_signed_phiz,artifacts/raw_results/seed1/benchmark_signed_phiz.json,LIIF,Seed1 raw key SC-INR is legacy no-phase; SC-INR+PhiZ is final SC-INR.,LIIF,baseline,,artifacts/checkpoints/seed1/liif/epoch-best.pth,benchmark_hr_downsample_4datasets_9scales_eval_full,Urban100,x6,OOD,23.736300,true
1,seed1_signed_phiz,artifacts/raw_results/seed1/benchmark_signed_phiz.json,LIIF,Seed1 raw key SC-INR is legacy no-phase; SC-INR+PhiZ is final SC-INR.,LIIF,baseline,,artifacts/checkpoints/seed1/liif/epoch-best.pth,benchmark_hr_downsample_4datasets_9scales_eval_full,Urban100,x8,OOD,22.425300,true
1,seed1_signed_phiz,artifacts/raw_results/seed1/benchmark_signed_phiz.json,LIIF,Seed1 raw key SC-INR is legacy no-phase; SC-INR+PhiZ is final SC-INR.,LIIF,baseline,,artifacts/checkpoints/seed1/liif/epoch-best.pth,benchmark_hr_downsample_4datasets_9scales_eval_full,Urban100,x12,OOD,20.870100,true
1,seed1_signed_phiz,artifacts/raw_results/seed1/benchmark_signed_phiz.json,LIIF,Seed1 raw key SC-INR is legacy no-phase; SC-INR+PhiZ is final SC-INR.,LIIF,baseline,,artifacts/checkpoints/seed1/liif/epoch-best.pth,benchmark_hr_downsample_4datasets_9scales_eval_full,Urban100,x16,OOD,19.944600,true
1,seed1_signed_phiz,artifacts/raw_results/seed1/benchmark_signed_phiz.json,LIIF,Seed1 raw key SC-INR is legacy no-phase; SC-INR+PhiZ is final SC-INR.,LIIF,baseline,,artifacts/checkpoints/seed1/liif/epoch-best.pth,benchmark_hr_downsample_4datasets_9scales_eval_full,Urban100,x24,OOD,18.826600,true
1,seed1_signed_phiz,artifacts/raw_results/seed1/benchmark_signed_phiz.json,LIIF,Seed1 raw key SC-INR is legacy no-phase; SC-INR+PhiZ is final SC-INR.,LIIF,baseline,,artifacts/checkpoints/seed1/liif/epoch-best.pth,benchmark_hr_downsample_4datasets_9scales_eval_full,Urban100,x30,OOD,18.280400,true
1,seed1_signed_phiz,artifacts/raw_results/seed1/benchmark_signed_phiz.json,LIIF-EQ,Seed1 raw key SC-INR is legacy no-phase; SC-INR+PhiZ is final SC-INR.,LIIF-EQ,orthogonal_baseline,Rot-E baseline; orthogonal to SC-INR decoder-side sampling consistency.,artifacts/checkpoints/seed1/liif-eq/epoch-best.pth,benchmark_hr_downsample_4datasets_9scales_eval_full,Set5,x2,ID,38.021000,true
1,seed1_signed_phiz,artifacts/raw_results/seed1/benchmark_signed_phiz.json,LIIF-EQ,Seed1 raw key SC-INR is legacy no-phase; SC-INR+PhiZ is final SC-INR.,LIIF-EQ,orthogonal_baseline,Rot-E baseline; orthogonal to SC-INR decoder-side sampling consistency.,artifacts/checkpoints/seed1/liif-eq/epoch-best.pth,benchmark_hr_downsample_4datasets_9scales_eval_full,Set5,x3,ID,34.466100,true
1,seed1_signed_phiz,artifacts/raw_results/seed1/benchmark_signed_phiz.json,LIIF-EQ,Seed1 raw key SC-INR is legacy no-phase; SC-INR+PhiZ is final SC-INR.,LIIF-EQ,orthogonal_baseline,Rot-E baseline; orthogonal to SC-INR decoder-side sampling consistency.,artifacts/checkpoints/seed1/liif-eq/epoch-best.pth,benchmark_hr_downsample_4datasets_9scales_eval_full,Set5,x4,ID,32.275100,true
1,seed1_signed_phiz,artifacts/raw_results/seed1/benchmark_signed_phiz.json,LIIF-EQ,Seed1 raw key SC-INR is legacy no-phase; SC-INR+PhiZ is final SC-INR.,LIIF-EQ,orthogonal_baseline,Rot-E baseline; orthogonal to SC-INR decoder-side sampling consistency.,artifacts/checkpoints/seed1/liif-eq/epoch-best.pth,benchmark_hr_downsample_4datasets_9scales_eval_full,Set5,x6,OOD,28.925300,true
1,seed1_signed_phiz,artifacts/raw_results/seed1/benchmark_signed_phiz.json,LIIF-EQ,Seed1 raw key SC-INR is legacy no-phase; SC-INR+PhiZ is final SC-INR.,LIIF-EQ,orthogonal_baseline,Rot-E baseline; orthogonal to SC-INR decoder-side sampling consistency.,artifacts/checkpoints/seed1/liif-eq/epoch-best.pth,benchmark_hr_downsample_4datasets_9scales_eval_full,Set5,x8,OOD,27.007500,true
1,seed1_signed_phiz,artifacts/raw_results/seed1/benchmark_signed_phiz.json,LIIF-EQ,Seed1 raw key SC-INR is legacy no-phase; SC-INR+PhiZ is final SC-INR.,LIIF-EQ,orthogonal_baseline,Rot-E baseline; orthogonal to SC-INR decoder-side sampling consistency.,artifacts/checkpoints/seed1/liif-eq/epoch-best.pth,benchmark_hr_downsample_4datasets_9scales_eval_full,Set5,x12,OOD,24.487800,true
1,seed1_signed_phiz,artifacts/raw_results/seed1/benchmark_signed_phiz.json,LIIF-EQ,Seed1 raw key SC-INR is legacy no-phase; SC-INR+PhiZ is final SC-INR.,LIIF-EQ,orthogonal_baseline,Rot-E baseline; orthogonal to SC-INR decoder-side sampling consistency.,artifacts/checkpoints/seed1/liif-eq/epoch-best.pth,benchmark_hr_downsample_4datasets_9scales_eval_full,Set5,x16,OOD,22.946300,true
1,seed1_signed_phiz,artifacts/raw_results/seed1/benchmark_signed_phiz.json,LIIF-EQ,Seed1 raw key SC-INR is legacy no-phase; SC-INR+PhiZ is final SC-INR.,LIIF-EQ,orthogonal_baseline,Rot-E baseline; orthogonal to SC-INR decoder-side sampling consistency.,artifacts/checkpoints/seed1/liif-eq/epoch-best.pth,benchmark_hr_downsample_4datasets_9scales_eval_full,Set5,x24,OOD,21.425300,true
1,seed1_signed_phiz,artifacts/raw_results/seed1/benchmark_signed_phiz.json,LIIF-EQ,Seed1 raw key SC-INR is legacy no-phase; SC-INR+PhiZ is final SC-INR.,LIIF-EQ,orthogonal_baseline,Rot-E baseline; orthogonal to SC-INR decoder-side sampling consistency.,artifacts/checkpoints/seed1/liif-eq/epoch-best.pth,benchmark_hr_downsample_4datasets_9scales_eval_full,Set5,x30,OOD,20.517200,true
1,seed1_signed_phiz,artifacts/raw_results/seed1/benchmark_signed_phiz.json,LIIF-EQ,Seed1 raw key SC-INR is legacy no-phase; SC-INR+PhiZ is final SC-INR.,LIIF-EQ,orthogonal_baseline,Rot-E baseline; orthogonal to SC-INR decoder-side sampling consistency.,artifacts/checkpoints/seed1/liif-eq/epoch-best.pth,benchmark_hr_downsample_4datasets_9scales_eval_full,Set14,x2,ID,33.675500,true
1,seed1_signed_phiz,artifacts/raw_results/seed1/benchmark_signed_phiz.json,LIIF-EQ,Seed1 raw key SC-INR is legacy no-phase; SC-INR+PhiZ is final SC-INR.,LIIF-EQ,orthogonal_baseline,Rot-E baseline; orthogonal to SC-INR decoder-side sampling consistency.,artifacts/checkpoints/seed1/liif-eq/epoch-best.pth,benchmark_hr_downsample_4datasets_9scales_eval_full,Set14,x3,ID,30.381300,true
1,seed1_signed_phiz,artifacts/raw_results/seed1/benchmark_signed_phiz.json,LIIF-EQ,Seed1 raw key SC-INR is legacy no-phase; SC-INR+PhiZ is final SC-INR.,LIIF-EQ,orthogonal_baseline,Rot-E baseline; orthogonal to SC-INR decoder-side sampling consistency.,artifacts/checkpoints/seed1/liif-eq/epoch-best.pth,benchmark_hr_downsample_4datasets_9scales_eval_full,Set14,x4,ID,28.654800,true
1,seed1_signed_phiz,artifacts/raw_results/seed1/benchmark_signed_phiz.json,LIIF-EQ,Seed1 raw key SC-INR is legacy no-phase; SC-INR+PhiZ is final SC-INR.,LIIF-EQ,orthogonal_baseline,Rot-E baseline; orthogonal to SC-INR decoder-side sampling consistency.,artifacts/checkpoints/seed1/liif-eq/epoch-best.pth,benchmark_hr_downsample_4datasets_9scales_eval_full,Set14,x6,OOD,26.473900,true
1,seed1_signed_phiz,artifacts/raw_results/seed1/benchmark_signed_phiz.json,LIIF-EQ,Seed1 raw key SC-INR is legacy no-phase; SC-INR+PhiZ is final SC-INR.,LIIF-EQ,orthogonal_baseline,Rot-E baseline; orthogonal to SC-INR decoder-side sampling consistency.,artifacts/checkpoints/seed1/liif-eq/epoch-best.pth,benchmark_hr_downsample_4datasets_9scales_eval_full,Set14,x8,OOD,24.966000,true
1,seed1_signed_phiz,artifacts/raw_results/seed1/benchmark_signed_phiz.json,LIIF-EQ,Seed1 raw key SC-INR is legacy no-phase; SC-INR+PhiZ is final SC-INR.,LIIF-EQ,orthogonal_baseline,Rot-E baseline; orthogonal to SC-INR decoder-side sampling consistency.,artifacts/checkpoints/seed1/liif-eq/epoch-best.pth,benchmark_hr_downsample_4datasets_9scales_eval_full,Set14,x12,OOD,23.172800,true
1,seed1_signed_phiz,artifacts/raw_results/seed1/benchmark_signed_phiz.json,LIIF-EQ,Seed1 raw key SC-INR is legacy no-phase; SC-INR+PhiZ is final SC-INR.,LIIF-EQ,orthogonal_baseline,Rot-E baseline; orthogonal to SC-INR decoder-side sampling consistency.,artifacts/checkpoints/seed1/liif-eq/epoch-best.pth,benchmark_hr_downsample_4datasets_9scales_eval_full,Set14,x16,OOD,22.092400,true
1,seed1_signed_phiz,artifacts/raw_results/seed1/benchmark_signed_phiz.json,LIIF-EQ,Seed1 raw key SC-INR is legacy no-phase; SC-INR+PhiZ is final SC-INR.,LIIF-EQ,orthogonal_baseline,Rot-E baseline; orthogonal to SC-INR decoder-side sampling consistency.,artifacts/checkpoints/seed1/liif-eq/epoch-best.pth,benchmark_hr_downsample_4datasets_9scales_eval_full,Set14,x24,OOD,20.665200,true
1,seed1_signed_phiz,artifacts/raw_results/seed1/benchmark_signed_phiz.json,LIIF-EQ,Seed1 raw key SC-INR is legacy no-phase; SC-INR+PhiZ is final SC-INR.,LIIF-EQ,orthogonal_baseline,Rot-E baseline; orthogonal to SC-INR decoder-side sampling consistency.,artifacts/checkpoints/seed1/liif-eq/epoch-best.pth,benchmark_hr_downsample_4datasets_9scales_eval_full,Set14,x30,OOD,19.819000,true
1,seed1_signed_phiz,artifacts/raw_results/seed1/benchmark_signed_phiz.json,LIIF-EQ,Seed1 raw key SC-INR is legacy no-phase; SC-INR+PhiZ is final SC-INR.,LIIF-EQ,orthogonal_baseline,Rot-E baseline; orthogonal to SC-INR decoder-side sampling consistency.,artifacts/checkpoints/seed1/liif-eq/epoch-best.pth,benchmark_hr_downsample_4datasets_9scales_eval_full,BSD100,x2,ID,32.230600,true
1,seed1_signed_phiz,artifacts/raw_results/seed1/benchmark_signed_phiz.json,LIIF-EQ,Seed1 raw key SC-INR is legacy no-phase; SC-INR+PhiZ is final SC-INR.,LIIF-EQ,orthogonal_baseline,Rot-E baseline; orthogonal to SC-INR decoder-side sampling consistency.,artifacts/checkpoints/seed1/liif-eq/epoch-best.pth,benchmark_hr_downsample_4datasets_9scales_eval_full,BSD100,x3,ID,29.148200,true
1,seed1_signed_phiz,artifacts/raw_results/seed1/benchmark_signed_phiz.json,LIIF-EQ,Seed1 raw key SC-INR is legacy no-phase; SC-INR+PhiZ is final SC-INR.,LIIF-EQ,orthogonal_baseline,Rot-E baseline; orthogonal to SC-INR decoder-side sampling consistency.,artifacts/checkpoints/seed1/liif-eq/epoch-best.pth,benchmark_hr_downsample_4datasets_9scales_eval_full,BSD100,x4,ID,27.628200,true
1,seed1_signed_phiz,artifacts/raw_results/seed1/benchmark_signed_phiz.json,LIIF-EQ,Seed1 raw key SC-INR is legacy no-phase; SC-INR+PhiZ is final SC-INR.,LIIF-EQ,orthogonal_baseline,Rot-E baseline; orthogonal to SC-INR decoder-side sampling consistency.,artifacts/checkpoints/seed1/liif-eq/epoch-best.pth,benchmark_hr_downsample_4datasets_9scales_eval_full,BSD100,x6,OOD,25.874400,true
1,seed1_signed_phiz,artifacts/raw_results/seed1/benchmark_signed_phiz.json,LIIF-EQ,Seed1 raw key SC-INR is legacy no-phase; SC-INR+PhiZ is final SC-INR.,LIIF-EQ,orthogonal_baseline,Rot-E baseline; orthogonal to SC-INR decoder-side sampling consistency.,artifacts/checkpoints/seed1/liif-eq/epoch-best.pth,benchmark_hr_downsample_4datasets_9scales_eval_full,BSD100,x8,OOD,24.814600,true
1,seed1_signed_phiz,artifacts/raw_results/seed1/benchmark_signed_phiz.json,LIIF-EQ,Seed1 raw key SC-INR is legacy no-phase; SC-INR+PhiZ is final SC-INR.,LIIF-EQ,orthogonal_baseline,Rot-E baseline; orthogonal to SC-INR decoder-side sampling consistency.,artifacts/checkpoints/seed1/liif-eq/epoch-best.pth,benchmark_hr_downsample_4datasets_9scales_eval_full,BSD100,x12,OOD,23.499500,true
1,seed1_signed_phiz,artifacts/raw_results/seed1/benchmark_signed_phiz.json,LIIF-EQ,Seed1 raw key SC-INR is legacy no-phase; SC-INR+PhiZ is final SC-INR.,LIIF-EQ,orthogonal_baseline,Rot-E baseline; orthogonal to SC-INR decoder-side sampling consistency.,artifacts/checkpoints/seed1/liif-eq/epoch-best.pth,benchmark_hr_downsample_4datasets_9scales_eval_full,BSD100,x16,OOD,22.626800,true
1,seed1_signed_phiz,artifacts/raw_results/seed1/benchmark_signed_phiz.json,LIIF-EQ,Seed1 raw key SC-INR is legacy no-phase; SC-INR+PhiZ is final SC-INR.,LIIF-EQ,orthogonal_baseline,Rot-E baseline; orthogonal to SC-INR decoder-side sampling consistency.,artifacts/checkpoints/seed1/liif-eq/epoch-best.pth,benchmark_hr_downsample_4datasets_9scales_eval_full,BSD100,x24,OOD,21.389900,true
1,seed1_signed_phiz,artifacts/raw_results/seed1/benchmark_signed_phiz.json,LIIF-EQ,Seed1 raw key SC-INR is legacy no-phase; SC-INR+PhiZ is final SC-INR.,LIIF-EQ,orthogonal_baseline,Rot-E baseline; orthogonal to SC-INR decoder-side sampling consistency.,artifacts/checkpoints/seed1/liif-eq/epoch-best.pth,benchmark_hr_downsample_4datasets_9scales_eval_full,BSD100,x30,OOD,20.681800,true
1,seed1_signed_phiz,artifacts/raw_results/seed1/benchmark_signed_phiz.json,LIIF-EQ,Seed1 raw key SC-INR is legacy no-phase; SC-INR+PhiZ is final SC-INR.,LIIF-EQ,orthogonal_baseline,Rot-E baseline; orthogonal to SC-INR decoder-side sampling consistency.,artifacts/checkpoints/seed1/liif-eq/epoch-best.pth,benchmark_hr_downsample_4datasets_9scales_eval_full,Urban100,x2,ID,32.349700,true
1,seed1_signed_phiz,artifacts/raw_results/seed1/benchmark_signed_phiz.json,LIIF-EQ,Seed1 raw key SC-INR is legacy no-phase; SC-INR+PhiZ is final SC-INR.,LIIF-EQ,orthogonal_baseline,Rot-E baseline; orthogonal to SC-INR decoder-side sampling consistency.,artifacts/checkpoints/seed1/liif-eq/epoch-best.pth,benchmark_hr_downsample_4datasets_9scales_eval_full,Urban100,x3,ID,28.355700,true
1,seed1_signed_phiz,artifacts/raw_results/seed1/benchmark_signed_phiz.json,LIIF-EQ,Seed1 raw key SC-INR is legacy no-phase; SC-INR+PhiZ is final SC-INR.,LIIF-EQ,orthogonal_baseline,Rot-E baseline; orthogonal to SC-INR decoder-side sampling consistency.,artifacts/checkpoints/seed1/liif-eq/epoch-best.pth,benchmark_hr_downsample_4datasets_9scales_eval_full,Urban100,x4,ID,26.259400,true
1,seed1_signed_phiz,artifacts/raw_results/seed1/benchmark_signed_phiz.json,LIIF-EQ,Seed1 raw key SC-INR is legacy no-phase; SC-INR+PhiZ is final SC-INR.,LIIF-EQ,orthogonal_baseline,Rot-E baseline; orthogonal to SC-INR decoder-side sampling consistency.,artifacts/checkpoints/seed1/liif-eq/epoch-best.pth,benchmark_hr_downsample_4datasets_9scales_eval_full,Urban100,x6,OOD,23.875200,true
1,seed1_signed_phiz,artifacts/raw_results/seed1/benchmark_signed_phiz.json,LIIF-EQ,Seed1 raw key SC-INR is legacy no-phase; SC-INR+PhiZ is final SC-INR.,LIIF-EQ,orthogonal_baseline,Rot-E baseline; orthogonal to SC-INR decoder-side sampling consistency.,artifacts/checkpoints/seed1/liif-eq/epoch-best.pth,benchmark_hr_downsample_4datasets_9scales_eval_full,Urban100,x8,OOD,22.532200,true
1,seed1_signed_phiz,artifacts/raw_results/seed1/benchmark_signed_phiz.json,LIIF-EQ,Seed1 raw key SC-INR is legacy no-phase; SC-INR+PhiZ is final SC-INR.,LIIF-EQ,orthogonal_baseline,Rot-E baseline; orthogonal to SC-INR decoder-side sampling consistency.,artifacts/checkpoints/seed1/liif-eq/epoch-best.pth,benchmark_hr_downsample_4datasets_9scales_eval_full,Urban100,x12,OOD,20.949500,true
1,seed1_signed_phiz,artifacts/raw_results/seed1/benchmark_signed_phiz.json,LIIF-EQ,Seed1 raw key SC-INR is legacy no-phase; SC-INR+PhiZ is final SC-INR.,LIIF-EQ,orthogonal_baseline,Rot-E baseline; orthogonal to SC-INR decoder-side sampling consistency.,artifacts/checkpoints/seed1/liif-eq/epoch-best.pth,benchmark_hr_downsample_4datasets_9scales_eval_full,Urban100,x16,OOD,20.013000,true
1,seed1_signed_phiz,artifacts/raw_results/seed1/benchmark_signed_phiz.json,LIIF-EQ,Seed1 raw key SC-INR is legacy no-phase; SC-INR+PhiZ is final SC-INR.,LIIF-EQ,orthogonal_baseline,Rot-E baseline; orthogonal to SC-INR decoder-side sampling consistency.,artifacts/checkpoints/seed1/liif-eq/epoch-best.pth,benchmark_hr_downsample_4datasets_9scales_eval_full,Urban100,x24,OOD,18.862000,true
1,seed1_signed_phiz,artifacts/raw_results/seed1/benchmark_signed_phiz.json,LIIF-EQ,Seed1 raw key SC-INR is legacy no-phase; SC-INR+PhiZ is final SC-INR.,LIIF-EQ,orthogonal_baseline,Rot-E baseline; orthogonal to SC-INR decoder-side sampling consistency.,artifacts/checkpoints/seed1/liif-eq/epoch-best.pth,benchmark_hr_downsample_4datasets_9scales_eval_full,Urban100,x30,OOD,18.307600,true
1,seed1_signed_phiz,artifacts/raw_results/seed1/benchmark_signed_phiz.json,LTE,Seed1 raw key SC-INR is legacy no-phase; SC-INR+PhiZ is final SC-INR.,LTE,baseline,,artifacts/checkpoints/seed1/lte/epoch-best.pth,benchmark_hr_downsample_4datasets_9scales_eval_full,Set5,x2,ID,37.954800,true
1,seed1_signed_phiz,artifacts/raw_results/seed1/benchmark_signed_phiz.json,LTE,Seed1 raw key SC-INR is legacy no-phase; SC-INR+PhiZ is final SC-INR.,LTE,baseline,,artifacts/checkpoints/seed1/lte/epoch-best.pth,benchmark_hr_downsample_4datasets_9scales_eval_full,Set5,x3,ID,34.357700,true
1,seed1_signed_phiz,artifacts/raw_results/seed1/benchmark_signed_phiz.json,LTE,Seed1 raw key SC-INR is legacy no-phase; SC-INR+PhiZ is final SC-INR.,LTE,baseline,,artifacts/checkpoints/seed1/lte/epoch-best.pth,benchmark_hr_downsample_4datasets_9scales_eval_full,Set5,x4,ID,32.185100,true
1,seed1_signed_phiz,artifacts/raw_results/seed1/benchmark_signed_phiz.json,LTE,Seed1 raw key SC-INR is legacy no-phase; SC-INR+PhiZ is final SC-INR.,LTE,baseline,,artifacts/checkpoints/seed1/lte/epoch-best.pth,benchmark_hr_downsample_4datasets_9scales_eval_full,Set5,x6,OOD,28.898500,true
1,seed1_signed_phiz,artifacts/raw_results/seed1/benchmark_signed_phiz.json,LTE,Seed1 raw key SC-INR is legacy no-phase; SC-INR+PhiZ is final SC-INR.,LTE,baseline,,artifacts/checkpoints/seed1/lte/epoch-best.pth,benchmark_hr_downsample_4datasets_9scales_eval_full,Set5,x8,OOD,26.904600,true
1,seed1_signed_phiz,artifacts/raw_results/seed1/benchmark_signed_phiz.json,LTE,Seed1 raw key SC-INR is legacy no-phase; SC-INR+PhiZ is final SC-INR.,LTE,baseline,,artifacts/checkpoints/seed1/lte/epoch-best.pth,benchmark_hr_downsample_4datasets_9scales_eval_full,Set5,x12,OOD,24.521500,true
1,seed1_signed_phiz,artifacts/raw_results/seed1/benchmark_signed_phiz.json,LTE,Seed1 raw key SC-INR is legacy no-phase; SC-INR+PhiZ is final SC-INR.,LTE,baseline,,artifacts/checkpoints/seed1/lte/epoch-best.pth,benchmark_hr_downsample_4datasets_9scales_eval_full,Set5,x16,OOD,22.940000,true
1,seed1_signed_phiz,artifacts/raw_results/seed1/benchmark_signed_phiz.json,LTE,Seed1 raw key SC-INR is legacy no-phase; SC-INR+PhiZ is final SC-INR.,LTE,baseline,,artifacts/checkpoints/seed1/lte/epoch-best.pth,benchmark_hr_downsample_4datasets_9scales_eval_full,Set5,x24,OOD,21.308700,true
1,seed1_signed_phiz,artifacts/raw_results/seed1/benchmark_signed_phiz.json,LTE,Seed1 raw key SC-INR is legacy no-phase; SC-INR+PhiZ is final SC-INR.,LTE,baseline,,artifacts/checkpoints/seed1/lte/epoch-best.pth,benchmark_hr_downsample_4datasets_9scales_eval_full,Set5,x30,OOD,20.474500,true
1,seed1_signed_phiz,artifacts/raw_results/seed1/benchmark_signed_phiz.json,LTE,Seed1 raw key SC-INR is legacy no-phase; SC-INR+PhiZ is final SC-INR.,LTE,baseline,,artifacts/checkpoints/seed1/lte/epoch-best.pth,benchmark_hr_downsample_4datasets_9scales_eval_full,Set14,x2,ID,33.650200,true
1,seed1_signed_phiz,artifacts/raw_results/seed1/benchmark_signed_phiz.json,LTE,Seed1 raw key SC-INR is legacy no-phase; SC-INR+PhiZ is final SC-INR.,LTE,baseline,,artifacts/checkpoints/seed1/lte/epoch-best.pth,benchmark_hr_downsample_4datasets_9scales_eval_full,Set14,x3,ID,30.343700,true
1,seed1_signed_phiz,artifacts/raw_results/seed1/benchmark_signed_phiz.json,LTE,Seed1 raw key SC-INR is legacy no-phase; SC-INR+PhiZ is final SC-INR.,LTE,baseline,,artifacts/checkpoints/seed1/lte/epoch-best.pth,benchmark_hr_downsample_4datasets_9scales_eval_full,Set14,x4,ID,28.619700,true
1,seed1_signed_phiz,artifacts/raw_results/seed1/benchmark_signed_phiz.json,LTE,Seed1 raw key SC-INR is legacy no-phase; SC-INR+PhiZ is final SC-INR.,LTE,baseline,,artifacts/checkpoints/seed1/lte/epoch-best.pth,benchmark_hr_downsample_4datasets_9scales_eval_full,Set14,x6,OOD,26.448600,true
1,seed1_signed_phiz,artifacts/raw_results/seed1/benchmark_signed_phiz.json,LTE,Seed1 raw key SC-INR is legacy no-phase; SC-INR+PhiZ is final SC-INR.,LTE,baseline,,artifacts/checkpoints/seed1/lte/epoch-best.pth,benchmark_hr_downsample_4datasets_9scales_eval_full,Set14,x8,OOD,24.913900,true
1,seed1_signed_phiz,artifacts/raw_results/seed1/benchmark_signed_phiz.json,LTE,Seed1 raw key SC-INR is legacy no-phase; SC-INR+PhiZ is final SC-INR.,LTE,baseline,,artifacts/checkpoints/seed1/lte/epoch-best.pth,benchmark_hr_downsample_4datasets_9scales_eval_full,Set14,x12,OOD,23.110800,true
1,seed1_signed_phiz,artifacts/raw_results/seed1/benchmark_signed_phiz.json,LTE,Seed1 raw key SC-INR is legacy no-phase; SC-INR+PhiZ is final SC-INR.,LTE,baseline,,artifacts/checkpoints/seed1/lte/epoch-best.pth,benchmark_hr_downsample_4datasets_9scales_eval_full,Set14,x16,OOD,22.028300,true
1,seed1_signed_phiz,artifacts/raw_results/seed1/benchmark_signed_phiz.json,LTE,Seed1 raw key SC-INR is legacy no-phase; SC-INR+PhiZ is final SC-INR.,LTE,baseline,,artifacts/checkpoints/seed1/lte/epoch-best.pth,benchmark_hr_downsample_4datasets_9scales_eval_full,Set14,x24,OOD,20.551700,true
1,seed1_signed_phiz,artifacts/raw_results/seed1/benchmark_signed_phiz.json,LTE,Seed1 raw key SC-INR is legacy no-phase; SC-INR+PhiZ is final SC-INR.,LTE,baseline,,artifacts/checkpoints/seed1/lte/epoch-best.pth,benchmark_hr_downsample_4datasets_9scales_eval_full,Set14,x30,OOD,19.748100,true
1,seed1_signed_phiz,artifacts/raw_results/seed1/benchmark_signed_phiz.json,LTE,Seed1 raw key SC-INR is legacy no-phase; SC-INR+PhiZ is final SC-INR.,LTE,baseline,,artifacts/checkpoints/seed1/lte/epoch-best.pth,benchmark_hr_downsample_4datasets_9scales_eval_full,BSD100,x2,ID,32.191800,true
1,seed1_signed_phiz,artifacts/raw_results/seed1/benchmark_signed_phiz.json,LTE,Seed1 raw key SC-INR is legacy no-phase; SC-INR+PhiZ is final SC-INR.,LTE,baseline,,artifacts/checkpoints/seed1/lte/epoch-best.pth,benchmark_hr_downsample_4datasets_9scales_eval_full,BSD100,x3,ID,29.118700,true
1,seed1_signed_phiz,artifacts/raw_results/seed1/benchmark_signed_phiz.json,LTE,Seed1 raw key SC-INR is legacy no-phase; SC-INR+PhiZ is final SC-INR.,LTE,baseline,,artifacts/checkpoints/seed1/lte/epoch-best.pth,benchmark_hr_downsample_4datasets_9scales_eval_full,BSD100,x4,ID,27.609900,true
1,seed1_signed_phiz,artifacts/raw_results/seed1/benchmark_signed_phiz.json,LTE,Seed1 raw key SC-INR is legacy no-phase; SC-INR+PhiZ is final SC-INR.,LTE,baseline,,artifacts/checkpoints/seed1/lte/epoch-best.pth,benchmark_hr_downsample_4datasets_9scales_eval_full,BSD100,x6,OOD,25.842200,true
1,seed1_signed_phiz,artifacts/raw_results/seed1/benchmark_signed_phiz.json,LTE,Seed1 raw key SC-INR is legacy no-phase; SC-INR+PhiZ is final SC-INR.,LTE,baseline,,artifacts/checkpoints/seed1/lte/epoch-best.pth,benchmark_hr_downsample_4datasets_9scales_eval_full,BSD100,x8,OOD,24.791300,true
1,seed1_signed_phiz,artifacts/raw_results/seed1/benchmark_signed_phiz.json,LTE,Seed1 raw key SC-INR is legacy no-phase; SC-INR+PhiZ is final SC-INR.,LTE,baseline,,artifacts/checkpoints/seed1/lte/epoch-best.pth,benchmark_hr_downsample_4datasets_9scales_eval_full,BSD100,x12,OOD,23.463900,true
1,seed1_signed_phiz,artifacts/raw_results/seed1/benchmark_signed_phiz.json,LTE,Seed1 raw key SC-INR is legacy no-phase; SC-INR+PhiZ is final SC-INR.,LTE,baseline,,artifacts/checkpoints/seed1/lte/epoch-best.pth,benchmark_hr_downsample_4datasets_9scales_eval_full,BSD100,x16,OOD,22.597800,true
1,seed1_signed_phiz,artifacts/raw_results/seed1/benchmark_signed_phiz.json,LTE,Seed1 raw key SC-INR is legacy no-phase; SC-INR+PhiZ is final SC-INR.,LTE,baseline,,artifacts/checkpoints/seed1/lte/epoch-best.pth,benchmark_hr_downsample_4datasets_9scales_eval_full,BSD100,x24,OOD,21.356500,true
1,seed1_signed_phiz,artifacts/raw_results/seed1/benchmark_signed_phiz.json,LTE,Seed1 raw key SC-INR is legacy no-phase; SC-INR+PhiZ is final SC-INR.,LTE,baseline,,artifacts/checkpoints/seed1/lte/epoch-best.pth,benchmark_hr_downsample_4datasets_9scales_eval_full,BSD100,x30,OOD,20.631300,true
1,seed1_signed_phiz,artifacts/raw_results/seed1/benchmark_signed_phiz.json,LTE,Seed1 raw key SC-INR is legacy no-phase; SC-INR+PhiZ is final SC-INR.,LTE,baseline,,artifacts/checkpoints/seed1/lte/epoch-best.pth,benchmark_hr_downsample_4datasets_9scales_eval_full,Urban100,x2,ID,32.156300,true
1,seed1_signed_phiz,artifacts/raw_results/seed1/benchmark_signed_phiz.json,LTE,Seed1 raw key SC-INR is legacy no-phase; SC-INR+PhiZ is final SC-INR.,LTE,baseline,,artifacts/checkpoints/seed1/lte/epoch-best.pth,benchmark_hr_downsample_4datasets_9scales_eval_full,Urban100,x3,ID,28.201000,true
1,seed1_signed_phiz,artifacts/raw_results/seed1/benchmark_signed_phiz.json,LTE,Seed1 raw key SC-INR is legacy no-phase; SC-INR+PhiZ is final SC-INR.,LTE,baseline,,artifacts/checkpoints/seed1/lte/epoch-best.pth,benchmark_hr_downsample_4datasets_9scales_eval_full,Urban100,x4,ID,26.150500,true
1,seed1_signed_phiz,artifacts/raw_results/seed1/benchmark_signed_phiz.json,LTE,Seed1 raw key SC-INR is legacy no-phase; SC-INR+PhiZ is final SC-INR.,LTE,baseline,,artifacts/checkpoints/seed1/lte/epoch-best.pth,benchmark_hr_downsample_4datasets_9scales_eval_full,Urban100,x6,OOD,23.791700,true
1,seed1_signed_phiz,artifacts/raw_results/seed1/benchmark_signed_phiz.json,LTE,Seed1 raw key SC-INR is legacy no-phase; SC-INR+PhiZ is final SC-INR.,LTE,baseline,,artifacts/checkpoints/seed1/lte/epoch-best.pth,benchmark_hr_downsample_4datasets_9scales_eval_full,Urban100,x8,OOD,22.451000,true
1,seed1_signed_phiz,artifacts/raw_results/seed1/benchmark_signed_phiz.json,LTE,Seed1 raw key SC-INR is legacy no-phase; SC-INR+PhiZ is final SC-INR.,LTE,baseline,,artifacts/checkpoints/seed1/lte/epoch-best.pth,benchmark_hr_downsample_4datasets_9scales_eval_full,Urban100,x12,OOD,20.862500,true
1,seed1_signed_phiz,artifacts/raw_results/seed1/benchmark_signed_phiz.json,LTE,Seed1 raw key SC-INR is legacy no-phase; SC-INR+PhiZ is final SC-INR.,LTE,baseline,,artifacts/checkpoints/seed1/lte/epoch-best.pth,benchmark_hr_downsample_4datasets_9scales_eval_full,Urban100,x16,OOD,19.923700,true
1,seed1_signed_phiz,artifacts/raw_results/seed1/benchmark_signed_phiz.json,LTE,Seed1 raw key SC-INR is legacy no-phase; SC-INR+PhiZ is final SC-INR.,LTE,baseline,,artifacts/checkpoints/seed1/lte/epoch-best.pth,benchmark_hr_downsample_4datasets_9scales_eval_full,Urban100,x24,OOD,18.795400,true
1,seed1_signed_phiz,artifacts/raw_results/seed1/benchmark_signed_phiz.json,LTE,Seed1 raw key SC-INR is legacy no-phase; SC-INR+PhiZ is final SC-INR.,LTE,baseline,,artifacts/checkpoints/seed1/lte/epoch-best.pth,benchmark_hr_downsample_4datasets_9scales_eval_full,Urban100,x30,OOD,18.244000,true
1,seed1_signed_phiz,artifacts/raw_results/seed1/benchmark_signed_phiz.json,LTE-EQ,Seed1 raw key SC-INR is legacy no-phase; SC-INR+PhiZ is final SC-INR.,LTE-EQ,orthogonal_baseline,Rot-E baseline; not a direct replacement for SC-INR.,artifacts/checkpoints/seed1/lte-eq/epoch-best.pth,benchmark_hr_downsample_4datasets_9scales_eval_full,Set5,x2,ID,37.974500,true
1,seed1_signed_phiz,artifacts/raw_results/seed1/benchmark_signed_phiz.json,LTE-EQ,Seed1 raw key SC-INR is legacy no-phase; SC-INR+PhiZ is final SC-INR.,LTE-EQ,orthogonal_baseline,Rot-E baseline; not a direct replacement for SC-INR.,artifacts/checkpoints/seed1/lte-eq/epoch-best.pth,benchmark_hr_downsample_4datasets_9scales_eval_full,Set5,x3,ID,34.398500,true
1,seed1_signed_phiz,artifacts/raw_results/seed1/benchmark_signed_phiz.json,LTE-EQ,Seed1 raw key SC-INR is legacy no-phase; SC-INR+PhiZ is final SC-INR.,LTE-EQ,orthogonal_baseline,Rot-E baseline; not a direct replacement for SC-INR.,artifacts/checkpoints/seed1/lte-eq/epoch-best.pth,benchmark_hr_downsample_4datasets_9scales_eval_full,Set5,x4,ID,32.194200,true
1,seed1_signed_phiz,artifacts/raw_results/seed1/benchmark_signed_phiz.json,LTE-EQ,Seed1 raw key SC-INR is legacy no-phase; SC-INR+PhiZ is final SC-INR.,LTE-EQ,orthogonal_baseline,Rot-E baseline; not a direct replacement for SC-INR.,artifacts/checkpoints/seed1/lte-eq/epoch-best.pth,benchmark_hr_downsample_4datasets_9scales_eval_full,Set5,x6,OOD,28.913400,true
1,seed1_signed_phiz,artifacts/raw_results/seed1/benchmark_signed_phiz.json,LTE-EQ,Seed1 raw key SC-INR is legacy no-phase; SC-INR+PhiZ is final SC-INR.,LTE-EQ,orthogonal_baseline,Rot-E baseline; not a direct replacement for SC-INR.,artifacts/checkpoints/seed1/lte-eq/epoch-best.pth,benchmark_hr_downsample_4datasets_9scales_eval_full,Set5,x8,OOD,26.970500,true
1,seed1_signed_phiz,artifacts/raw_results/seed1/benchmark_signed_phiz.json,LTE-EQ,Seed1 raw key SC-INR is legacy no-phase; SC-INR+PhiZ is final SC-INR.,LTE-EQ,orthogonal_baseline,Rot-E baseline; not a direct replacement for SC-INR.,artifacts/checkpoints/seed1/lte-eq/epoch-best.pth,benchmark_hr_downsample_4datasets_9scales_eval_full,Set5,x12,OOD,24.532700,true
1,seed1_signed_phiz,artifacts/raw_results/seed1/benchmark_signed_phiz.json,LTE-EQ,Seed1 raw key SC-INR is legacy no-phase; SC-INR+PhiZ is final SC-INR.,LTE-EQ,orthogonal_baseline,Rot-E baseline; not a direct replacement for SC-INR.,artifacts/checkpoints/seed1/lte-eq/epoch-best.pth,benchmark_hr_downsample_4datasets_9scales_eval_full,Set5,x16,OOD,22.888700,true
1,seed1_signed_phiz,artifacts/raw_results/seed1/benchmark_signed_phiz.json,LTE-EQ,Seed1 raw key SC-INR is legacy no-phase; SC-INR+PhiZ is final SC-INR.,LTE-EQ,orthogonal_baseline,Rot-E baseline; not a direct replacement for SC-INR.,artifacts/checkpoints/seed1/lte-eq/epoch-best.pth,benchmark_hr_downsample_4datasets_9scales_eval_full,Set5,x24,OOD,21.297400,true
1,seed1_signed_phiz,artifacts/raw_results/seed1/benchmark_signed_phiz.json,LTE-EQ,Seed1 raw key SC-INR is legacy no-phase; SC-INR+PhiZ is final SC-INR.,LTE-EQ,orthogonal_baseline,Rot-E baseline; not a direct replacement for SC-INR.,artifacts/checkpoints/seed1/lte-eq/epoch-best.pth,benchmark_hr_downsample_4datasets_9scales_eval_full,Set5,x30,OOD,20.487500,true
1,seed1_signed_phiz,artifacts/raw_results/seed1/benchmark_signed_phiz.json,LTE-EQ,Seed1 raw key SC-INR is legacy no-phase; SC-INR+PhiZ is final SC-INR.,LTE-EQ,orthogonal_baseline,Rot-E baseline; not a direct replacement for SC-INR.,artifacts/checkpoints/seed1/lte-eq/epoch-best.pth,benchmark_hr_downsample_4datasets_9scales_eval_full,Set14,x2,ID,33.698800,true
1,seed1_signed_phiz,artifacts/raw_results/seed1/benchmark_signed_phiz.json,LTE-EQ,Seed1 raw key SC-INR is legacy no-phase; SC-INR+PhiZ is final SC-INR.,LTE-EQ,orthogonal_baseline,Rot-E baseline; not a direct replacement for SC-INR.,artifacts/checkpoints/seed1/lte-eq/epoch-best.pth,benchmark_hr_downsample_4datasets_9scales_eval_full,Set14,x3,ID,30.358400,true
1,seed1_signed_phiz,artifacts/raw_results/seed1/benchmark_signed_phiz.json,LTE-EQ,Seed1 raw key SC-INR is legacy no-phase; SC-INR+PhiZ is final SC-INR.,LTE-EQ,orthogonal_baseline,Rot-E baseline; not a direct replacement for SC-INR.,artifacts/checkpoints/seed1/lte-eq/epoch-best.pth,benchmark_hr_downsample_4datasets_9scales_eval_full,Set14,x4,ID,28.643700,true
1,seed1_signed_phiz,artifacts/raw_results/seed1/benchmark_signed_phiz.json,LTE-EQ,Seed1 raw key SC-INR is legacy no-phase; SC-INR+PhiZ is final SC-INR.,LTE-EQ,orthogonal_baseline,Rot-E baseline; not a direct replacement for SC-INR.,artifacts/checkpoints/seed1/lte-eq/epoch-best.pth,benchmark_hr_downsample_4datasets_9scales_eval_full,Set14,x6,OOD,26.459100,true
1,seed1_signed_phiz,artifacts/raw_results/seed1/benchmark_signed_phiz.json,LTE-EQ,Seed1 raw key SC-INR is legacy no-phase; SC-INR+PhiZ is final SC-INR.,LTE-EQ,orthogonal_baseline,Rot-E baseline; not a direct replacement for SC-INR.,artifacts/checkpoints/seed1/lte-eq/epoch-best.pth,benchmark_hr_downsample_4datasets_9scales_eval_full,Set14,x8,OOD,24.928900,true
1,seed1_signed_phiz,artifacts/raw_results/seed1/benchmark_signed_phiz.json,LTE-EQ,Seed1 raw key SC-INR is legacy no-phase; SC-INR+PhiZ is final SC-INR.,LTE-EQ,orthogonal_baseline,Rot-E baseline; not a direct replacement for SC-INR.,artifacts/checkpoints/seed1/lte-eq/epoch-best.pth,benchmark_hr_downsample_4datasets_9scales_eval_full,Set14,x12,OOD,23.160500,true
1,seed1_signed_phiz,artifacts/raw_results/seed1/benchmark_signed_phiz.json,LTE-EQ,Seed1 raw key SC-INR is legacy no-phase; SC-INR+PhiZ is final SC-INR.,LTE-EQ,orthogonal_baseline,Rot-E baseline; not a direct replacement for SC-INR.,artifacts/checkpoints/seed1/lte-eq/epoch-best.pth,benchmark_hr_downsample_4datasets_9scales_eval_full,Set14,x16,OOD,22.065700,true
1,seed1_signed_phiz,artifacts/raw_results/seed1/benchmark_signed_phiz.json,LTE-EQ,Seed1 raw key SC-INR is legacy no-phase; SC-INR+PhiZ is final SC-INR.,LTE-EQ,orthogonal_baseline,Rot-E baseline; not a direct replacement for SC-INR.,artifacts/checkpoints/seed1/lte-eq/epoch-best.pth,benchmark_hr_downsample_4datasets_9scales_eval_full,Set14,x24,OOD,20.556000,true
1,seed1_signed_phiz,artifacts/raw_results/seed1/benchmark_signed_phiz.json,LTE-EQ,Seed1 raw key SC-INR is legacy no-phase; SC-INR+PhiZ is final SC-INR.,LTE-EQ,orthogonal_baseline,Rot-E baseline; not a direct replacement for SC-INR.,artifacts/checkpoints/seed1/lte-eq/epoch-best.pth,benchmark_hr_downsample_4datasets_9scales_eval_full,Set14,x30,OOD,19.752600,true
1,seed1_signed_phiz,artifacts/raw_results/seed1/benchmark_signed_phiz.json,LTE-EQ,Seed1 raw key SC-INR is legacy no-phase; SC-INR+PhiZ is final SC-INR.,LTE-EQ,orthogonal_baseline,Rot-E baseline; not a direct replacement for SC-INR.,artifacts/checkpoints/seed1/lte-eq/epoch-best.pth,benchmark_hr_downsample_4datasets_9scales_eval_full,BSD100,x2,ID,32.209900,true
1,seed1_signed_phiz,artifacts/raw_results/seed1/benchmark_signed_phiz.json,LTE-EQ,Seed1 raw key SC-INR is legacy no-phase; SC-INR+PhiZ is final SC-INR.,LTE-EQ,orthogonal_baseline,Rot-E baseline; not a direct replacement for SC-INR.,artifacts/checkpoints/seed1/lte-eq/epoch-best.pth,benchmark_hr_downsample_4datasets_9scales_eval_full,BSD100,x3,ID,29.129200,true
1,seed1_signed_phiz,artifacts/raw_results/seed1/benchmark_signed_phiz.json,LTE-EQ,Seed1 raw key SC-INR is legacy no-phase; SC-INR+PhiZ is final SC-INR.,LTE-EQ,orthogonal_baseline,Rot-E baseline; not a direct replacement for SC-INR.,artifacts/checkpoints/seed1/lte-eq/epoch-best.pth,benchmark_hr_downsample_4datasets_9scales_eval_full,BSD100,x4,ID,27.613500,true
1,seed1_signed_phiz,artifacts/raw_results/seed1/benchmark_signed_phiz.json,LTE-EQ,Seed1 raw key SC-INR is legacy no-phase; SC-INR+PhiZ is final SC-INR.,LTE-EQ,orthogonal_baseline,Rot-E baseline; not a direct replacement for SC-INR.,artifacts/checkpoints/seed1/lte-eq/epoch-best.pth,benchmark_hr_downsample_4datasets_9scales_eval_full,BSD100,x6,OOD,25.849400,true
1,seed1_signed_phiz,artifacts/raw_results/seed1/benchmark_signed_phiz.json,LTE-EQ,Seed1 raw key SC-INR is legacy no-phase; SC-INR+PhiZ is final SC-INR.,LTE-EQ,orthogonal_baseline,Rot-E baseline; not a direct replacement for SC-INR.,artifacts/checkpoints/seed1/lte-eq/epoch-best.pth,benchmark_hr_downsample_4datasets_9scales_eval_full,BSD100,x8,OOD,24.787300,true
1,seed1_signed_phiz,artifacts/raw_results/seed1/benchmark_signed_phiz.json,LTE-EQ,Seed1 raw key SC-INR is legacy no-phase; SC-INR+PhiZ is final SC-INR.,LTE-EQ,orthogonal_baseline,Rot-E baseline; not a direct replacement for SC-INR.,artifacts/checkpoints/seed1/lte-eq/epoch-best.pth,benchmark_hr_downsample_4datasets_9scales_eval_full,BSD100,x12,OOD,23.464700,true
1,seed1_signed_phiz,artifacts/raw_results/seed1/benchmark_signed_phiz.json,LTE-EQ,Seed1 raw key SC-INR is legacy no-phase; SC-INR+PhiZ is final SC-INR.,LTE-EQ,orthogonal_baseline,Rot-E baseline; not a direct replacement for SC-INR.,artifacts/checkpoints/seed1/lte-eq/epoch-best.pth,benchmark_hr_downsample_4datasets_9scales_eval_full,BSD100,x16,OOD,22.591700,true
1,seed1_signed_phiz,artifacts/raw_results/seed1/benchmark_signed_phiz.json,LTE-EQ,Seed1 raw key SC-INR is legacy no-phase; SC-INR+PhiZ is final SC-INR.,LTE-EQ,orthogonal_baseline,Rot-E baseline; not a direct replacement for SC-INR.,artifacts/checkpoints/seed1/lte-eq/epoch-best.pth,benchmark_hr_downsample_4datasets_9scales_eval_full,BSD100,x24,OOD,21.354700,true
1,seed1_signed_phiz,artifacts/raw_results/seed1/benchmark_signed_phiz.json,LTE-EQ,Seed1 raw key SC-INR is legacy no-phase; SC-INR+PhiZ is final SC-INR.,LTE-EQ,orthogonal_baseline,Rot-E baseline; not a direct replacement for SC-INR.,artifacts/checkpoints/seed1/lte-eq/epoch-best.pth,benchmark_hr_downsample_4datasets_9scales_eval_full,BSD100,x30,OOD,20.655200,true
1,seed1_signed_phiz,artifacts/raw_results/seed1/benchmark_signed_phiz.json,LTE-EQ,Seed1 raw key SC-INR is legacy no-phase; SC-INR+PhiZ is final SC-INR.,LTE-EQ,orthogonal_baseline,Rot-E baseline; not a direct replacement for SC-INR.,artifacts/checkpoints/seed1/lte-eq/epoch-best.pth,benchmark_hr_downsample_4datasets_9scales_eval_full,Urban100,x2,ID,32.206300,true
1,seed1_signed_phiz,artifacts/raw_results/seed1/benchmark_signed_phiz.json,LTE-EQ,Seed1 raw key SC-INR is legacy no-phase; SC-INR+PhiZ is final SC-INR.,LTE-EQ,orthogonal_baseline,Rot-E baseline; not a direct replacement for SC-INR.,artifacts/checkpoints/seed1/lte-eq/epoch-best.pth,benchmark_hr_downsample_4datasets_9scales_eval_full,Urban100,x3,ID,28.218700,true
1,seed1_signed_phiz,artifacts/raw_results/seed1/benchmark_signed_phiz.json,LTE-EQ,Seed1 raw key SC-INR is legacy no-phase; SC-INR+PhiZ is final SC-INR.,LTE-EQ,orthogonal_baseline,Rot-E baseline; not a direct replacement for SC-INR.,artifacts/checkpoints/seed1/lte-eq/epoch-best.pth,benchmark_hr_downsample_4datasets_9scales_eval_full,Urban100,x4,ID,26.161100,true
1,seed1_signed_phiz,artifacts/raw_results/seed1/benchmark_signed_phiz.json,LTE-EQ,Seed1 raw key SC-INR is legacy no-phase; SC-INR+PhiZ is final SC-INR.,LTE-EQ,orthogonal_baseline,Rot-E baseline; not a direct replacement for SC-INR.,artifacts/checkpoints/seed1/lte-eq/epoch-best.pth,benchmark_hr_downsample_4datasets_9scales_eval_full,Urban100,x6,OOD,23.783900,true
1,seed1_signed_phiz,artifacts/raw_results/seed1/benchmark_signed_phiz.json,LTE-EQ,Seed1 raw key SC-INR is legacy no-phase; SC-INR+PhiZ is final SC-INR.,LTE-EQ,orthogonal_baseline,Rot-E baseline; not a direct replacement for SC-INR.,artifacts/checkpoints/seed1/lte-eq/epoch-best.pth,benchmark_hr_downsample_4datasets_9scales_eval_full,Urban100,x8,OOD,22.437300,true
1,seed1_signed_phiz,artifacts/raw_results/seed1/benchmark_signed_phiz.json,LTE-EQ,Seed1 raw key SC-INR is legacy no-phase; SC-INR+PhiZ is final SC-INR.,LTE-EQ,orthogonal_baseline,Rot-E baseline; not a direct replacement for SC-INR.,artifacts/checkpoints/seed1/lte-eq/epoch-best.pth,benchmark_hr_downsample_4datasets_9scales_eval_full,Urban100,x12,OOD,20.890700,true
1,seed1_signed_phiz,artifacts/raw_results/seed1/benchmark_signed_phiz.json,LTE-EQ,Seed1 raw key SC-INR is legacy no-phase; SC-INR+PhiZ is final SC-INR.,LTE-EQ,orthogonal_baseline,Rot-E baseline; not a direct replacement for SC-INR.,artifacts/checkpoints/seed1/lte-eq/epoch-best.pth,benchmark_hr_downsample_4datasets_9scales_eval_full,Urban100,x16,OOD,19.945400,true
1,seed1_signed_phiz,artifacts/raw_results/seed1/benchmark_signed_phiz.json,LTE-EQ,Seed1 raw key SC-INR is legacy no-phase; SC-INR+PhiZ is final SC-INR.,LTE-EQ,orthogonal_baseline,Rot-E baseline; not a direct replacement for SC-INR.,artifacts/checkpoints/seed1/lte-eq/epoch-best.pth,benchmark_hr_downsample_4datasets_9scales_eval_full,Urban100,x24,OOD,18.824000,true
1,seed1_signed_phiz,artifacts/raw_results/seed1/benchmark_signed_phiz.json,LTE-EQ,Seed1 raw key SC-INR is legacy no-phase; SC-INR+PhiZ is final SC-INR.,LTE-EQ,orthogonal_baseline,Rot-E baseline; not a direct replacement for SC-INR.,artifacts/checkpoints/seed1/lte-eq/epoch-best.pth,benchmark_hr_downsample_4datasets_9scales_eval_full,Urban100,x30,OOD,18.274400,true
1,seed1_signed_phiz,artifacts/raw_results/seed1/benchmark_signed_phiz.json,LTE-NoCell,Seed1 raw key SC-INR is legacy no-phase; SC-INR+PhiZ is final SC-INR.,LTE-NoCellPhase,diagnostic,remove LTE learned phase(cell),artifacts/checkpoints/seed1/lte-nocellphase/epoch-best.pth,benchmark_hr_downsample_4datasets_9scales_eval_full,Set5,x2,ID,37.819500,true
1,seed1_signed_phiz,artifacts/raw_results/seed1/benchmark_signed_phiz.json,LTE-NoCell,Seed1 raw key SC-INR is legacy no-phase; SC-INR+PhiZ is final SC-INR.,LTE-NoCellPhase,diagnostic,remove LTE learned phase(cell),artifacts/checkpoints/seed1/lte-nocellphase/epoch-best.pth,benchmark_hr_downsample_4datasets_9scales_eval_full,Set5,x3,ID,34.061300,true
1,seed1_signed_phiz,artifacts/raw_results/seed1/benchmark_signed_phiz.json,LTE-NoCell,Seed1 raw key SC-INR is legacy no-phase; SC-INR+PhiZ is final SC-INR.,LTE-NoCellPhase,diagnostic,remove LTE learned phase(cell),artifacts/checkpoints/seed1/lte-nocellphase/epoch-best.pth,benchmark_hr_downsample_4datasets_9scales_eval_full,Set5,x4,ID,31.956300,true
1,seed1_signed_phiz,artifacts/raw_results/seed1/benchmark_signed_phiz.json,LTE-NoCell,Seed1 raw key SC-INR is legacy no-phase; SC-INR+PhiZ is final SC-INR.,LTE-NoCellPhase,diagnostic,remove LTE learned phase(cell),artifacts/checkpoints/seed1/lte-nocellphase/epoch-best.pth,benchmark_hr_downsample_4datasets_9scales_eval_full,Set5,x6,OOD,28.576300,true
1,seed1_signed_phiz,artifacts/raw_results/seed1/benchmark_signed_phiz.json,LTE-NoCell,Seed1 raw key SC-INR is legacy no-phase; SC-INR+PhiZ is final SC-INR.,LTE-NoCellPhase,diagnostic,remove LTE learned phase(cell),artifacts/checkpoints/seed1/lte-nocellphase/epoch-best.pth,benchmark_hr_downsample_4datasets_9scales_eval_full,Set5,x8,OOD,26.756000,true
1,seed1_signed_phiz,artifacts/raw_results/seed1/benchmark_signed_phiz.json,LTE-NoCell,Seed1 raw key SC-INR is legacy no-phase; SC-INR+PhiZ is final SC-INR.,LTE-NoCellPhase,diagnostic,remove LTE learned phase(cell),artifacts/checkpoints/seed1/lte-nocellphase/epoch-best.pth,benchmark_hr_downsample_4datasets_9scales_eval_full,Set5,x12,OOD,24.518800,true
1,seed1_signed_phiz,artifacts/raw_results/seed1/benchmark_signed_phiz.json,LTE-NoCell,Seed1 raw key SC-INR is legacy no-phase; SC-INR+PhiZ is final SC-INR.,LTE-NoCellPhase,diagnostic,remove LTE learned phase(cell),artifacts/checkpoints/seed1/lte-nocellphase/epoch-best.pth,benchmark_hr_downsample_4datasets_9scales_eval_full,Set5,x16,OOD,22.927200,true
1,seed1_signed_phiz,artifacts/raw_results/seed1/benchmark_signed_phiz.json,LTE-NoCell,Seed1 raw key SC-INR is legacy no-phase; SC-INR+PhiZ is final SC-INR.,LTE-NoCellPhase,diagnostic,remove LTE learned phase(cell),artifacts/checkpoints/seed1/lte-nocellphase/epoch-best.pth,benchmark_hr_downsample_4datasets_9scales_eval_full,Set5,x24,OOD,21.359400,true
1,seed1_signed_phiz,artifacts/raw_results/seed1/benchmark_signed_phiz.json,LTE-NoCell,Seed1 raw key SC-INR is legacy no-phase; SC-INR+PhiZ is final SC-INR.,LTE-NoCellPhase,diagnostic,remove LTE learned phase(cell),artifacts/checkpoints/seed1/lte-nocellphase/epoch-best.pth,benchmark_hr_downsample_4datasets_9scales_eval_full,Set5,x30,OOD,20.503200,true
1,seed1_signed_phiz,artifacts/raw_results/seed1/benchmark_signed_phiz.json,LTE-NoCell,Seed1 raw key SC-INR is legacy no-phase; SC-INR+PhiZ is final SC-INR.,LTE-NoCellPhase,diagnostic,remove LTE learned phase(cell),artifacts/checkpoints/seed1/lte-nocellphase/epoch-best.pth,benchmark_hr_downsample_4datasets_9scales_eval_full,Set14,x2,ID,33.499700,true
1,seed1_signed_phiz,artifacts/raw_results/seed1/benchmark_signed_phiz.json,LTE-NoCell,Seed1 raw key SC-INR is legacy no-phase; SC-INR+PhiZ is final SC-INR.,LTE-NoCellPhase,diagnostic,remove LTE learned phase(cell),artifacts/checkpoints/seed1/lte-nocellphase/epoch-best.pth,benchmark_hr_downsample_4datasets_9scales_eval_full,Set14,x3,ID,30.217900,true
1,seed1_signed_phiz,artifacts/raw_results/seed1/benchmark_signed_phiz.json,LTE-NoCell,Seed1 raw key SC-INR is legacy no-phase; SC-INR+PhiZ is final SC-INR.,LTE-NoCellPhase,diagnostic,remove LTE learned phase(cell),artifacts/checkpoints/seed1/lte-nocellphase/epoch-best.pth,benchmark_hr_downsample_4datasets_9scales_eval_full,Set14,x4,ID,28.534600,true
1,seed1_signed_phiz,artifacts/raw_results/seed1/benchmark_signed_phiz.json,LTE-NoCell,Seed1 raw key SC-INR is legacy no-phase; SC-INR+PhiZ is final SC-INR.,LTE-NoCellPhase,diagnostic,remove LTE learned phase(cell),artifacts/checkpoints/seed1/lte-nocellphase/epoch-best.pth,benchmark_hr_downsample_4datasets_9scales_eval_full,Set14,x6,OOD,26.287900,true
1,seed1_signed_phiz,artifacts/raw_results/seed1/benchmark_signed_phiz.json,LTE-NoCell,Seed1 raw key SC-INR is legacy no-phase; SC-INR+PhiZ is final SC-INR.,LTE-NoCellPhase,diagnostic,remove LTE learned phase(cell),artifacts/checkpoints/seed1/lte-nocellphase/epoch-best.pth,benchmark_hr_downsample_4datasets_9scales_eval_full,Set14,x8,OOD,24.847000,true
1,seed1_signed_phiz,artifacts/raw_results/seed1/benchmark_signed_phiz.json,LTE-NoCell,Seed1 raw key SC-INR is legacy no-phase; SC-INR+PhiZ is final SC-INR.,LTE-NoCellPhase,diagnostic,remove LTE learned phase(cell),artifacts/checkpoints/seed1/lte-nocellphase/epoch-best.pth,benchmark_hr_downsample_4datasets_9scales_eval_full,Set14,x12,OOD,23.129300,true
1,seed1_signed_phiz,artifacts/raw_results/seed1/benchmark_signed_phiz.json,LTE-NoCell,Seed1 raw key SC-INR is legacy no-phase; SC-INR+PhiZ is final SC-INR.,LTE-NoCellPhase,diagnostic,remove LTE learned phase(cell),artifacts/checkpoints/seed1/lte-nocellphase/epoch-best.pth,benchmark_hr_downsample_4datasets_9scales_eval_full,Set14,x16,OOD,22.084200,true
1,seed1_signed_phiz,artifacts/raw_results/seed1/benchmark_signed_phiz.json,LTE-NoCell,Seed1 raw key SC-INR is legacy no-phase; SC-INR+PhiZ is final SC-INR.,LTE-NoCellPhase,diagnostic,remove LTE learned phase(cell),artifacts/checkpoints/seed1/lte-nocellphase/epoch-best.pth,benchmark_hr_downsample_4datasets_9scales_eval_full,Set14,x24,OOD,20.602000,true
1,seed1_signed_phiz,artifacts/raw_results/seed1/benchmark_signed_phiz.json,LTE-NoCell,Seed1 raw key SC-INR is legacy no-phase; SC-INR+PhiZ is final SC-INR.,LTE-NoCellPhase,diagnostic,remove LTE learned phase(cell),artifacts/checkpoints/seed1/lte-nocellphase/epoch-best.pth,benchmark_hr_downsample_4datasets_9scales_eval_full,Set14,x30,OOD,19.812200,true
1,seed1_signed_phiz,artifacts/raw_results/seed1/benchmark_signed_phiz.json,LTE-NoCell,Seed1 raw key SC-INR is legacy no-phase; SC-INR+PhiZ is final SC-INR.,LTE-NoCellPhase,diagnostic,remove LTE learned phase(cell),artifacts/checkpoints/seed1/lte-nocellphase/epoch-best.pth,benchmark_hr_downsample_4datasets_9scales_eval_full,BSD100,x2,ID,32.027700,true
1,seed1_signed_phiz,artifacts/raw_results/seed1/benchmark_signed_phiz.json,LTE-NoCell,Seed1 raw key SC-INR is legacy no-phase; SC-INR+PhiZ is final SC-INR.,LTE-NoCellPhase,diagnostic,remove LTE learned phase(cell),artifacts/checkpoints/seed1/lte-nocellphase/epoch-best.pth,benchmark_hr_downsample_4datasets_9scales_eval_full,BSD100,x3,ID,28.914300,true
1,seed1_signed_phiz,artifacts/raw_results/seed1/benchmark_signed_phiz.json,LTE-NoCell,Seed1 raw key SC-INR is legacy no-phase; SC-INR+PhiZ is final SC-INR.,LTE-NoCellPhase,diagnostic,remove LTE learned phase(cell),artifacts/checkpoints/seed1/lte-nocellphase/epoch-best.pth,benchmark_hr_downsample_4datasets_9scales_eval_full,BSD100,x4,ID,27.513100,true
1,seed1_signed_phiz,artifacts/raw_results/seed1/benchmark_signed_phiz.json,LTE-NoCell,Seed1 raw key SC-INR is legacy no-phase; SC-INR+PhiZ is final SC-INR.,LTE-NoCellPhase,diagnostic,remove LTE learned phase(cell),artifacts/checkpoints/seed1/lte-nocellphase/epoch-best.pth,benchmark_hr_downsample_4datasets_9scales_eval_full,BSD100,x6,OOD,25.784400,true
1,seed1_signed_phiz,artifacts/raw_results/seed1/benchmark_signed_phiz.json,LTE-NoCell,Seed1 raw key SC-INR is legacy no-phase; SC-INR+PhiZ is final SC-INR.,LTE-NoCellPhase,diagnostic,remove LTE learned phase(cell),artifacts/checkpoints/seed1/lte-nocellphase/epoch-best.pth,benchmark_hr_downsample_4datasets_9scales_eval_full,BSD100,x8,OOD,24.746300,true
1,seed1_signed_phiz,artifacts/raw_results/seed1/benchmark_signed_phiz.json,LTE-NoCell,Seed1 raw key SC-INR is legacy no-phase; SC-INR+PhiZ is final SC-INR.,LTE-NoCellPhase,diagnostic,remove LTE learned phase(cell),artifacts/checkpoints/seed1/lte-nocellphase/epoch-best.pth,benchmark_hr_downsample_4datasets_9scales_eval_full,BSD100,x12,OOD,23.458400,true
1,seed1_signed_phiz,artifacts/raw_results/seed1/benchmark_signed_phiz.json,LTE-NoCell,Seed1 raw key SC-INR is legacy no-phase; SC-INR+PhiZ is final SC-INR.,LTE-NoCellPhase,diagnostic,remove LTE learned phase(cell),artifacts/checkpoints/seed1/lte-nocellphase/epoch-best.pth,benchmark_hr_downsample_4datasets_9scales_eval_full,BSD100,x16,OOD,22.598000,true
1,seed1_signed_phiz,artifacts/raw_results/seed1/benchmark_signed_phiz.json,LTE-NoCell,Seed1 raw key SC-INR is legacy no-phase; SC-INR+PhiZ is final SC-INR.,LTE-NoCellPhase,diagnostic,remove LTE learned phase(cell),artifacts/checkpoints/seed1/lte-nocellphase/epoch-best.pth,benchmark_hr_downsample_4datasets_9scales_eval_full,BSD100,x24,OOD,21.371100,true
1,seed1_signed_phiz,artifacts/raw_results/seed1/benchmark_signed_phiz.json,LTE-NoCell,Seed1 raw key SC-INR is legacy no-phase; SC-INR+PhiZ is final SC-INR.,LTE-NoCellPhase,diagnostic,remove LTE learned phase(cell),artifacts/checkpoints/seed1/lte-nocellphase/epoch-best.pth,benchmark_hr_downsample_4datasets_9scales_eval_full,BSD100,x30,OOD,20.676600,true
1,seed1_signed_phiz,artifacts/raw_results/seed1/benchmark_signed_phiz.json,LTE-NoCell,Seed1 raw key SC-INR is legacy no-phase; SC-INR+PhiZ is final SC-INR.,LTE-NoCellPhase,diagnostic,remove LTE learned phase(cell),artifacts/checkpoints/seed1/lte-nocellphase/epoch-best.pth,benchmark_hr_downsample_4datasets_9scales_eval_full,Urban100,x2,ID,31.712500,true
1,seed1_signed_phiz,artifacts/raw_results/seed1/benchmark_signed_phiz.json,LTE-NoCell,Seed1 raw key SC-INR is legacy no-phase; SC-INR+PhiZ is final SC-INR.,LTE-NoCellPhase,diagnostic,remove LTE learned phase(cell),artifacts/checkpoints/seed1/lte-nocellphase/epoch-best.pth,benchmark_hr_downsample_4datasets_9scales_eval_full,Urban100,x3,ID,27.933100,true
1,seed1_signed_phiz,artifacts/raw_results/seed1/benchmark_signed_phiz.json,LTE-NoCell,Seed1 raw key SC-INR is legacy no-phase; SC-INR+PhiZ is final SC-INR.,LTE-NoCellPhase,diagnostic,remove LTE learned phase(cell),artifacts/checkpoints/seed1/lte-nocellphase/epoch-best.pth,benchmark_hr_downsample_4datasets_9scales_eval_full,Urban100,x4,ID,25.909600,true
1,seed1_signed_phiz,artifacts/raw_results/seed1/benchmark_signed_phiz.json,LTE-NoCell,Seed1 raw key SC-INR is legacy no-phase; SC-INR+PhiZ is final SC-INR.,LTE-NoCellPhase,diagnostic,remove LTE learned phase(cell),artifacts/checkpoints/seed1/lte-nocellphase/epoch-best.pth,benchmark_hr_downsample_4datasets_9scales_eval_full,Urban100,x6,OOD,23.626600,true
1,seed1_signed_phiz,artifacts/raw_results/seed1/benchmark_signed_phiz.json,LTE-NoCell,Seed1 raw key SC-INR is legacy no-phase; SC-INR+PhiZ is final SC-INR.,LTE-NoCellPhase,diagnostic,remove LTE learned phase(cell),artifacts/checkpoints/seed1/lte-nocellphase/epoch-best.pth,benchmark_hr_downsample_4datasets_9scales_eval_full,Urban100,x8,OOD,22.342000,true
1,seed1_signed_phiz,artifacts/raw_results/seed1/benchmark_signed_phiz.json,LTE-NoCell,Seed1 raw key SC-INR is legacy no-phase; SC-INR+PhiZ is final SC-INR.,LTE-NoCellPhase,diagnostic,remove LTE learned phase(cell),artifacts/checkpoints/seed1/lte-nocellphase/epoch-best.pth,benchmark_hr_downsample_4datasets_9scales_eval_full,Urban100,x12,OOD,20.836500,true
1,seed1_signed_phiz,artifacts/raw_results/seed1/benchmark_signed_phiz.json,LTE-NoCell,Seed1 raw key SC-INR is legacy no-phase; SC-INR+PhiZ is final SC-INR.,LTE-NoCellPhase,diagnostic,remove LTE learned phase(cell),artifacts/checkpoints/seed1/lte-nocellphase/epoch-best.pth,benchmark_hr_downsample_4datasets_9scales_eval_full,Urban100,x16,OOD,19.932000,true
1,seed1_signed_phiz,artifacts/raw_results/seed1/benchmark_signed_phiz.json,LTE-NoCell,Seed1 raw key SC-INR is legacy no-phase; SC-INR+PhiZ is final SC-INR.,LTE-NoCellPhase,diagnostic,remove LTE learned phase(cell),artifacts/checkpoints/seed1/lte-nocellphase/epoch-best.pth,benchmark_hr_downsample_4datasets_9scales_eval_full,Urban100,x24,OOD,18.830600,true
1,seed1_signed_phiz,artifacts/raw_results/seed1/benchmark_signed_phiz.json,LTE-NoCell,Seed1 raw key SC-INR is legacy no-phase; SC-INR+PhiZ is final SC-INR.,LTE-NoCellPhase,diagnostic,remove LTE learned phase(cell),artifacts/checkpoints/seed1/lte-nocellphase/epoch-best.pth,benchmark_hr_downsample_4datasets_9scales_eval_full,Urban100,x30,OOD,18.283000,true
1,seed1_signed_phiz,artifacts/raw_results/seed1/benchmark_signed_phiz.json,LTE-FeaturePhase,Seed1 raw key SC-INR is legacy no-phase; SC-INR+PhiZ is final SC-INR.,LTE-PhaseZ,diagnostic,replace LTE phase(cell) with feature-conditioned phi(z),artifacts/checkpoints/seed1/lte-phasez/epoch-best.pth,benchmark_hr_downsample_4datasets_9scales_eval_full,Set5,x2,ID,37.856300,true
1,seed1_signed_phiz,artifacts/raw_results/seed1/benchmark_signed_phiz.json,LTE-FeaturePhase,Seed1 raw key SC-INR is legacy no-phase; SC-INR+PhiZ is final SC-INR.,LTE-PhaseZ,diagnostic,replace LTE phase(cell) with feature-conditioned phi(z),artifacts/checkpoints/seed1/lte-phasez/epoch-best.pth,benchmark_hr_downsample_4datasets_9scales_eval_full,Set5,x3,ID,34.187500,true
1,seed1_signed_phiz,artifacts/raw_results/seed1/benchmark_signed_phiz.json,LTE-FeaturePhase,Seed1 raw key SC-INR is legacy no-phase; SC-INR+PhiZ is final SC-INR.,LTE-PhaseZ,diagnostic,replace LTE phase(cell) with feature-conditioned phi(z),artifacts/checkpoints/seed1/lte-phasez/epoch-best.pth,benchmark_hr_downsample_4datasets_9scales_eval_full,Set5,x4,ID,32.039900,true
1,seed1_signed_phiz,artifacts/raw_results/seed1/benchmark_signed_phiz.json,LTE-FeaturePhase,Seed1 raw key SC-INR is legacy no-phase; SC-INR+PhiZ is final SC-INR.,LTE-PhaseZ,diagnostic,replace LTE phase(cell) with feature-conditioned phi(z),artifacts/checkpoints/seed1/lte-phasez/epoch-best.pth,benchmark_hr_downsample_4datasets_9scales_eval_full,Set5,x6,OOD,28.719900,true
1,seed1_signed_phiz,artifacts/raw_results/seed1/benchmark_signed_phiz.json,LTE-FeaturePhase,Seed1 raw key SC-INR is legacy no-phase; SC-INR+PhiZ is final SC-INR.,LTE-PhaseZ,diagnostic,replace LTE phase(cell) with feature-conditioned phi(z),artifacts/checkpoints/seed1/lte-phasez/epoch-best.pth,benchmark_hr_downsample_4datasets_9scales_eval_full,Set5,x8,OOD,26.848300,true
1,seed1_signed_phiz,artifacts/raw_results/seed1/benchmark_signed_phiz.json,LTE-FeaturePhase,Seed1 raw key SC-INR is legacy no-phase; SC-INR+PhiZ is final SC-INR.,LTE-PhaseZ,diagnostic,replace LTE phase(cell) with feature-conditioned phi(z),artifacts/checkpoints/seed1/lte-phasez/epoch-best.pth,benchmark_hr_downsample_4datasets_9scales_eval_full,Set5,x12,OOD,24.559100,true
1,seed1_signed_phiz,artifacts/raw_results/seed1/benchmark_signed_phiz.json,LTE-FeaturePhase,Seed1 raw key SC-INR is legacy no-phase; SC-INR+PhiZ is final SC-INR.,LTE-PhaseZ,diagnostic,replace LTE phase(cell) with feature-conditioned phi(z),artifacts/checkpoints/seed1/lte-phasez/epoch-best.pth,benchmark_hr_downsample_4datasets_9scales_eval_full,Set5,x16,OOD,23.044100,true
1,seed1_signed_phiz,artifacts/raw_results/seed1/benchmark_signed_phiz.json,LTE-FeaturePhase,Seed1 raw key SC-INR is legacy no-phase; SC-INR+PhiZ is final SC-INR.,LTE-PhaseZ,diagnostic,replace LTE phase(cell) with feature-conditioned phi(z),artifacts/checkpoints/seed1/lte-phasez/epoch-best.pth,benchmark_hr_downsample_4datasets_9scales_eval_full,Set5,x24,OOD,21.356600,true
1,seed1_signed_phiz,artifacts/raw_results/seed1/benchmark_signed_phiz.json,LTE-FeaturePhase,Seed1 raw key SC-INR is legacy no-phase; SC-INR+PhiZ is final SC-INR.,LTE-PhaseZ,diagnostic,replace LTE phase(cell) with feature-conditioned phi(z),artifacts/checkpoints/seed1/lte-phasez/epoch-best.pth,benchmark_hr_downsample_4datasets_9scales_eval_full,Set5,x30,OOD,20.501400,true
1,seed1_signed_phiz,artifacts/raw_results/seed1/benchmark_signed_phiz.json,LTE-FeaturePhase,Seed1 raw key SC-INR is legacy no-phase; SC-INR+PhiZ is final SC-INR.,LTE-PhaseZ,diagnostic,replace LTE phase(cell) with feature-conditioned phi(z),artifacts/checkpoints/seed1/lte-phasez/epoch-best.pth,benchmark_hr_downsample_4datasets_9scales_eval_full,Set14,x2,ID,33.477100,true
1,seed1_signed_phiz,artifacts/raw_results/seed1/benchmark_signed_phiz.json,LTE-FeaturePhase,Seed1 raw key SC-INR is legacy no-phase; SC-INR+PhiZ is final SC-INR.,LTE-PhaseZ,diagnostic,replace LTE phase(cell) with feature-conditioned phi(z),artifacts/checkpoints/seed1/lte-phasez/epoch-best.pth,benchmark_hr_downsample_4datasets_9scales_eval_full,Set14,x3,ID,30.285100,true
1,seed1_signed_phiz,artifacts/raw_results/seed1/benchmark_signed_phiz.json,LTE-FeaturePhase,Seed1 raw key SC-INR is legacy no-phase; SC-INR+PhiZ is final SC-INR.,LTE-PhaseZ,diagnostic,replace LTE phase(cell) with feature-conditioned phi(z),artifacts/checkpoints/seed1/lte-phasez/epoch-best.pth,benchmark_hr_downsample_4datasets_9scales_eval_full,Set14,x4,ID,28.595200,true
1,seed1_signed_phiz,artifacts/raw_results/seed1/benchmark_signed_phiz.json,LTE-FeaturePhase,Seed1 raw key SC-INR is legacy no-phase; SC-INR+PhiZ is final SC-INR.,LTE-PhaseZ,diagnostic,replace LTE phase(cell) with feature-conditioned phi(z),artifacts/checkpoints/seed1/lte-phasez/epoch-best.pth,benchmark_hr_downsample_4datasets_9scales_eval_full,Set14,x6,OOD,26.375800,true
1,seed1_signed_phiz,artifacts/raw_results/seed1/benchmark_signed_phiz.json,LTE-FeaturePhase,Seed1 raw key SC-INR is legacy no-phase; SC-INR+PhiZ is final SC-INR.,LTE-PhaseZ,diagnostic,replace LTE phase(cell) with feature-conditioned phi(z),artifacts/checkpoints/seed1/lte-phasez/epoch-best.pth,benchmark_hr_downsample_4datasets_9scales_eval_full,Set14,x8,OOD,24.881000,true
1,seed1_signed_phiz,artifacts/raw_results/seed1/benchmark_signed_phiz.json,LTE-FeaturePhase,Seed1 raw key SC-INR is legacy no-phase; SC-INR+PhiZ is final SC-INR.,LTE-PhaseZ,diagnostic,replace LTE phase(cell) with feature-conditioned phi(z),artifacts/checkpoints/seed1/lte-phasez/epoch-best.pth,benchmark_hr_downsample_4datasets_9scales_eval_full,Set14,x12,OOD,23.135700,true
1,seed1_signed_phiz,artifacts/raw_results/seed1/benchmark_signed_phiz.json,LTE-FeaturePhase,Seed1 raw key SC-INR is legacy no-phase; SC-INR+PhiZ is final SC-INR.,LTE-PhaseZ,diagnostic,replace LTE phase(cell) with feature-conditioned phi(z),artifacts/checkpoints/seed1/lte-phasez/epoch-best.pth,benchmark_hr_downsample_4datasets_9scales_eval_full,Set14,x16,OOD,22.077000,true
1,seed1_signed_phiz,artifacts/raw_results/seed1/benchmark_signed_phiz.json,LTE-FeaturePhase,Seed1 raw key SC-INR is legacy no-phase; SC-INR+PhiZ is final SC-INR.,LTE-PhaseZ,diagnostic,replace LTE phase(cell) with feature-conditioned phi(z),artifacts/checkpoints/seed1/lte-phasez/epoch-best.pth,benchmark_hr_downsample_4datasets_9scales_eval_full,Set14,x24,OOD,20.625100,true
1,seed1_signed_phiz,artifacts/raw_results/seed1/benchmark_signed_phiz.json,LTE-FeaturePhase,Seed1 raw key SC-INR is legacy no-phase; SC-INR+PhiZ is final SC-INR.,LTE-PhaseZ,diagnostic,replace LTE phase(cell) with feature-conditioned phi(z),artifacts/checkpoints/seed1/lte-phasez/epoch-best.pth,benchmark_hr_downsample_4datasets_9scales_eval_full,Set14,x30,OOD,19.803000,true
1,seed1_signed_phiz,artifacts/raw_results/seed1/benchmark_signed_phiz.json,LTE-FeaturePhase,Seed1 raw key SC-INR is legacy no-phase; SC-INR+PhiZ is final SC-INR.,LTE-PhaseZ,diagnostic,replace LTE phase(cell) with feature-conditioned phi(z),artifacts/checkpoints/seed1/lte-phasez/epoch-best.pth,benchmark_hr_downsample_4datasets_9scales_eval_full,BSD100,x2,ID,32.081100,true
1,seed1_signed_phiz,artifacts/raw_results/seed1/benchmark_signed_phiz.json,LTE-FeaturePhase,Seed1 raw key SC-INR is legacy no-phase; SC-INR+PhiZ is final SC-INR.,LTE-PhaseZ,diagnostic,replace LTE phase(cell) with feature-conditioned phi(z),artifacts/checkpoints/seed1/lte-phasez/epoch-best.pth,benchmark_hr_downsample_4datasets_9scales_eval_full,BSD100,x3,ID,29.009400,true
1,seed1_signed_phiz,artifacts/raw_results/seed1/benchmark_signed_phiz.json,LTE-FeaturePhase,Seed1 raw key SC-INR is legacy no-phase; SC-INR+PhiZ is final SC-INR.,LTE-PhaseZ,diagnostic,replace LTE phase(cell) with feature-conditioned phi(z),artifacts/checkpoints/seed1/lte-phasez/epoch-best.pth,benchmark_hr_downsample_4datasets_9scales_eval_full,BSD100,x4,ID,27.545400,true
1,seed1_signed_phiz,artifacts/raw_results/seed1/benchmark_signed_phiz.json,LTE-FeaturePhase,Seed1 raw key SC-INR is legacy no-phase; SC-INR+PhiZ is final SC-INR.,LTE-PhaseZ,diagnostic,replace LTE phase(cell) with feature-conditioned phi(z),artifacts/checkpoints/seed1/lte-phasez/epoch-best.pth,benchmark_hr_downsample_4datasets_9scales_eval_full,BSD100,x6,OOD,25.806600,true
1,seed1_signed_phiz,artifacts/raw_results/seed1/benchmark_signed_phiz.json,LTE-FeaturePhase,Seed1 raw key SC-INR is legacy no-phase; SC-INR+PhiZ is final SC-INR.,LTE-PhaseZ,diagnostic,replace LTE phase(cell) with feature-conditioned phi(z),artifacts/checkpoints/seed1/lte-phasez/epoch-best.pth,benchmark_hr_downsample_4datasets_9scales_eval_full,BSD100,x8,OOD,24.761900,true
1,seed1_signed_phiz,artifacts/raw_results/seed1/benchmark_signed_phiz.json,LTE-FeaturePhase,Seed1 raw key SC-INR is legacy no-phase; SC-INR+PhiZ is final SC-INR.,LTE-PhaseZ,diagnostic,replace LTE phase(cell) with feature-conditioned phi(z),artifacts/checkpoints/seed1/lte-phasez/epoch-best.pth,benchmark_hr_downsample_4datasets_9scales_eval_full,BSD100,x12,OOD,23.471400,true
1,seed1_signed_phiz,artifacts/raw_results/seed1/benchmark_signed_phiz.json,LTE-FeaturePhase,Seed1 raw key SC-INR is legacy no-phase; SC-INR+PhiZ is final SC-INR.,LTE-PhaseZ,diagnostic,replace LTE phase(cell) with feature-conditioned phi(z),artifacts/checkpoints/seed1/lte-phasez/epoch-best.pth,benchmark_hr_downsample_4datasets_9scales_eval_full,BSD100,x16,OOD,22.602600,true
1,seed1_signed_phiz,artifacts/raw_results/seed1/benchmark_signed_phiz.json,LTE-FeaturePhase,Seed1 raw key SC-INR is legacy no-phase; SC-INR+PhiZ is final SC-INR.,LTE-PhaseZ,diagnostic,replace LTE phase(cell) with feature-conditioned phi(z),artifacts/checkpoints/seed1/lte-phasez/epoch-best.pth,benchmark_hr_downsample_4datasets_9scales_eval_full,BSD100,x24,OOD,21.388400,true
1,seed1_signed_phiz,artifacts/raw_results/seed1/benchmark_signed_phiz.json,LTE-FeaturePhase,Seed1 raw key SC-INR is legacy no-phase; SC-INR+PhiZ is final SC-INR.,LTE-PhaseZ,diagnostic,replace LTE phase(cell) with feature-conditioned phi(z),artifacts/checkpoints/seed1/lte-phasez/epoch-best.pth,benchmark_hr_downsample_4datasets_9scales_eval_full,BSD100,x30,OOD,20.675500,true
1,seed1_signed_phiz,artifacts/raw_results/seed1/benchmark_signed_phiz.json,LTE-FeaturePhase,Seed1 raw key SC-INR is legacy no-phase; SC-INR+PhiZ is final SC-INR.,LTE-PhaseZ,diagnostic,replace LTE phase(cell) with feature-conditioned phi(z),artifacts/checkpoints/seed1/lte-phasez/epoch-best.pth,benchmark_hr_downsample_4datasets_9scales_eval_full,Urban100,x2,ID,31.689900,true
1,seed1_signed_phiz,artifacts/raw_results/seed1/benchmark_signed_phiz.json,LTE-FeaturePhase,Seed1 raw key SC-INR is legacy no-phase; SC-INR+PhiZ is final SC-INR.,LTE-PhaseZ,diagnostic,replace LTE phase(cell) with feature-conditioned phi(z),artifacts/checkpoints/seed1/lte-phasez/epoch-best.pth,benchmark_hr_downsample_4datasets_9scales_eval_full,Urban100,x3,ID,28.024100,true
1,seed1_signed_phiz,artifacts/raw_results/seed1/benchmark_signed_phiz.json,LTE-FeaturePhase,Seed1 raw key SC-INR is legacy no-phase; SC-INR+PhiZ is final SC-INR.,LTE-PhaseZ,diagnostic,replace LTE phase(cell) with feature-conditioned phi(z),artifacts/checkpoints/seed1/lte-phasez/epoch-best.pth,benchmark_hr_downsample_4datasets_9scales_eval_full,Urban100,x4,ID,25.961200,true
1,seed1_signed_phiz,artifacts/raw_results/seed1/benchmark_signed_phiz.json,LTE-FeaturePhase,Seed1 raw key SC-INR is legacy no-phase; SC-INR+PhiZ is final SC-INR.,LTE-PhaseZ,diagnostic,replace LTE phase(cell) with feature-conditioned phi(z),artifacts/checkpoints/seed1/lte-phasez/epoch-best.pth,benchmark_hr_downsample_4datasets_9scales_eval_full,Urban100,x6,OOD,23.656500,true
1,seed1_signed_phiz,artifacts/raw_results/seed1/benchmark_signed_phiz.json,LTE-FeaturePhase,Seed1 raw key SC-INR is legacy no-phase; SC-INR+PhiZ is final SC-INR.,LTE-PhaseZ,diagnostic,replace LTE phase(cell) with feature-conditioned phi(z),artifacts/checkpoints/seed1/lte-phasez/epoch-best.pth,benchmark_hr_downsample_4datasets_9scales_eval_full,Urban100,x8,OOD,22.378300,true
1,seed1_signed_phiz,artifacts/raw_results/seed1/benchmark_signed_phiz.json,LTE-FeaturePhase,Seed1 raw key SC-INR is legacy no-phase; SC-INR+PhiZ is final SC-INR.,LTE-PhaseZ,diagnostic,replace LTE phase(cell) with feature-conditioned phi(z),artifacts/checkpoints/seed1/lte-phasez/epoch-best.pth,benchmark_hr_downsample_4datasets_9scales_eval_full,Urban100,x12,OOD,20.840400,true
1,seed1_signed_phiz,artifacts/raw_results/seed1/benchmark_signed_phiz.json,LTE-FeaturePhase,Seed1 raw key SC-INR is legacy no-phase; SC-INR+PhiZ is final SC-INR.,LTE-PhaseZ,diagnostic,replace LTE phase(cell) with feature-conditioned phi(z),artifacts/checkpoints/seed1/lte-phasez/epoch-best.pth,benchmark_hr_downsample_4datasets_9scales_eval_full,Urban100,x16,OOD,19.936000,true
1,seed1_signed_phiz,artifacts/raw_results/seed1/benchmark_signed_phiz.json,LTE-FeaturePhase,Seed1 raw key SC-INR is legacy no-phase; SC-INR+PhiZ is final SC-INR.,LTE-PhaseZ,diagnostic,replace LTE phase(cell) with feature-conditioned phi(z),artifacts/checkpoints/seed1/lte-phasez/epoch-best.pth,benchmark_hr_downsample_4datasets_9scales_eval_full,Urban100,x24,OOD,18.841600,true
1,seed1_signed_phiz,artifacts/raw_results/seed1/benchmark_signed_phiz.json,LTE-FeaturePhase,Seed1 raw key SC-INR is legacy no-phase; SC-INR+PhiZ is final SC-INR.,LTE-PhaseZ,diagnostic,replace LTE phase(cell) with feature-conditioned phi(z),artifacts/checkpoints/seed1/lte-phasez/epoch-best.pth,benchmark_hr_downsample_4datasets_9scales_eval_full,Urban100,x30,OOD,18.297200,true
1,seed1_signed_phiz,artifacts/raw_results/seed1/benchmark_signed_phiz.json,SC-INR-Fixed,Seed1 raw key SC-INR is legacy no-phase; SC-INR+PhiZ is final SC-INR.,SC-INR-FixedOmega,ablation,fixed omega basis plus analytic sinc,artifacts/checkpoints/seed1/sc-inr-fixed-omega/epoch-best.pth,benchmark_hr_downsample_4datasets_9scales_eval_full,Set5,x2,ID,37.910000,true
1,seed1_signed_phiz,artifacts/raw_results/seed1/benchmark_signed_phiz.json,SC-INR-Fixed,Seed1 raw key SC-INR is legacy no-phase; SC-INR+PhiZ is final SC-INR.,SC-INR-FixedOmega,ablation,fixed omega basis plus analytic sinc,artifacts/checkpoints/seed1/sc-inr-fixed-omega/epoch-best.pth,benchmark_hr_downsample_4datasets_9scales_eval_full,Set5,x3,ID,34.380000,true
1,seed1_signed_phiz,artifacts/raw_results/seed1/benchmark_signed_phiz.json,SC-INR-Fixed,Seed1 raw key SC-INR is legacy no-phase; SC-INR+PhiZ is final SC-INR.,SC-INR-FixedOmega,ablation,fixed omega basis plus analytic sinc,artifacts/checkpoints/seed1/sc-inr-fixed-omega/epoch-best.pth,benchmark_hr_downsample_4datasets_9scales_eval_full,Set5,x4,ID,32.190000,true
1,seed1_signed_phiz,artifacts/raw_results/seed1/benchmark_signed_phiz.json,SC-INR-Fixed,Seed1 raw key SC-INR is legacy no-phase; SC-INR+PhiZ is final SC-INR.,SC-INR-FixedOmega,ablation,fixed omega basis plus analytic sinc,artifacts/checkpoints/seed1/sc-inr-fixed-omega/epoch-best.pth,benchmark_hr_downsample_4datasets_9scales_eval_full,Set5,x6,OOD,28.850000,true
1,seed1_signed_phiz,artifacts/raw_results/seed1/benchmark_signed_phiz.json,SC-INR-Fixed,Seed1 raw key SC-INR is legacy no-phase; SC-INR+PhiZ is final SC-INR.,SC-INR-FixedOmega,ablation,fixed omega basis plus analytic sinc,artifacts/checkpoints/seed1/sc-inr-fixed-omega/epoch-best.pth,benchmark_hr_downsample_4datasets_9scales_eval_full,Set5,x8,OOD,26.920000,true
1,seed1_signed_phiz,artifacts/raw_results/seed1/benchmark_signed_phiz.json,SC-INR-Fixed,Seed1 raw key SC-INR is legacy no-phase; SC-INR+PhiZ is final SC-INR.,SC-INR-FixedOmega,ablation,fixed omega basis plus analytic sinc,artifacts/checkpoints/seed1/sc-inr-fixed-omega/epoch-best.pth,benchmark_hr_downsample_4datasets_9scales_eval_full,Set5,x12,OOD,24.580000,true
1,seed1_signed_phiz,artifacts/raw_results/seed1/benchmark_signed_phiz.json,SC-INR-Fixed,Seed1 raw key SC-INR is legacy no-phase; SC-INR+PhiZ is final SC-INR.,SC-INR-FixedOmega,ablation,fixed omega basis plus analytic sinc,artifacts/checkpoints/seed1/sc-inr-fixed-omega/epoch-best.pth,benchmark_hr_downsample_4datasets_9scales_eval_full,Set5,x16,OOD,22.990000,true
1,seed1_signed_phiz,artifacts/raw_results/seed1/benchmark_signed_phiz.json,SC-INR-Fixed,Seed1 raw key SC-INR is legacy no-phase; SC-INR+PhiZ is final SC-INR.,SC-INR-FixedOmega,ablation,fixed omega basis plus analytic sinc,artifacts/checkpoints/seed1/sc-inr-fixed-omega/epoch-best.pth,benchmark_hr_downsample_4datasets_9scales_eval_full,Set5,x24,OOD,21.330000,true
1,seed1_signed_phiz,artifacts/raw_results/seed1/benchmark_signed_phiz.json,SC-INR-Fixed,Seed1 raw key SC-INR is legacy no-phase; SC-INR+PhiZ is final SC-INR.,SC-INR-FixedOmega,ablation,fixed omega basis plus analytic sinc,artifacts/checkpoints/seed1/sc-inr-fixed-omega/epoch-best.pth,benchmark_hr_downsample_4datasets_9scales_eval_full,Set5,x30,OOD,20.490000,true
1,seed1_signed_phiz,artifacts/raw_results/seed1/benchmark_signed_phiz.json,SC-INR-Fixed,Seed1 raw key SC-INR is legacy no-phase; SC-INR+PhiZ is final SC-INR.,SC-INR-FixedOmega,ablation,fixed omega basis plus analytic sinc,artifacts/checkpoints/seed1/sc-inr-fixed-omega/epoch-best.pth,benchmark_hr_downsample_4datasets_9scales_eval_full,Set14,x2,ID,33.600000,true
1,seed1_signed_phiz,artifacts/raw_results/seed1/benchmark_signed_phiz.json,SC-INR-Fixed,Seed1 raw key SC-INR is legacy no-phase; SC-INR+PhiZ is final SC-INR.,SC-INR-FixedOmega,ablation,fixed omega basis plus analytic sinc,artifacts/checkpoints/seed1/sc-inr-fixed-omega/epoch-best.pth,benchmark_hr_downsample_4datasets_9scales_eval_full,Set14,x3,ID,30.280000,true
1,seed1_signed_phiz,artifacts/raw_results/seed1/benchmark_signed_phiz.json,SC-INR-Fixed,Seed1 raw key SC-INR is legacy no-phase; SC-INR+PhiZ is final SC-INR.,SC-INR-FixedOmega,ablation,fixed omega basis plus analytic sinc,artifacts/checkpoints/seed1/sc-inr-fixed-omega/epoch-best.pth,benchmark_hr_downsample_4datasets_9scales_eval_full,Set14,x4,ID,28.580000,true
1,seed1_signed_phiz,artifacts/raw_results/seed1/benchmark_signed_phiz.json,SC-INR-Fixed,Seed1 raw key SC-INR is legacy no-phase; SC-INR+PhiZ is final SC-INR.,SC-INR-FixedOmega,ablation,fixed omega basis plus analytic sinc,artifacts/checkpoints/seed1/sc-inr-fixed-omega/epoch-best.pth,benchmark_hr_downsample_4datasets_9scales_eval_full,Set14,x6,OOD,26.420000,true
1,seed1_signed_phiz,artifacts/raw_results/seed1/benchmark_signed_phiz.json,SC-INR-Fixed,Seed1 raw key SC-INR is legacy no-phase; SC-INR+PhiZ is final SC-INR.,SC-INR-FixedOmega,ablation,fixed omega basis plus analytic sinc,artifacts/checkpoints/seed1/sc-inr-fixed-omega/epoch-best.pth,benchmark_hr_downsample_4datasets_9scales_eval_full,Set14,x8,OOD,24.920000,true
1,seed1_signed_phiz,artifacts/raw_results/seed1/benchmark_signed_phiz.json,SC-INR-Fixed,Seed1 raw key SC-INR is legacy no-phase; SC-INR+PhiZ is final SC-INR.,SC-INR-FixedOmega,ablation,fixed omega basis plus analytic sinc,artifacts/checkpoints/seed1/sc-inr-fixed-omega/epoch-best.pth,benchmark_hr_downsample_4datasets_9scales_eval_full,Set14,x12,OOD,23.130000,true
1,seed1_signed_phiz,artifacts/raw_results/seed1/benchmark_signed_phiz.json,SC-INR-Fixed,Seed1 raw key SC-INR is legacy no-phase; SC-INR+PhiZ is final SC-INR.,SC-INR-FixedOmega,ablation,fixed omega basis plus analytic sinc,artifacts/checkpoints/seed1/sc-inr-fixed-omega/epoch-best.pth,benchmark_hr_downsample_4datasets_9scales_eval_full,Set14,x16,OOD,22.040000,true
1,seed1_signed_phiz,artifacts/raw_results/seed1/benchmark_signed_phiz.json,SC-INR-Fixed,Seed1 raw key SC-INR is legacy no-phase; SC-INR+PhiZ is final SC-INR.,SC-INR-FixedOmega,ablation,fixed omega basis plus analytic sinc,artifacts/checkpoints/seed1/sc-inr-fixed-omega/epoch-best.pth,benchmark_hr_downsample_4datasets_9scales_eval_full,Set14,x24,OOD,20.620000,true
1,seed1_signed_phiz,artifacts/raw_results/seed1/benchmark_signed_phiz.json,SC-INR-Fixed,Seed1 raw key SC-INR is legacy no-phase; SC-INR+PhiZ is final SC-INR.,SC-INR-FixedOmega,ablation,fixed omega basis plus analytic sinc,artifacts/checkpoints/seed1/sc-inr-fixed-omega/epoch-best.pth,benchmark_hr_downsample_4datasets_9scales_eval_full,Set14,x30,OOD,19.830000,true
1,seed1_signed_phiz,artifacts/raw_results/seed1/benchmark_signed_phiz.json,SC-INR-Fixed,Seed1 raw key SC-INR is legacy no-phase; SC-INR+PhiZ is final SC-INR.,SC-INR-FixedOmega,ablation,fixed omega basis plus analytic sinc,artifacts/checkpoints/seed1/sc-inr-fixed-omega/epoch-best.pth,benchmark_hr_downsample_4datasets_9scales_eval_full,BSD100,x2,ID,32.160000,true
1,seed1_signed_phiz,artifacts/raw_results/seed1/benchmark_signed_phiz.json,SC-INR-Fixed,Seed1 raw key SC-INR is legacy no-phase; SC-INR+PhiZ is final SC-INR.,SC-INR-FixedOmega,ablation,fixed omega basis plus analytic sinc,artifacts/checkpoints/seed1/sc-inr-fixed-omega/epoch-best.pth,benchmark_hr_downsample_4datasets_9scales_eval_full,BSD100,x3,ID,29.080000,true
1,seed1_signed_phiz,artifacts/raw_results/seed1/benchmark_signed_phiz.json,SC-INR-Fixed,Seed1 raw key SC-INR is legacy no-phase; SC-INR+PhiZ is final SC-INR.,SC-INR-FixedOmega,ablation,fixed omega basis plus analytic sinc,artifacts/checkpoints/seed1/sc-inr-fixed-omega/epoch-best.pth,benchmark_hr_downsample_4datasets_9scales_eval_full,BSD100,x4,ID,27.580000,true
1,seed1_signed_phiz,artifacts/raw_results/seed1/benchmark_signed_phiz.json,SC-INR-Fixed,Seed1 raw key SC-INR is legacy no-phase; SC-INR+PhiZ is final SC-INR.,SC-INR-FixedOmega,ablation,fixed omega basis plus analytic sinc,artifacts/checkpoints/seed1/sc-inr-fixed-omega/epoch-best.pth,benchmark_hr_downsample_4datasets_9scales_eval_full,BSD100,x6,OOD,25.830000,true
1,seed1_signed_phiz,artifacts/raw_results/seed1/benchmark_signed_phiz.json,SC-INR-Fixed,Seed1 raw key SC-INR is legacy no-phase; SC-INR+PhiZ is final SC-INR.,SC-INR-FixedOmega,ablation,fixed omega basis plus analytic sinc,artifacts/checkpoints/seed1/sc-inr-fixed-omega/epoch-best.pth,benchmark_hr_downsample_4datasets_9scales_eval_full,BSD100,x8,OOD,24.780000,true
1,seed1_signed_phiz,artifacts/raw_results/seed1/benchmark_signed_phiz.json,SC-INR-Fixed,Seed1 raw key SC-INR is legacy no-phase; SC-INR+PhiZ is final SC-INR.,SC-INR-FixedOmega,ablation,fixed omega basis plus analytic sinc,artifacts/checkpoints/seed1/sc-inr-fixed-omega/epoch-best.pth,benchmark_hr_downsample_4datasets_9scales_eval_full,BSD100,x12,OOD,23.480000,true
1,seed1_signed_phiz,artifacts/raw_results/seed1/benchmark_signed_phiz.json,SC-INR-Fixed,Seed1 raw key SC-INR is legacy no-phase; SC-INR+PhiZ is final SC-INR.,SC-INR-FixedOmega,ablation,fixed omega basis plus analytic sinc,artifacts/checkpoints/seed1/sc-inr-fixed-omega/epoch-best.pth,benchmark_hr_downsample_4datasets_9scales_eval_full,BSD100,x16,OOD,22.600000,true
1,seed1_signed_phiz,artifacts/raw_results/seed1/benchmark_signed_phiz.json,SC-INR-Fixed,Seed1 raw key SC-INR is legacy no-phase; SC-INR+PhiZ is final SC-INR.,SC-INR-FixedOmega,ablation,fixed omega basis plus analytic sinc,artifacts/checkpoints/seed1/sc-inr-fixed-omega/epoch-best.pth,benchmark_hr_downsample_4datasets_9scales_eval_full,BSD100,x24,OOD,21.390000,true
1,seed1_signed_phiz,artifacts/raw_results/seed1/benchmark_signed_phiz.json,SC-INR-Fixed,Seed1 raw key SC-INR is legacy no-phase; SC-INR+PhiZ is final SC-INR.,SC-INR-FixedOmega,ablation,fixed omega basis plus analytic sinc,artifacts/checkpoints/seed1/sc-inr-fixed-omega/epoch-best.pth,benchmark_hr_downsample_4datasets_9scales_eval_full,BSD100,x30,OOD,20.680000,true
1,seed1_signed_phiz,artifacts/raw_results/seed1/benchmark_signed_phiz.json,SC-INR-Fixed,Seed1 raw key SC-INR is legacy no-phase; SC-INR+PhiZ is final SC-INR.,SC-INR-FixedOmega,ablation,fixed omega basis plus analytic sinc,artifacts/checkpoints/seed1/sc-inr-fixed-omega/epoch-best.pth,benchmark_hr_downsample_4datasets_9scales_eval_full,Urban100,x2,ID,32.010000,true
1,seed1_signed_phiz,artifacts/raw_results/seed1/benchmark_signed_phiz.json,SC-INR-Fixed,Seed1 raw key SC-INR is legacy no-phase; SC-INR+PhiZ is final SC-INR.,SC-INR-FixedOmega,ablation,fixed omega basis plus analytic sinc,artifacts/checkpoints/seed1/sc-inr-fixed-omega/epoch-best.pth,benchmark_hr_downsample_4datasets_9scales_eval_full,Urban100,x3,ID,28.100000,true
1,seed1_signed_phiz,artifacts/raw_results/seed1/benchmark_signed_phiz.json,SC-INR-Fixed,Seed1 raw key SC-INR is legacy no-phase; SC-INR+PhiZ is final SC-INR.,SC-INR-FixedOmega,ablation,fixed omega basis plus analytic sinc,artifacts/checkpoints/seed1/sc-inr-fixed-omega/epoch-best.pth,benchmark_hr_downsample_4datasets_9scales_eval_full,Urban100,x4,ID,26.060000,true
1,seed1_signed_phiz,artifacts/raw_results/seed1/benchmark_signed_phiz.json,SC-INR-Fixed,Seed1 raw key SC-INR is legacy no-phase; SC-INR+PhiZ is final SC-INR.,SC-INR-FixedOmega,ablation,fixed omega basis plus analytic sinc,artifacts/checkpoints/seed1/sc-inr-fixed-omega/epoch-best.pth,benchmark_hr_downsample_4datasets_9scales_eval_full,Urban100,x6,OOD,23.730000,true
1,seed1_signed_phiz,artifacts/raw_results/seed1/benchmark_signed_phiz.json,SC-INR-Fixed,Seed1 raw key SC-INR is legacy no-phase; SC-INR+PhiZ is final SC-INR.,SC-INR-FixedOmega,ablation,fixed omega basis plus analytic sinc,artifacts/checkpoints/seed1/sc-inr-fixed-omega/epoch-best.pth,benchmark_hr_downsample_4datasets_9scales_eval_full,Urban100,x8,OOD,22.430000,true
1,seed1_signed_phiz,artifacts/raw_results/seed1/benchmark_signed_phiz.json,SC-INR-Fixed,Seed1 raw key SC-INR is legacy no-phase; SC-INR+PhiZ is final SC-INR.,SC-INR-FixedOmega,ablation,fixed omega basis plus analytic sinc,artifacts/checkpoints/seed1/sc-inr-fixed-omega/epoch-best.pth,benchmark_hr_downsample_4datasets_9scales_eval_full,Urban100,x12,OOD,20.880000,true
1,seed1_signed_phiz,artifacts/raw_results/seed1/benchmark_signed_phiz.json,SC-INR-Fixed,Seed1 raw key SC-INR is legacy no-phase; SC-INR+PhiZ is final SC-INR.,SC-INR-FixedOmega,ablation,fixed omega basis plus analytic sinc,artifacts/checkpoints/seed1/sc-inr-fixed-omega/epoch-best.pth,benchmark_hr_downsample_4datasets_9scales_eval_full,Urban100,x16,OOD,19.970000,true
1,seed1_signed_phiz,artifacts/raw_results/seed1/benchmark_signed_phiz.json,SC-INR-Fixed,Seed1 raw key SC-INR is legacy no-phase; SC-INR+PhiZ is final SC-INR.,SC-INR-FixedOmega,ablation,fixed omega basis plus analytic sinc,artifacts/checkpoints/seed1/sc-inr-fixed-omega/epoch-best.pth,benchmark_hr_downsample_4datasets_9scales_eval_full,Urban100,x24,OOD,18.850000,true
1,seed1_signed_phiz,artifacts/raw_results/seed1/benchmark_signed_phiz.json,SC-INR-Fixed,Seed1 raw key SC-INR is legacy no-phase; SC-INR+PhiZ is final SC-INR.,SC-INR-FixedOmega,ablation,fixed omega basis plus analytic sinc,artifacts/checkpoints/seed1/sc-inr-fixed-omega/epoch-best.pth,benchmark_hr_downsample_4datasets_9scales_eval_full,Urban100,x30,OOD,18.290000,true
1,seed1_signed_phiz,artifacts/raw_results/seed1/benchmark_signed_phiz.json,SC-INR,Seed1 raw key SC-INR is legacy no-phase; SC-INR+PhiZ is final SC-INR.,SC-INR-NoPhi,ablation_previous_main,"feature-conditioned omega, no feature phase",artifacts/checkpoints/seed1/sc-inr-nophi/epoch-best.pth,benchmark_hr_downsample_4datasets_9scales_eval_full,Set5,x2,ID,37.999600,true
1,seed1_signed_phiz,artifacts/raw_results/seed1/benchmark_signed_phiz.json,SC-INR,Seed1 raw key SC-INR is legacy no-phase; SC-INR+PhiZ is final SC-INR.,SC-INR-NoPhi,ablation_previous_main,"feature-conditioned omega, no feature phase",artifacts/checkpoints/seed1/sc-inr-nophi/epoch-best.pth,benchmark_hr_downsample_4datasets_9scales_eval_full,Set5,x3,ID,34.429900,true
1,seed1_signed_phiz,artifacts/raw_results/seed1/benchmark_signed_phiz.json,SC-INR,Seed1 raw key SC-INR is legacy no-phase; SC-INR+PhiZ is final SC-INR.,SC-INR-NoPhi,ablation_previous_main,"feature-conditioned omega, no feature phase",artifacts/checkpoints/seed1/sc-inr-nophi/epoch-best.pth,benchmark_hr_downsample_4datasets_9scales_eval_full,Set5,x4,ID,32.183300,true
1,seed1_signed_phiz,artifacts/raw_results/seed1/benchmark_signed_phiz.json,SC-INR,Seed1 raw key SC-INR is legacy no-phase; SC-INR+PhiZ is final SC-INR.,SC-INR-NoPhi,ablation_previous_main,"feature-conditioned omega, no feature phase",artifacts/checkpoints/seed1/sc-inr-nophi/epoch-best.pth,benchmark_hr_downsample_4datasets_9scales_eval_full,Set5,x6,OOD,28.924000,true
1,seed1_signed_phiz,artifacts/raw_results/seed1/benchmark_signed_phiz.json,SC-INR,Seed1 raw key SC-INR is legacy no-phase; SC-INR+PhiZ is final SC-INR.,SC-INR-NoPhi,ablation_previous_main,"feature-conditioned omega, no feature phase",artifacts/checkpoints/seed1/sc-inr-nophi/epoch-best.pth,benchmark_hr_downsample_4datasets_9scales_eval_full,Set5,x8,OOD,26.996000,true
1,seed1_signed_phiz,artifacts/raw_results/seed1/benchmark_signed_phiz.json,SC-INR,Seed1 raw key SC-INR is legacy no-phase; SC-INR+PhiZ is final SC-INR.,SC-INR-NoPhi,ablation_previous_main,"feature-conditioned omega, no feature phase",artifacts/checkpoints/seed1/sc-inr-nophi/epoch-best.pth,benchmark_hr_downsample_4datasets_9scales_eval_full,Set5,x12,OOD,24.593500,true
1,seed1_signed_phiz,artifacts/raw_results/seed1/benchmark_signed_phiz.json,SC-INR,Seed1 raw key SC-INR is legacy no-phase; SC-INR+PhiZ is final SC-INR.,SC-INR-NoPhi,ablation_previous_main,"feature-conditioned omega, no feature phase",artifacts/checkpoints/seed1/sc-inr-nophi/epoch-best.pth,benchmark_hr_downsample_4datasets_9scales_eval_full,Set5,x16,OOD,23.073500,true
1,seed1_signed_phiz,artifacts/raw_results/seed1/benchmark_signed_phiz.json,SC-INR,Seed1 raw key SC-INR is legacy no-phase; SC-INR+PhiZ is final SC-INR.,SC-INR-NoPhi,ablation_previous_main,"feature-conditioned omega, no feature phase",artifacts/checkpoints/seed1/sc-inr-nophi/epoch-best.pth,benchmark_hr_downsample_4datasets_9scales_eval_full,Set5,x24,OOD,21.448800,true
1,seed1_signed_phiz,artifacts/raw_results/seed1/benchmark_signed_phiz.json,SC-INR,Seed1 raw key SC-INR is legacy no-phase; SC-INR+PhiZ is final SC-INR.,SC-INR-NoPhi,ablation_previous_main,"feature-conditioned omega, no feature phase",artifacts/checkpoints/seed1/sc-inr-nophi/epoch-best.pth,benchmark_hr_downsample_4datasets_9scales_eval_full,Set5,x30,OOD,20.566400,true
1,seed1_signed_phiz,artifacts/raw_results/seed1/benchmark_signed_phiz.json,SC-INR,Seed1 raw key SC-INR is legacy no-phase; SC-INR+PhiZ is final SC-INR.,SC-INR-NoPhi,ablation_previous_main,"feature-conditioned omega, no feature phase",artifacts/checkpoints/seed1/sc-inr-nophi/epoch-best.pth,benchmark_hr_downsample_4datasets_9scales_eval_full,Set14,x2,ID,33.625500,true
1,seed1_signed_phiz,artifacts/raw_results/seed1/benchmark_signed_phiz.json,SC-INR,Seed1 raw key SC-INR is legacy no-phase; SC-INR+PhiZ is final SC-INR.,SC-INR-NoPhi,ablation_previous_main,"feature-conditioned omega, no feature phase",artifacts/checkpoints/seed1/sc-inr-nophi/epoch-best.pth,benchmark_hr_downsample_4datasets_9scales_eval_full,Set14,x3,ID,30.362400,true
1,seed1_signed_phiz,artifacts/raw_results/seed1/benchmark_signed_phiz.json,SC-INR,Seed1 raw key SC-INR is legacy no-phase; SC-INR+PhiZ is final SC-INR.,SC-INR-NoPhi,ablation_previous_main,"feature-conditioned omega, no feature phase",artifacts/checkpoints/seed1/sc-inr-nophi/epoch-best.pth,benchmark_hr_downsample_4datasets_9scales_eval_full,Set14,x4,ID,28.624200,true
1,seed1_signed_phiz,artifacts/raw_results/seed1/benchmark_signed_phiz.json,SC-INR,Seed1 raw key SC-INR is legacy no-phase; SC-INR+PhiZ is final SC-INR.,SC-INR-NoPhi,ablation_previous_main,"feature-conditioned omega, no feature phase",artifacts/checkpoints/seed1/sc-inr-nophi/epoch-best.pth,benchmark_hr_downsample_4datasets_9scales_eval_full,Set14,x6,OOD,26.466500,true
1,seed1_signed_phiz,artifacts/raw_results/seed1/benchmark_signed_phiz.json,SC-INR,Seed1 raw key SC-INR is legacy no-phase; SC-INR+PhiZ is final SC-INR.,SC-INR-NoPhi,ablation_previous_main,"feature-conditioned omega, no feature phase",artifacts/checkpoints/seed1/sc-inr-nophi/epoch-best.pth,benchmark_hr_downsample_4datasets_9scales_eval_full,Set14,x8,OOD,24.938800,true
1,seed1_signed_phiz,artifacts/raw_results/seed1/benchmark_signed_phiz.json,SC-INR,Seed1 raw key SC-INR is legacy no-phase; SC-INR+PhiZ is final SC-INR.,SC-INR-NoPhi,ablation_previous_main,"feature-conditioned omega, no feature phase",artifacts/checkpoints/seed1/sc-inr-nophi/epoch-best.pth,benchmark_hr_downsample_4datasets_9scales_eval_full,Set14,x12,OOD,23.141600,true
1,seed1_signed_phiz,artifacts/raw_results/seed1/benchmark_signed_phiz.json,SC-INR,Seed1 raw key SC-INR is legacy no-phase; SC-INR+PhiZ is final SC-INR.,SC-INR-NoPhi,ablation_previous_main,"feature-conditioned omega, no feature phase",artifacts/checkpoints/seed1/sc-inr-nophi/epoch-best.pth,benchmark_hr_downsample_4datasets_9scales_eval_full,Set14,x16,OOD,22.082700,true
1,seed1_signed_phiz,artifacts/raw_results/seed1/benchmark_signed_phiz.json,SC-INR,Seed1 raw key SC-INR is legacy no-phase; SC-INR+PhiZ is final SC-INR.,SC-INR-NoPhi,ablation_previous_main,"feature-conditioned omega, no feature phase",artifacts/checkpoints/seed1/sc-inr-nophi/epoch-best.pth,benchmark_hr_downsample_4datasets_9scales_eval_full,Set14,x24,OOD,20.676000,true
1,seed1_signed_phiz,artifacts/raw_results/seed1/benchmark_signed_phiz.json,SC-INR,Seed1 raw key SC-INR is legacy no-phase; SC-INR+PhiZ is final SC-INR.,SC-INR-NoPhi,ablation_previous_main,"feature-conditioned omega, no feature phase",artifacts/checkpoints/seed1/sc-inr-nophi/epoch-best.pth,benchmark_hr_downsample_4datasets_9scales_eval_full,Set14,x30,OOD,19.812100,true
1,seed1_signed_phiz,artifacts/raw_results/seed1/benchmark_signed_phiz.json,SC-INR,Seed1 raw key SC-INR is legacy no-phase; SC-INR+PhiZ is final SC-INR.,SC-INR-NoPhi,ablation_previous_main,"feature-conditioned omega, no feature phase",artifacts/checkpoints/seed1/sc-inr-nophi/epoch-best.pth,benchmark_hr_downsample_4datasets_9scales_eval_full,BSD100,x2,ID,32.186600,true
1,seed1_signed_phiz,artifacts/raw_results/seed1/benchmark_signed_phiz.json,SC-INR,Seed1 raw key SC-INR is legacy no-phase; SC-INR+PhiZ is final SC-INR.,SC-INR-NoPhi,ablation_previous_main,"feature-conditioned omega, no feature phase",artifacts/checkpoints/seed1/sc-inr-nophi/epoch-best.pth,benchmark_hr_downsample_4datasets_9scales_eval_full,BSD100,x3,ID,29.119300,true
1,seed1_signed_phiz,artifacts/raw_results/seed1/benchmark_signed_phiz.json,SC-INR,Seed1 raw key SC-INR is legacy no-phase; SC-INR+PhiZ is final SC-INR.,SC-INR-NoPhi,ablation_previous_main,"feature-conditioned omega, no feature phase",artifacts/checkpoints/seed1/sc-inr-nophi/epoch-best.pth,benchmark_hr_downsample_4datasets_9scales_eval_full,BSD100,x4,ID,27.607400,true
1,seed1_signed_phiz,artifacts/raw_results/seed1/benchmark_signed_phiz.json,SC-INR,Seed1 raw key SC-INR is legacy no-phase; SC-INR+PhiZ is final SC-INR.,SC-INR-NoPhi,ablation_previous_main,"feature-conditioned omega, no feature phase",artifacts/checkpoints/seed1/sc-inr-nophi/epoch-best.pth,benchmark_hr_downsample_4datasets_9scales_eval_full,BSD100,x6,OOD,25.853800,true
1,seed1_signed_phiz,artifacts/raw_results/seed1/benchmark_signed_phiz.json,SC-INR,Seed1 raw key SC-INR is legacy no-phase; SC-INR+PhiZ is final SC-INR.,SC-INR-NoPhi,ablation_previous_main,"feature-conditioned omega, no feature phase",artifacts/checkpoints/seed1/sc-inr-nophi/epoch-best.pth,benchmark_hr_downsample_4datasets_9scales_eval_full,BSD100,x8,OOD,24.802100,true
1,seed1_signed_phiz,artifacts/raw_results/seed1/benchmark_signed_phiz.json,SC-INR,Seed1 raw key SC-INR is legacy no-phase; SC-INR+PhiZ is final SC-INR.,SC-INR-NoPhi,ablation_previous_main,"feature-conditioned omega, no feature phase",artifacts/checkpoints/seed1/sc-inr-nophi/epoch-best.pth,benchmark_hr_downsample_4datasets_9scales_eval_full,BSD100,x12,OOD,23.493500,true
1,seed1_signed_phiz,artifacts/raw_results/seed1/benchmark_signed_phiz.json,SC-INR,Seed1 raw key SC-INR is legacy no-phase; SC-INR+PhiZ is final SC-INR.,SC-INR-NoPhi,ablation_previous_main,"feature-conditioned omega, no feature phase",artifacts/checkpoints/seed1/sc-inr-nophi/epoch-best.pth,benchmark_hr_downsample_4datasets_9scales_eval_full,BSD100,x16,OOD,22.623800,true
1,seed1_signed_phiz,artifacts/raw_results/seed1/benchmark_signed_phiz.json,SC-INR,Seed1 raw key SC-INR is legacy no-phase; SC-INR+PhiZ is final SC-INR.,SC-INR-NoPhi,ablation_previous_main,"feature-conditioned omega, no feature phase",artifacts/checkpoints/seed1/sc-inr-nophi/epoch-best.pth,benchmark_hr_downsample_4datasets_9scales_eval_full,BSD100,x24,OOD,21.403700,true
1,seed1_signed_phiz,artifacts/raw_results/seed1/benchmark_signed_phiz.json,SC-INR,Seed1 raw key SC-INR is legacy no-phase; SC-INR+PhiZ is final SC-INR.,SC-INR-NoPhi,ablation_previous_main,"feature-conditioned omega, no feature phase",artifacts/checkpoints/seed1/sc-inr-nophi/epoch-best.pth,benchmark_hr_downsample_4datasets_9scales_eval_full,BSD100,x30,OOD,20.685400,true
1,seed1_signed_phiz,artifacts/raw_results/seed1/benchmark_signed_phiz.json,SC-INR,Seed1 raw key SC-INR is legacy no-phase; SC-INR+PhiZ is final SC-INR.,SC-INR-NoPhi,ablation_previous_main,"feature-conditioned omega, no feature phase",artifacts/checkpoints/seed1/sc-inr-nophi/epoch-best.pth,benchmark_hr_downsample_4datasets_9scales_eval_full,Urban100,x2,ID,32.126600,true
1,seed1_signed_phiz,artifacts/raw_results/seed1/benchmark_signed_phiz.json,SC-INR,Seed1 raw key SC-INR is legacy no-phase; SC-INR+PhiZ is final SC-INR.,SC-INR-NoPhi,ablation_previous_main,"feature-conditioned omega, no feature phase",artifacts/checkpoints/seed1/sc-inr-nophi/epoch-best.pth,benchmark_hr_downsample_4datasets_9scales_eval_full,Urban100,x3,ID,28.209300,true
1,seed1_signed_phiz,artifacts/raw_results/seed1/benchmark_signed_phiz.json,SC-INR,Seed1 raw key SC-INR is legacy no-phase; SC-INR+PhiZ is final SC-INR.,SC-INR-NoPhi,ablation_previous_main,"feature-conditioned omega, no feature phase",artifacts/checkpoints/seed1/sc-inr-nophi/epoch-best.pth,benchmark_hr_downsample_4datasets_9scales_eval_full,Urban100,x4,ID,26.143500,true
1,seed1_signed_phiz,artifacts/raw_results/seed1/benchmark_signed_phiz.json,SC-INR,Seed1 raw key SC-INR is legacy no-phase; SC-INR+PhiZ is final SC-INR.,SC-INR-NoPhi,ablation_previous_main,"feature-conditioned omega, no feature phase",artifacts/checkpoints/seed1/sc-inr-nophi/epoch-best.pth,benchmark_hr_downsample_4datasets_9scales_eval_full,Urban100,x6,OOD,23.793400,true
1,seed1_signed_phiz,artifacts/raw_results/seed1/benchmark_signed_phiz.json,SC-INR,Seed1 raw key SC-INR is legacy no-phase; SC-INR+PhiZ is final SC-INR.,SC-INR-NoPhi,ablation_previous_main,"feature-conditioned omega, no feature phase",artifacts/checkpoints/seed1/sc-inr-nophi/epoch-best.pth,benchmark_hr_downsample_4datasets_9scales_eval_full,Urban100,x8,OOD,22.465400,true
1,seed1_signed_phiz,artifacts/raw_results/seed1/benchmark_signed_phiz.json,SC-INR,Seed1 raw key SC-INR is legacy no-phase; SC-INR+PhiZ is final SC-INR.,SC-INR-NoPhi,ablation_previous_main,"feature-conditioned omega, no feature phase",artifacts/checkpoints/seed1/sc-inr-nophi/epoch-best.pth,benchmark_hr_downsample_4datasets_9scales_eval_full,Urban100,x12,OOD,20.921000,true
1,seed1_signed_phiz,artifacts/raw_results/seed1/benchmark_signed_phiz.json,SC-INR,Seed1 raw key SC-INR is legacy no-phase; SC-INR+PhiZ is final SC-INR.,SC-INR-NoPhi,ablation_previous_main,"feature-conditioned omega, no feature phase",artifacts/checkpoints/seed1/sc-inr-nophi/epoch-best.pth,benchmark_hr_downsample_4datasets_9scales_eval_full,Urban100,x16,OOD,19.993000,true
1,seed1_signed_phiz,artifacts/raw_results/seed1/benchmark_signed_phiz.json,SC-INR,Seed1 raw key SC-INR is legacy no-phase; SC-INR+PhiZ is final SC-INR.,SC-INR-NoPhi,ablation_previous_main,"feature-conditioned omega, no feature phase",artifacts/checkpoints/seed1/sc-inr-nophi/epoch-best.pth,benchmark_hr_downsample_4datasets_9scales_eval_full,Urban100,x24,OOD,18.865800,true
1,seed1_signed_phiz,artifacts/raw_results/seed1/benchmark_signed_phiz.json,SC-INR,Seed1 raw key SC-INR is legacy no-phase; SC-INR+PhiZ is final SC-INR.,SC-INR-NoPhi,ablation_previous_main,"feature-conditioned omega, no feature phase",artifacts/checkpoints/seed1/sc-inr-nophi/epoch-best.pth,benchmark_hr_downsample_4datasets_9scales_eval_full,Urban100,x30,OOD,18.308900,true
1,seed1_signed_phiz,artifacts/raw_results/seed1/benchmark_signed_phiz.json,SC-INR-Signed,Seed1 raw key SC-INR is legacy no-phase; SC-INR+PhiZ is final SC-INR.,SC-INR-NoPhi-Signed,ablation,"signed omega, no feature phase",artifacts/checkpoints/seed1/sc-inr-nophi-signed/epoch-best.pth,benchmark_hr_downsample_4datasets_9scales_eval_full,Set5,x2,ID,37.971900,true
1,seed1_signed_phiz,artifacts/raw_results/seed1/benchmark_signed_phiz.json,SC-INR-Signed,Seed1 raw key SC-INR is legacy no-phase; SC-INR+PhiZ is final SC-INR.,SC-INR-NoPhi-Signed,ablation,"signed omega, no feature phase",artifacts/checkpoints/seed1/sc-inr-nophi-signed/epoch-best.pth,benchmark_hr_downsample_4datasets_9scales_eval_full,Set5,x3,ID,34.404200,true
1,seed1_signed_phiz,artifacts/raw_results/seed1/benchmark_signed_phiz.json,SC-INR-Signed,Seed1 raw key SC-INR is legacy no-phase; SC-INR+PhiZ is final SC-INR.,SC-INR-NoPhi-Signed,ablation,"signed omega, no feature phase",artifacts/checkpoints/seed1/sc-inr-nophi-signed/epoch-best.pth,benchmark_hr_downsample_4datasets_9scales_eval_full,Set5,x4,ID,32.231200,true
1,seed1_signed_phiz,artifacts/raw_results/seed1/benchmark_signed_phiz.json,SC-INR-Signed,Seed1 raw key SC-INR is legacy no-phase; SC-INR+PhiZ is final SC-INR.,SC-INR-NoPhi-Signed,ablation,"signed omega, no feature phase",artifacts/checkpoints/seed1/sc-inr-nophi-signed/epoch-best.pth,benchmark_hr_downsample_4datasets_9scales_eval_full,Set5,x6,OOD,28.915400,true
1,seed1_signed_phiz,artifacts/raw_results/seed1/benchmark_signed_phiz.json,SC-INR-Signed,Seed1 raw key SC-INR is legacy no-phase; SC-INR+PhiZ is final SC-INR.,SC-INR-NoPhi-Signed,ablation,"signed omega, no feature phase",artifacts/checkpoints/seed1/sc-inr-nophi-signed/epoch-best.pth,benchmark_hr_downsample_4datasets_9scales_eval_full,Set5,x8,OOD,26.962700,true
1,seed1_signed_phiz,artifacts/raw_results/seed1/benchmark_signed_phiz.json,SC-INR-Signed,Seed1 raw key SC-INR is legacy no-phase; SC-INR+PhiZ is final SC-INR.,SC-INR-NoPhi-Signed,ablation,"signed omega, no feature phase",artifacts/checkpoints/seed1/sc-inr-nophi-signed/epoch-best.pth,benchmark_hr_downsample_4datasets_9scales_eval_full,Set5,x12,OOD,24.597400,true
1,seed1_signed_phiz,artifacts/raw_results/seed1/benchmark_signed_phiz.json,SC-INR-Signed,Seed1 raw key SC-INR is legacy no-phase; SC-INR+PhiZ is final SC-INR.,SC-INR-NoPhi-Signed,ablation,"signed omega, no feature phase",artifacts/checkpoints/seed1/sc-inr-nophi-signed/epoch-best.pth,benchmark_hr_downsample_4datasets_9scales_eval_full,Set5,x16,OOD,22.990900,true
1,seed1_signed_phiz,artifacts/raw_results/seed1/benchmark_signed_phiz.json,SC-INR-Signed,Seed1 raw key SC-INR is legacy no-phase; SC-INR+PhiZ is final SC-INR.,SC-INR-NoPhi-Signed,ablation,"signed omega, no feature phase",artifacts/checkpoints/seed1/sc-inr-nophi-signed/epoch-best.pth,benchmark_hr_downsample_4datasets_9scales_eval_full,Set5,x24,OOD,21.392900,true
1,seed1_signed_phiz,artifacts/raw_results/seed1/benchmark_signed_phiz.json,SC-INR-Signed,Seed1 raw key SC-INR is legacy no-phase; SC-INR+PhiZ is final SC-INR.,SC-INR-NoPhi-Signed,ablation,"signed omega, no feature phase",artifacts/checkpoints/seed1/sc-inr-nophi-signed/epoch-best.pth,benchmark_hr_downsample_4datasets_9scales_eval_full,Set5,x30,OOD,20.554400,true
1,seed1_signed_phiz,artifacts/raw_results/seed1/benchmark_signed_phiz.json,SC-INR-Signed,Seed1 raw key SC-INR is legacy no-phase; SC-INR+PhiZ is final SC-INR.,SC-INR-NoPhi-Signed,ablation,"signed omega, no feature phase",artifacts/checkpoints/seed1/sc-inr-nophi-signed/epoch-best.pth,benchmark_hr_downsample_4datasets_9scales_eval_full,Set14,x2,ID,33.658300,true
1,seed1_signed_phiz,artifacts/raw_results/seed1/benchmark_signed_phiz.json,SC-INR-Signed,Seed1 raw key SC-INR is legacy no-phase; SC-INR+PhiZ is final SC-INR.,SC-INR-NoPhi-Signed,ablation,"signed omega, no feature phase",artifacts/checkpoints/seed1/sc-inr-nophi-signed/epoch-best.pth,benchmark_hr_downsample_4datasets_9scales_eval_full,Set14,x3,ID,30.355100,true
1,seed1_signed_phiz,artifacts/raw_results/seed1/benchmark_signed_phiz.json,SC-INR-Signed,Seed1 raw key SC-INR is legacy no-phase; SC-INR+PhiZ is final SC-INR.,SC-INR-NoPhi-Signed,ablation,"signed omega, no feature phase",artifacts/checkpoints/seed1/sc-inr-nophi-signed/epoch-best.pth,benchmark_hr_downsample_4datasets_9scales_eval_full,Set14,x4,ID,28.659300,true
1,seed1_signed_phiz,artifacts/raw_results/seed1/benchmark_signed_phiz.json,SC-INR-Signed,Seed1 raw key SC-INR is legacy no-phase; SC-INR+PhiZ is final SC-INR.,SC-INR-NoPhi-Signed,ablation,"signed omega, no feature phase",artifacts/checkpoints/seed1/sc-inr-nophi-signed/epoch-best.pth,benchmark_hr_downsample_4datasets_9scales_eval_full,Set14,x6,OOD,26.444300,true
1,seed1_signed_phiz,artifacts/raw_results/seed1/benchmark_signed_phiz.json,SC-INR-Signed,Seed1 raw key SC-INR is legacy no-phase; SC-INR+PhiZ is final SC-INR.,SC-INR-NoPhi-Signed,ablation,"signed omega, no feature phase",artifacts/checkpoints/seed1/sc-inr-nophi-signed/epoch-best.pth,benchmark_hr_downsample_4datasets_9scales_eval_full,Set14,x8,OOD,24.939000,true
1,seed1_signed_phiz,artifacts/raw_results/seed1/benchmark_signed_phiz.json,SC-INR-Signed,Seed1 raw key SC-INR is legacy no-phase; SC-INR+PhiZ is final SC-INR.,SC-INR-NoPhi-Signed,ablation,"signed omega, no feature phase",artifacts/checkpoints/seed1/sc-inr-nophi-signed/epoch-best.pth,benchmark_hr_downsample_4datasets_9scales_eval_full,Set14,x12,OOD,23.159300,true
1,seed1_signed_phiz,artifacts/raw_results/seed1/benchmark_signed_phiz.json,SC-INR-Signed,Seed1 raw key SC-INR is legacy no-phase; SC-INR+PhiZ is final SC-INR.,SC-INR-NoPhi-Signed,ablation,"signed omega, no feature phase",artifacts/checkpoints/seed1/sc-inr-nophi-signed/epoch-best.pth,benchmark_hr_downsample_4datasets_9scales_eval_full,Set14,x16,OOD,22.112000,true
1,seed1_signed_phiz,artifacts/raw_results/seed1/benchmark_signed_phiz.json,SC-INR-Signed,Seed1 raw key SC-INR is legacy no-phase; SC-INR+PhiZ is final SC-INR.,SC-INR-NoPhi-Signed,ablation,"signed omega, no feature phase",artifacts/checkpoints/seed1/sc-inr-nophi-signed/epoch-best.pth,benchmark_hr_downsample_4datasets_9scales_eval_full,Set14,x24,OOD,20.660300,true
1,seed1_signed_phiz,artifacts/raw_results/seed1/benchmark_signed_phiz.json,SC-INR-Signed,Seed1 raw key SC-INR is legacy no-phase; SC-INR+PhiZ is final SC-INR.,SC-INR-NoPhi-Signed,ablation,"signed omega, no feature phase",artifacts/checkpoints/seed1/sc-inr-nophi-signed/epoch-best.pth,benchmark_hr_downsample_4datasets_9scales_eval_full,Set14,x30,OOD,19.817000,true
1,seed1_signed_phiz,artifacts/raw_results/seed1/benchmark_signed_phiz.json,SC-INR-Signed,Seed1 raw key SC-INR is legacy no-phase; SC-INR+PhiZ is final SC-INR.,SC-INR-NoPhi-Signed,ablation,"signed omega, no feature phase",artifacts/checkpoints/seed1/sc-inr-nophi-signed/epoch-best.pth,benchmark_hr_downsample_4datasets_9scales_eval_full,BSD100,x2,ID,32.184000,true
1,seed1_signed_phiz,artifacts/raw_results/seed1/benchmark_signed_phiz.json,SC-INR-Signed,Seed1 raw key SC-INR is legacy no-phase; SC-INR+PhiZ is final SC-INR.,SC-INR-NoPhi-Signed,ablation,"signed omega, no feature phase",artifacts/checkpoints/seed1/sc-inr-nophi-signed/epoch-best.pth,benchmark_hr_downsample_4datasets_9scales_eval_full,BSD100,x3,ID,29.120500,true
1,seed1_signed_phiz,artifacts/raw_results/seed1/benchmark_signed_phiz.json,SC-INR-Signed,Seed1 raw key SC-INR is legacy no-phase; SC-INR+PhiZ is final SC-INR.,SC-INR-NoPhi-Signed,ablation,"signed omega, no feature phase",artifacts/checkpoints/seed1/sc-inr-nophi-signed/epoch-best.pth,benchmark_hr_downsample_4datasets_9scales_eval_full,BSD100,x4,ID,27.608000,true
1,seed1_signed_phiz,artifacts/raw_results/seed1/benchmark_signed_phiz.json,SC-INR-Signed,Seed1 raw key SC-INR is legacy no-phase; SC-INR+PhiZ is final SC-INR.,SC-INR-NoPhi-Signed,ablation,"signed omega, no feature phase",artifacts/checkpoints/seed1/sc-inr-nophi-signed/epoch-best.pth,benchmark_hr_downsample_4datasets_9scales_eval_full,BSD100,x6,OOD,25.854300,true
1,seed1_signed_phiz,artifacts/raw_results/seed1/benchmark_signed_phiz.json,SC-INR-Signed,Seed1 raw key SC-INR is legacy no-phase; SC-INR+PhiZ is final SC-INR.,SC-INR-NoPhi-Signed,ablation,"signed omega, no feature phase",artifacts/checkpoints/seed1/sc-inr-nophi-signed/epoch-best.pth,benchmark_hr_downsample_4datasets_9scales_eval_full,BSD100,x8,OOD,24.813400,true
1,seed1_signed_phiz,artifacts/raw_results/seed1/benchmark_signed_phiz.json,SC-INR-Signed,Seed1 raw key SC-INR is legacy no-phase; SC-INR+PhiZ is final SC-INR.,SC-INR-NoPhi-Signed,ablation,"signed omega, no feature phase",artifacts/checkpoints/seed1/sc-inr-nophi-signed/epoch-best.pth,benchmark_hr_downsample_4datasets_9scales_eval_full,BSD100,x12,OOD,23.500500,true
1,seed1_signed_phiz,artifacts/raw_results/seed1/benchmark_signed_phiz.json,SC-INR-Signed,Seed1 raw key SC-INR is legacy no-phase; SC-INR+PhiZ is final SC-INR.,SC-INR-NoPhi-Signed,ablation,"signed omega, no feature phase",artifacts/checkpoints/seed1/sc-inr-nophi-signed/epoch-best.pth,benchmark_hr_downsample_4datasets_9scales_eval_full,BSD100,x16,OOD,22.631000,true
1,seed1_signed_phiz,artifacts/raw_results/seed1/benchmark_signed_phiz.json,SC-INR-Signed,Seed1 raw key SC-INR is legacy no-phase; SC-INR+PhiZ is final SC-INR.,SC-INR-NoPhi-Signed,ablation,"signed omega, no feature phase",artifacts/checkpoints/seed1/sc-inr-nophi-signed/epoch-best.pth,benchmark_hr_downsample_4datasets_9scales_eval_full,BSD100,x24,OOD,21.393800,true
1,seed1_signed_phiz,artifacts/raw_results/seed1/benchmark_signed_phiz.json,SC-INR-Signed,Seed1 raw key SC-INR is legacy no-phase; SC-INR+PhiZ is final SC-INR.,SC-INR-NoPhi-Signed,ablation,"signed omega, no feature phase",artifacts/checkpoints/seed1/sc-inr-nophi-signed/epoch-best.pth,benchmark_hr_downsample_4datasets_9scales_eval_full,BSD100,x30,OOD,20.699300,true
1,seed1_signed_phiz,artifacts/raw_results/seed1/benchmark_signed_phiz.json,SC-INR-Signed,Seed1 raw key SC-INR is legacy no-phase; SC-INR+PhiZ is final SC-INR.,SC-INR-NoPhi-Signed,ablation,"signed omega, no feature phase",artifacts/checkpoints/seed1/sc-inr-nophi-signed/epoch-best.pth,benchmark_hr_downsample_4datasets_9scales_eval_full,Urban100,x2,ID,32.143700,true
1,seed1_signed_phiz,artifacts/raw_results/seed1/benchmark_signed_phiz.json,SC-INR-Signed,Seed1 raw key SC-INR is legacy no-phase; SC-INR+PhiZ is final SC-INR.,SC-INR-NoPhi-Signed,ablation,"signed omega, no feature phase",artifacts/checkpoints/seed1/sc-inr-nophi-signed/epoch-best.pth,benchmark_hr_downsample_4datasets_9scales_eval_full,Urban100,x3,ID,28.205700,true
1,seed1_signed_phiz,artifacts/raw_results/seed1/benchmark_signed_phiz.json,SC-INR-Signed,Seed1 raw key SC-INR is legacy no-phase; SC-INR+PhiZ is final SC-INR.,SC-INR-NoPhi-Signed,ablation,"signed omega, no feature phase",artifacts/checkpoints/seed1/sc-inr-nophi-signed/epoch-best.pth,benchmark_hr_downsample_4datasets_9scales_eval_full,Urban100,x4,ID,26.138800,true
1,seed1_signed_phiz,artifacts/raw_results/seed1/benchmark_signed_phiz.json,SC-INR-Signed,Seed1 raw key SC-INR is legacy no-phase; SC-INR+PhiZ is final SC-INR.,SC-INR-NoPhi-Signed,ablation,"signed omega, no feature phase",artifacts/checkpoints/seed1/sc-inr-nophi-signed/epoch-best.pth,benchmark_hr_downsample_4datasets_9scales_eval_full,Urban100,x6,OOD,23.797300,true
1,seed1_signed_phiz,artifacts/raw_results/seed1/benchmark_signed_phiz.json,SC-INR-Signed,Seed1 raw key SC-INR is legacy no-phase; SC-INR+PhiZ is final SC-INR.,SC-INR-NoPhi-Signed,ablation,"signed omega, no feature phase",artifacts/checkpoints/seed1/sc-inr-nophi-signed/epoch-best.pth,benchmark_hr_downsample_4datasets_9scales_eval_full,Urban100,x8,OOD,22.481700,true
1,seed1_signed_phiz,artifacts/raw_results/seed1/benchmark_signed_phiz.json,SC-INR-Signed,Seed1 raw key SC-INR is legacy no-phase; SC-INR+PhiZ is final SC-INR.,SC-INR-NoPhi-Signed,ablation,"signed omega, no feature phase",artifacts/checkpoints/seed1/sc-inr-nophi-signed/epoch-best.pth,benchmark_hr_downsample_4datasets_9scales_eval_full,Urban100,x12,OOD,20.919700,true
1,seed1_signed_phiz,artifacts/raw_results/seed1/benchmark_signed_phiz.json,SC-INR-Signed,Seed1 raw key SC-INR is legacy no-phase; SC-INR+PhiZ is final SC-INR.,SC-INR-NoPhi-Signed,ablation,"signed omega, no feature phase",artifacts/checkpoints/seed1/sc-inr-nophi-signed/epoch-best.pth,benchmark_hr_downsample_4datasets_9scales_eval_full,Urban100,x16,OOD,19.988400,true
1,seed1_signed_phiz,artifacts/raw_results/seed1/benchmark_signed_phiz.json,SC-INR-Signed,Seed1 raw key SC-INR is legacy no-phase; SC-INR+PhiZ is final SC-INR.,SC-INR-NoPhi-Signed,ablation,"signed omega, no feature phase",artifacts/checkpoints/seed1/sc-inr-nophi-signed/epoch-best.pth,benchmark_hr_downsample_4datasets_9scales_eval_full,Urban100,x24,OOD,18.863300,true
1,seed1_signed_phiz,artifacts/raw_results/seed1/benchmark_signed_phiz.json,SC-INR-Signed,Seed1 raw key SC-INR is legacy no-phase; SC-INR+PhiZ is final SC-INR.,SC-INR-NoPhi-Signed,ablation,"signed omega, no feature phase",artifacts/checkpoints/seed1/sc-inr-nophi-signed/epoch-best.pth,benchmark_hr_downsample_4datasets_9scales_eval_full,Urban100,x30,OOD,18.314400,true
1,seed1_signed_phiz,artifacts/raw_results/seed1/benchmark_signed_phiz.json,SC-INR+PhiZ,Seed1 raw key SC-INR is legacy no-phase; SC-INR+PhiZ is final SC-INR.,SC-INR,active_final_candidate,signed omega plus feature-conditioned phi(z),artifacts/checkpoints/seed1/sc-inr/epoch-best.pth,benchmark_hr_downsample_4datasets_9scales_eval_full,Set5,x2,ID,38.045300,true
1,seed1_signed_phiz,artifacts/raw_results/seed1/benchmark_signed_phiz.json,SC-INR+PhiZ,Seed1 raw key SC-INR is legacy no-phase; SC-INR+PhiZ is final SC-INR.,SC-INR,active_final_candidate,signed omega plus feature-conditioned phi(z),artifacts/checkpoints/seed1/sc-inr/epoch-best.pth,benchmark_hr_downsample_4datasets_9scales_eval_full,Set5,x3,ID,34.498100,true
1,seed1_signed_phiz,artifacts/raw_results/seed1/benchmark_signed_phiz.json,SC-INR+PhiZ,Seed1 raw key SC-INR is legacy no-phase; SC-INR+PhiZ is final SC-INR.,SC-INR,active_final_candidate,signed omega plus feature-conditioned phi(z),artifacts/checkpoints/seed1/sc-inr/epoch-best.pth,benchmark_hr_downsample_4datasets_9scales_eval_full,Set5,x4,ID,32.260900,true
1,seed1_signed_phiz,artifacts/raw_results/seed1/benchmark_signed_phiz.json,SC-INR+PhiZ,Seed1 raw key SC-INR is legacy no-phase; SC-INR+PhiZ is final SC-INR.,SC-INR,active_final_candidate,signed omega plus feature-conditioned phi(z),artifacts/checkpoints/seed1/sc-inr/epoch-best.pth,benchmark_hr_downsample_4datasets_9scales_eval_full,Set5,x6,OOD,28.975400,true
1,seed1_signed_phiz,artifacts/raw_results/seed1/benchmark_signed_phiz.json,SC-INR+PhiZ,Seed1 raw key SC-INR is legacy no-phase; SC-INR+PhiZ is final SC-INR.,SC-INR,active_final_candidate,signed omega plus feature-conditioned phi(z),artifacts/checkpoints/seed1/sc-inr/epoch-best.pth,benchmark_hr_downsample_4datasets_9scales_eval_full,Set5,x8,OOD,27.038900,true
1,seed1_signed_phiz,artifacts/raw_results/seed1/benchmark_signed_phiz.json,SC-INR+PhiZ,Seed1 raw key SC-INR is legacy no-phase; SC-INR+PhiZ is final SC-INR.,SC-INR,active_final_candidate,signed omega plus feature-conditioned phi(z),artifacts/checkpoints/seed1/sc-inr/epoch-best.pth,benchmark_hr_downsample_4datasets_9scales_eval_full,Set5,x12,OOD,24.654900,true
1,seed1_signed_phiz,artifacts/raw_results/seed1/benchmark_signed_phiz.json,SC-INR+PhiZ,Seed1 raw key SC-INR is legacy no-phase; SC-INR+PhiZ is final SC-INR.,SC-INR,active_final_candidate,signed omega plus feature-conditioned phi(z),artifacts/checkpoints/seed1/sc-inr/epoch-best.pth,benchmark_hr_downsample_4datasets_9scales_eval_full,Set5,x16,OOD,23.082200,true
1,seed1_signed_phiz,artifacts/raw_results/seed1/benchmark_signed_phiz.json,SC-INR+PhiZ,Seed1 raw key SC-INR is legacy no-phase; SC-INR+PhiZ is final SC-INR.,SC-INR,active_final_candidate,signed omega plus feature-conditioned phi(z),artifacts/checkpoints/seed1/sc-inr/epoch-best.pth,benchmark_hr_downsample_4datasets_9scales_eval_full,Set5,x24,OOD,21.414900,true
1,seed1_signed_phiz,artifacts/raw_results/seed1/benchmark_signed_phiz.json,SC-INR+PhiZ,Seed1 raw key SC-INR is legacy no-phase; SC-INR+PhiZ is final SC-INR.,SC-INR,active_final_candidate,signed omega plus feature-conditioned phi(z),artifacts/checkpoints/seed1/sc-inr/epoch-best.pth,benchmark_hr_downsample_4datasets_9scales_eval_full,Set5,x30,OOD,20.613800,true
1,seed1_signed_phiz,artifacts/raw_results/seed1/benchmark_signed_phiz.json,SC-INR+PhiZ,Seed1 raw key SC-INR is legacy no-phase; SC-INR+PhiZ is final SC-INR.,SC-INR,active_final_candidate,signed omega plus feature-conditioned phi(z),artifacts/checkpoints/seed1/sc-inr/epoch-best.pth,benchmark_hr_downsample_4datasets_9scales_eval_full,Set14,x2,ID,33.685900,true
1,seed1_signed_phiz,artifacts/raw_results/seed1/benchmark_signed_phiz.json,SC-INR+PhiZ,Seed1 raw key SC-INR is legacy no-phase; SC-INR+PhiZ is final SC-INR.,SC-INR,active_final_candidate,signed omega plus feature-conditioned phi(z),artifacts/checkpoints/seed1/sc-inr/epoch-best.pth,benchmark_hr_downsample_4datasets_9scales_eval_full,Set14,x3,ID,30.411400,true
1,seed1_signed_phiz,artifacts/raw_results/seed1/benchmark_signed_phiz.json,SC-INR+PhiZ,Seed1 raw key SC-INR is legacy no-phase; SC-INR+PhiZ is final SC-INR.,SC-INR,active_final_candidate,signed omega plus feature-conditioned phi(z),artifacts/checkpoints/seed1/sc-inr/epoch-best.pth,benchmark_hr_downsample_4datasets_9scales_eval_full,Set14,x4,ID,28.695500,true
1,seed1_signed_phiz,artifacts/raw_results/seed1/benchmark_signed_phiz.json,SC-INR+PhiZ,Seed1 raw key SC-INR is legacy no-phase; SC-INR+PhiZ is final SC-INR.,SC-INR,active_final_candidate,signed omega plus feature-conditioned phi(z),artifacts/checkpoints/seed1/sc-inr/epoch-best.pth,benchmark_hr_downsample_4datasets_9scales_eval_full,Set14,x6,OOD,26.498400,true
1,seed1_signed_phiz,artifacts/raw_results/seed1/benchmark_signed_phiz.json,SC-INR+PhiZ,Seed1 raw key SC-INR is legacy no-phase; SC-INR+PhiZ is final SC-INR.,SC-INR,active_final_candidate,signed omega plus feature-conditioned phi(z),artifacts/checkpoints/seed1/sc-inr/epoch-best.pth,benchmark_hr_downsample_4datasets_9scales_eval_full,Set14,x8,OOD,24.951300,true
1,seed1_signed_phiz,artifacts/raw_results/seed1/benchmark_signed_phiz.json,SC-INR+PhiZ,Seed1 raw key SC-INR is legacy no-phase; SC-INR+PhiZ is final SC-INR.,SC-INR,active_final_candidate,signed omega plus feature-conditioned phi(z),artifacts/checkpoints/seed1/sc-inr/epoch-best.pth,benchmark_hr_downsample_4datasets_9scales_eval_full,Set14,x12,OOD,23.199700,true
1,seed1_signed_phiz,artifacts/raw_results/seed1/benchmark_signed_phiz.json,SC-INR+PhiZ,Seed1 raw key SC-INR is legacy no-phase; SC-INR+PhiZ is final SC-INR.,SC-INR,active_final_candidate,signed omega plus feature-conditioned phi(z),artifacts/checkpoints/seed1/sc-inr/epoch-best.pth,benchmark_hr_downsample_4datasets_9scales_eval_full,Set14,x16,OOD,22.123200,true
1,seed1_signed_phiz,artifacts/raw_results/seed1/benchmark_signed_phiz.json,SC-INR+PhiZ,Seed1 raw key SC-INR is legacy no-phase; SC-INR+PhiZ is final SC-INR.,SC-INR,active_final_candidate,signed omega plus feature-conditioned phi(z),artifacts/checkpoints/seed1/sc-inr/epoch-best.pth,benchmark_hr_downsample_4datasets_9scales_eval_full,Set14,x24,OOD,20.669100,true
1,seed1_signed_phiz,artifacts/raw_results/seed1/benchmark_signed_phiz.json,SC-INR+PhiZ,Seed1 raw key SC-INR is legacy no-phase; SC-INR+PhiZ is final SC-INR.,SC-INR,active_final_candidate,signed omega plus feature-conditioned phi(z),artifacts/checkpoints/seed1/sc-inr/epoch-best.pth,benchmark_hr_downsample_4datasets_9scales_eval_full,Set14,x30,OOD,19.810100,true
1,seed1_signed_phiz,artifacts/raw_results/seed1/benchmark_signed_phiz.json,SC-INR+PhiZ,Seed1 raw key SC-INR is legacy no-phase; SC-INR+PhiZ is final SC-INR.,SC-INR,active_final_candidate,signed omega plus feature-conditioned phi(z),artifacts/checkpoints/seed1/sc-inr/epoch-best.pth,benchmark_hr_downsample_4datasets_9scales_eval_full,BSD100,x2,ID,32.212800,true
1,seed1_signed_phiz,artifacts/raw_results/seed1/benchmark_signed_phiz.json,SC-INR+PhiZ,Seed1 raw key SC-INR is legacy no-phase; SC-INR+PhiZ is final SC-INR.,SC-INR,active_final_candidate,signed omega plus feature-conditioned phi(z),artifacts/checkpoints/seed1/sc-inr/epoch-best.pth,benchmark_hr_downsample_4datasets_9scales_eval_full,BSD100,x3,ID,29.146900,true
1,seed1_signed_phiz,artifacts/raw_results/seed1/benchmark_signed_phiz.json,SC-INR+PhiZ,Seed1 raw key SC-INR is legacy no-phase; SC-INR+PhiZ is final SC-INR.,SC-INR,active_final_candidate,signed omega plus feature-conditioned phi(z),artifacts/checkpoints/seed1/sc-inr/epoch-best.pth,benchmark_hr_downsample_4datasets_9scales_eval_full,BSD100,x4,ID,27.631600,true
1,seed1_signed_phiz,artifacts/raw_results/seed1/benchmark_signed_phiz.json,SC-INR+PhiZ,Seed1 raw key SC-INR is legacy no-phase; SC-INR+PhiZ is final SC-INR.,SC-INR,active_final_candidate,signed omega plus feature-conditioned phi(z),artifacts/checkpoints/seed1/sc-inr/epoch-best.pth,benchmark_hr_downsample_4datasets_9scales_eval_full,BSD100,x6,OOD,25.877700,true
1,seed1_signed_phiz,artifacts/raw_results/seed1/benchmark_signed_phiz.json,SC-INR+PhiZ,Seed1 raw key SC-INR is legacy no-phase; SC-INR+PhiZ is final SC-INR.,SC-INR,active_final_candidate,signed omega plus feature-conditioned phi(z),artifacts/checkpoints/seed1/sc-inr/epoch-best.pth,benchmark_hr_downsample_4datasets_9scales_eval_full,BSD100,x8,OOD,24.833200,true
1,seed1_signed_phiz,artifacts/raw_results/seed1/benchmark_signed_phiz.json,SC-INR+PhiZ,Seed1 raw key SC-INR is legacy no-phase; SC-INR+PhiZ is final SC-INR.,SC-INR,active_final_candidate,signed omega plus feature-conditioned phi(z),artifacts/checkpoints/seed1/sc-inr/epoch-best.pth,benchmark_hr_downsample_4datasets_9scales_eval_full,BSD100,x12,OOD,23.516900,true
1,seed1_signed_phiz,artifacts/raw_results/seed1/benchmark_signed_phiz.json,SC-INR+PhiZ,Seed1 raw key SC-INR is legacy no-phase; SC-INR+PhiZ is final SC-INR.,SC-INR,active_final_candidate,signed omega plus feature-conditioned phi(z),artifacts/checkpoints/seed1/sc-inr/epoch-best.pth,benchmark_hr_downsample_4datasets_9scales_eval_full,BSD100,x16,OOD,22.644100,true
1,seed1_signed_phiz,artifacts/raw_results/seed1/benchmark_signed_phiz.json,SC-INR+PhiZ,Seed1 raw key SC-INR is legacy no-phase; SC-INR+PhiZ is final SC-INR.,SC-INR,active_final_candidate,signed omega plus feature-conditioned phi(z),artifacts/checkpoints/seed1/sc-inr/epoch-best.pth,benchmark_hr_downsample_4datasets_9scales_eval_full,BSD100,x24,OOD,21.410100,true
1,seed1_signed_phiz,artifacts/raw_results/seed1/benchmark_signed_phiz.json,SC-INR+PhiZ,Seed1 raw key SC-INR is legacy no-phase; SC-INR+PhiZ is final SC-INR.,SC-INR,active_final_candidate,signed omega plus feature-conditioned phi(z),artifacts/checkpoints/seed1/sc-inr/epoch-best.pth,benchmark_hr_downsample_4datasets_9scales_eval_full,BSD100,x30,OOD,20.699900,true
1,seed1_signed_phiz,artifacts/raw_results/seed1/benchmark_signed_phiz.json,SC-INR+PhiZ,Seed1 raw key SC-INR is legacy no-phase; SC-INR+PhiZ is final SC-INR.,SC-INR,active_final_candidate,signed omega plus feature-conditioned phi(z),artifacts/checkpoints/seed1/sc-inr/epoch-best.pth,benchmark_hr_downsample_4datasets_9scales_eval_full,Urban100,x2,ID,32.278400,true
1,seed1_signed_phiz,artifacts/raw_results/seed1/benchmark_signed_phiz.json,SC-INR+PhiZ,Seed1 raw key SC-INR is legacy no-phase; SC-INR+PhiZ is final SC-INR.,SC-INR,active_final_candidate,signed omega plus feature-conditioned phi(z),artifacts/checkpoints/seed1/sc-inr/epoch-best.pth,benchmark_hr_downsample_4datasets_9scales_eval_full,Urban100,x3,ID,28.315400,true
1,seed1_signed_phiz,artifacts/raw_results/seed1/benchmark_signed_phiz.json,SC-INR+PhiZ,Seed1 raw key SC-INR is legacy no-phase; SC-INR+PhiZ is final SC-INR.,SC-INR,active_final_candidate,signed omega plus feature-conditioned phi(z),artifacts/checkpoints/seed1/sc-inr/epoch-best.pth,benchmark_hr_downsample_4datasets_9scales_eval_full,Urban100,x4,ID,26.242400,true
1,seed1_signed_phiz,artifacts/raw_results/seed1/benchmark_signed_phiz.json,SC-INR+PhiZ,Seed1 raw key SC-INR is legacy no-phase; SC-INR+PhiZ is final SC-INR.,SC-INR,active_final_candidate,signed omega plus feature-conditioned phi(z),artifacts/checkpoints/seed1/sc-inr/epoch-best.pth,benchmark_hr_downsample_4datasets_9scales_eval_full,Urban100,x6,OOD,23.870900,true
1,seed1_signed_phiz,artifacts/raw_results/seed1/benchmark_signed_phiz.json,SC-INR+PhiZ,Seed1 raw key SC-INR is legacy no-phase; SC-INR+PhiZ is final SC-INR.,SC-INR,active_final_candidate,signed omega plus feature-conditioned phi(z),artifacts/checkpoints/seed1/sc-inr/epoch-best.pth,benchmark_hr_downsample_4datasets_9scales_eval_full,Urban100,x8,OOD,22.536800,true
1,seed1_signed_phiz,artifacts/raw_results/seed1/benchmark_signed_phiz.json,SC-INR+PhiZ,Seed1 raw key SC-INR is legacy no-phase; SC-INR+PhiZ is final SC-INR.,SC-INR,active_final_candidate,signed omega plus feature-conditioned phi(z),artifacts/checkpoints/seed1/sc-inr/epoch-best.pth,benchmark_hr_downsample_4datasets_9scales_eval_full,Urban100,x12,OOD,20.955400,true
1,seed1_signed_phiz,artifacts/raw_results/seed1/benchmark_signed_phiz.json,SC-INR+PhiZ,Seed1 raw key SC-INR is legacy no-phase; SC-INR+PhiZ is final SC-INR.,SC-INR,active_final_candidate,signed omega plus feature-conditioned phi(z),artifacts/checkpoints/seed1/sc-inr/epoch-best.pth,benchmark_hr_downsample_4datasets_9scales_eval_full,Urban100,x16,OOD,20.023800,true
1,seed1_signed_phiz,artifacts/raw_results/seed1/benchmark_signed_phiz.json,SC-INR+PhiZ,Seed1 raw key SC-INR is legacy no-phase; SC-INR+PhiZ is final SC-INR.,SC-INR,active_final_candidate,signed omega plus feature-conditioned phi(z),artifacts/checkpoints/seed1/sc-inr/epoch-best.pth,benchmark_hr_downsample_4datasets_9scales_eval_full,Urban100,x24,OOD,18.890300,true
1,seed1_signed_phiz,artifacts/raw_results/seed1/benchmark_signed_phiz.json,SC-INR+PhiZ,Seed1 raw key SC-INR is legacy no-phase; SC-INR+PhiZ is final SC-INR.,SC-INR,active_final_candidate,signed omega plus feature-conditioned phi(z),artifacts/checkpoints/seed1/sc-inr/epoch-best.pth,benchmark_hr_downsample_4datasets_9scales_eval_full,Urban100,x30,OOD,18.346800,true
1,seed1_nosinc,artifacts/raw_results/seed1/benchmark_sc_inr_nosinc.json,SC-INR-NoSinc,Seed1 final-candidate ablation without analytic sinc response.,SC-INR-NoSinc,ablation_seed1_benchmark_aux_complete,"signed omega plus feature-conditioned phi(z), without analytic sinc response",artifacts/checkpoints/seed1/sc-inr-nosinc/epoch-best.pth,benchmark_hr_downsample_4datasets_9scales_eval_full,Set5,x2,ID,37.926900,true
1,seed1_nosinc,artifacts/raw_results/seed1/benchmark_sc_inr_nosinc.json,SC-INR-NoSinc,Seed1 final-candidate ablation without analytic sinc response.,SC-INR-NoSinc,ablation_seed1_benchmark_aux_complete,"signed omega plus feature-conditioned phi(z), without analytic sinc response",artifacts/checkpoints/seed1/sc-inr-nosinc/epoch-best.pth,benchmark_hr_downsample_4datasets_9scales_eval_full,Set5,x3,ID,34.225100,true
1,seed1_nosinc,artifacts/raw_results/seed1/benchmark_sc_inr_nosinc.json,SC-INR-NoSinc,Seed1 final-candidate ablation without analytic sinc response.,SC-INR-NoSinc,ablation_seed1_benchmark_aux_complete,"signed omega plus feature-conditioned phi(z), without analytic sinc response",artifacts/checkpoints/seed1/sc-inr-nosinc/epoch-best.pth,benchmark_hr_downsample_4datasets_9scales_eval_full,Set5,x4,ID,32.095900,true
1,seed1_nosinc,artifacts/raw_results/seed1/benchmark_sc_inr_nosinc.json,SC-INR-NoSinc,Seed1 final-candidate ablation without analytic sinc response.,SC-INR-NoSinc,ablation_seed1_benchmark_aux_complete,"signed omega plus feature-conditioned phi(z), without analytic sinc response",artifacts/checkpoints/seed1/sc-inr-nosinc/epoch-best.pth,benchmark_hr_downsample_4datasets_9scales_eval_full,Set5,x6,OOD,28.820800,true
1,seed1_nosinc,artifacts/raw_results/seed1/benchmark_sc_inr_nosinc.json,SC-INR-NoSinc,Seed1 final-candidate ablation without analytic sinc response.,SC-INR-NoSinc,ablation_seed1_benchmark_aux_complete,"signed omega plus feature-conditioned phi(z), without analytic sinc response",artifacts/checkpoints/seed1/sc-inr-nosinc/epoch-best.pth,benchmark_hr_downsample_4datasets_9scales_eval_full,Set5,x8,OOD,26.869200,true
1,seed1_nosinc,artifacts/raw_results/seed1/benchmark_sc_inr_nosinc.json,SC-INR-NoSinc,Seed1 final-candidate ablation without analytic sinc response.,SC-INR-NoSinc,ablation_seed1_benchmark_aux_complete,"signed omega plus feature-conditioned phi(z), without analytic sinc response",artifacts/checkpoints/seed1/sc-inr-nosinc/epoch-best.pth,benchmark_hr_downsample_4datasets_9scales_eval_full,Set5,x12,OOD,24.586000,true
1,seed1_nosinc,artifacts/raw_results/seed1/benchmark_sc_inr_nosinc.json,SC-INR-NoSinc,Seed1 final-candidate ablation without analytic sinc response.,SC-INR-NoSinc,ablation_seed1_benchmark_aux_complete,"signed omega plus feature-conditioned phi(z), without analytic sinc response",artifacts/checkpoints/seed1/sc-inr-nosinc/epoch-best.pth,benchmark_hr_downsample_4datasets_9scales_eval_full,Set5,x16,OOD,23.046500,true
1,seed1_nosinc,artifacts/raw_results/seed1/benchmark_sc_inr_nosinc.json,SC-INR-NoSinc,Seed1 final-candidate ablation without analytic sinc response.,SC-INR-NoSinc,ablation_seed1_benchmark_aux_complete,"signed omega plus feature-conditioned phi(z), without analytic sinc response",artifacts/checkpoints/seed1/sc-inr-nosinc/epoch-best.pth,benchmark_hr_downsample_4datasets_9scales_eval_full,Set5,x24,OOD,21.357800,true
1,seed1_nosinc,artifacts/raw_results/seed1/benchmark_sc_inr_nosinc.json,SC-INR-NoSinc,Seed1 final-candidate ablation without analytic sinc response.,SC-INR-NoSinc,ablation_seed1_benchmark_aux_complete,"signed omega plus feature-conditioned phi(z), without analytic sinc response",artifacts/checkpoints/seed1/sc-inr-nosinc/epoch-best.pth,benchmark_hr_downsample_4datasets_9scales_eval_full,Set5,x30,OOD,20.477800,true
1,seed1_nosinc,artifacts/raw_results/seed1/benchmark_sc_inr_nosinc.json,SC-INR-NoSinc,Seed1 final-candidate ablation without analytic sinc response.,SC-INR-NoSinc,ablation_seed1_benchmark_aux_complete,"signed omega plus feature-conditioned phi(z), without analytic sinc response",artifacts/checkpoints/seed1/sc-inr-nosinc/epoch-best.pth,benchmark_hr_downsample_4datasets_9scales_eval_full,Set14,x2,ID,33.545800,true
1,seed1_nosinc,artifacts/raw_results/seed1/benchmark_sc_inr_nosinc.json,SC-INR-NoSinc,Seed1 final-candidate ablation without analytic sinc response.,SC-INR-NoSinc,ablation_seed1_benchmark_aux_complete,"signed omega plus feature-conditioned phi(z), without analytic sinc response",artifacts/checkpoints/seed1/sc-inr-nosinc/epoch-best.pth,benchmark_hr_downsample_4datasets_9scales_eval_full,Set14,x3,ID,30.283700,true
1,seed1_nosinc,artifacts/raw_results/seed1/benchmark_sc_inr_nosinc.json,SC-INR-NoSinc,Seed1 final-candidate ablation without analytic sinc response.,SC-INR-NoSinc,ablation_seed1_benchmark_aux_complete,"signed omega plus feature-conditioned phi(z), without analytic sinc response",artifacts/checkpoints/seed1/sc-inr-nosinc/epoch-best.pth,benchmark_hr_downsample_4datasets_9scales_eval_full,Set14,x4,ID,28.640100,true
1,seed1_nosinc,artifacts/raw_results/seed1/benchmark_sc_inr_nosinc.json,SC-INR-NoSinc,Seed1 final-candidate ablation without analytic sinc response.,SC-INR-NoSinc,ablation_seed1_benchmark_aux_complete,"signed omega plus feature-conditioned phi(z), without analytic sinc response",artifacts/checkpoints/seed1/sc-inr-nosinc/epoch-best.pth,benchmark_hr_downsample_4datasets_9scales_eval_full,Set14,x6,OOD,26.417500,true
1,seed1_nosinc,artifacts/raw_results/seed1/benchmark_sc_inr_nosinc.json,SC-INR-NoSinc,Seed1 final-candidate ablation without analytic sinc response.,SC-INR-NoSinc,ablation_seed1_benchmark_aux_complete,"signed omega plus feature-conditioned phi(z), without analytic sinc response",artifacts/checkpoints/seed1/sc-inr-nosinc/epoch-best.pth,benchmark_hr_downsample_4datasets_9scales_eval_full,Set14,x8,OOD,24.875000,true
1,seed1_nosinc,artifacts/raw_results/seed1/benchmark_sc_inr_nosinc.json,SC-INR-NoSinc,Seed1 final-candidate ablation without analytic sinc response.,SC-INR-NoSinc,ablation_seed1_benchmark_aux_complete,"signed omega plus feature-conditioned phi(z), without analytic sinc response",artifacts/checkpoints/seed1/sc-inr-nosinc/epoch-best.pth,benchmark_hr_downsample_4datasets_9scales_eval_full,Set14,x12,OOD,23.186200,true
1,seed1_nosinc,artifacts/raw_results/seed1/benchmark_sc_inr_nosinc.json,SC-INR-NoSinc,Seed1 final-candidate ablation without analytic sinc response.,SC-INR-NoSinc,ablation_seed1_benchmark_aux_complete,"signed omega plus feature-conditioned phi(z), without analytic sinc response",artifacts/checkpoints/seed1/sc-inr-nosinc/epoch-best.pth,benchmark_hr_downsample_4datasets_9scales_eval_full,Set14,x16,OOD,22.123900,true
1,seed1_nosinc,artifacts/raw_results/seed1/benchmark_sc_inr_nosinc.json,SC-INR-NoSinc,Seed1 final-candidate ablation without analytic sinc response.,SC-INR-NoSinc,ablation_seed1_benchmark_aux_complete,"signed omega plus feature-conditioned phi(z), without analytic sinc response",artifacts/checkpoints/seed1/sc-inr-nosinc/epoch-best.pth,benchmark_hr_downsample_4datasets_9scales_eval_full,Set14,x24,OOD,20.664100,true
1,seed1_nosinc,artifacts/raw_results/seed1/benchmark_sc_inr_nosinc.json,SC-INR-NoSinc,Seed1 final-candidate ablation without analytic sinc response.,SC-INR-NoSinc,ablation_seed1_benchmark_aux_complete,"signed omega plus feature-conditioned phi(z), without analytic sinc response",artifacts/checkpoints/seed1/sc-inr-nosinc/epoch-best.pth,benchmark_hr_downsample_4datasets_9scales_eval_full,Set14,x30,OOD,19.828300,true
1,seed1_nosinc,artifacts/raw_results/seed1/benchmark_sc_inr_nosinc.json,SC-INR-NoSinc,Seed1 final-candidate ablation without analytic sinc response.,SC-INR-NoSinc,ablation_seed1_benchmark_aux_complete,"signed omega plus feature-conditioned phi(z), without analytic sinc response",artifacts/checkpoints/seed1/sc-inr-nosinc/epoch-best.pth,benchmark_hr_downsample_4datasets_9scales_eval_full,BSD100,x2,ID,32.136300,true
1,seed1_nosinc,artifacts/raw_results/seed1/benchmark_sc_inr_nosinc.json,SC-INR-NoSinc,Seed1 final-candidate ablation without analytic sinc response.,SC-INR-NoSinc,ablation_seed1_benchmark_aux_complete,"signed omega plus feature-conditioned phi(z), without analytic sinc response",artifacts/checkpoints/seed1/sc-inr-nosinc/epoch-best.pth,benchmark_hr_downsample_4datasets_9scales_eval_full,BSD100,x3,ID,29.009700,true
1,seed1_nosinc,artifacts/raw_results/seed1/benchmark_sc_inr_nosinc.json,SC-INR-NoSinc,Seed1 final-candidate ablation without analytic sinc response.,SC-INR-NoSinc,ablation_seed1_benchmark_aux_complete,"signed omega plus feature-conditioned phi(z), without analytic sinc response",artifacts/checkpoints/seed1/sc-inr-nosinc/epoch-best.pth,benchmark_hr_downsample_4datasets_9scales_eval_full,BSD100,x4,ID,27.582900,true
1,seed1_nosinc,artifacts/raw_results/seed1/benchmark_sc_inr_nosinc.json,SC-INR-NoSinc,Seed1 final-candidate ablation without analytic sinc response.,SC-INR-NoSinc,ablation_seed1_benchmark_aux_complete,"signed omega plus feature-conditioned phi(z), without analytic sinc response",artifacts/checkpoints/seed1/sc-inr-nosinc/epoch-best.pth,benchmark_hr_downsample_4datasets_9scales_eval_full,BSD100,x6,OOD,25.840300,true
1,seed1_nosinc,artifacts/raw_results/seed1/benchmark_sc_inr_nosinc.json,SC-INR-NoSinc,Seed1 final-candidate ablation without analytic sinc response.,SC-INR-NoSinc,ablation_seed1_benchmark_aux_complete,"signed omega plus feature-conditioned phi(z), without analytic sinc response",artifacts/checkpoints/seed1/sc-inr-nosinc/epoch-best.pth,benchmark_hr_downsample_4datasets_9scales_eval_full,BSD100,x8,OOD,24.798000,true
1,seed1_nosinc,artifacts/raw_results/seed1/benchmark_sc_inr_nosinc.json,SC-INR-NoSinc,Seed1 final-candidate ablation without analytic sinc response.,SC-INR-NoSinc,ablation_seed1_benchmark_aux_complete,"signed omega plus feature-conditioned phi(z), without analytic sinc response",artifacts/checkpoints/seed1/sc-inr-nosinc/epoch-best.pth,benchmark_hr_downsample_4datasets_9scales_eval_full,BSD100,x12,OOD,23.492600,true
1,seed1_nosinc,artifacts/raw_results/seed1/benchmark_sc_inr_nosinc.json,SC-INR-NoSinc,Seed1 final-candidate ablation without analytic sinc response.,SC-INR-NoSinc,ablation_seed1_benchmark_aux_complete,"signed omega plus feature-conditioned phi(z), without analytic sinc response",artifacts/checkpoints/seed1/sc-inr-nosinc/epoch-best.pth,benchmark_hr_downsample_4datasets_9scales_eval_full,BSD100,x16,OOD,22.623000,true
1,seed1_nosinc,artifacts/raw_results/seed1/benchmark_sc_inr_nosinc.json,SC-INR-NoSinc,Seed1 final-candidate ablation without analytic sinc response.,SC-INR-NoSinc,ablation_seed1_benchmark_aux_complete,"signed omega plus feature-conditioned phi(z), without analytic sinc response",artifacts/checkpoints/seed1/sc-inr-nosinc/epoch-best.pth,benchmark_hr_downsample_4datasets_9scales_eval_full,BSD100,x24,OOD,21.412900,true
1,seed1_nosinc,artifacts/raw_results/seed1/benchmark_sc_inr_nosinc.json,SC-INR-NoSinc,Seed1 final-candidate ablation without analytic sinc response.,SC-INR-NoSinc,ablation_seed1_benchmark_aux_complete,"signed omega plus feature-conditioned phi(z), without analytic sinc response",artifacts/checkpoints/seed1/sc-inr-nosinc/epoch-best.pth,benchmark_hr_downsample_4datasets_9scales_eval_full,BSD100,x30,OOD,20.699900,true
1,seed1_nosinc,artifacts/raw_results/seed1/benchmark_sc_inr_nosinc.json,SC-INR-NoSinc,Seed1 final-candidate ablation without analytic sinc response.,SC-INR-NoSinc,ablation_seed1_benchmark_aux_complete,"signed omega plus feature-conditioned phi(z), without analytic sinc response",artifacts/checkpoints/seed1/sc-inr-nosinc/epoch-best.pth,benchmark_hr_downsample_4datasets_9scales_eval_full,Urban100,x2,ID,31.996500,true
1,seed1_nosinc,artifacts/raw_results/seed1/benchmark_sc_inr_nosinc.json,SC-INR-NoSinc,Seed1 final-candidate ablation without analytic sinc response.,SC-INR-NoSinc,ablation_seed1_benchmark_aux_complete,"signed omega plus feature-conditioned phi(z), without analytic sinc response",artifacts/checkpoints/seed1/sc-inr-nosinc/epoch-best.pth,benchmark_hr_downsample_4datasets_9scales_eval_full,Urban100,x3,ID,28.194400,true
1,seed1_nosinc,artifacts/raw_results/seed1/benchmark_sc_inr_nosinc.json,SC-INR-NoSinc,Seed1 final-candidate ablation without analytic sinc response.,SC-INR-NoSinc,ablation_seed1_benchmark_aux_complete,"signed omega plus feature-conditioned phi(z), without analytic sinc response",artifacts/checkpoints/seed1/sc-inr-nosinc/epoch-best.pth,benchmark_hr_downsample_4datasets_9scales_eval_full,Urban100,x4,ID,26.111200,true
1,seed1_nosinc,artifacts/raw_results/seed1/benchmark_sc_inr_nosinc.json,SC-INR-NoSinc,Seed1 final-candidate ablation without analytic sinc response.,SC-INR-NoSinc,ablation_seed1_benchmark_aux_complete,"signed omega plus feature-conditioned phi(z), without analytic sinc response",artifacts/checkpoints/seed1/sc-inr-nosinc/epoch-best.pth,benchmark_hr_downsample_4datasets_9scales_eval_full,Urban100,x6,OOD,23.772200,true
1,seed1_nosinc,artifacts/raw_results/seed1/benchmark_sc_inr_nosinc.json,SC-INR-NoSinc,Seed1 final-candidate ablation without analytic sinc response.,SC-INR-NoSinc,ablation_seed1_benchmark_aux_complete,"signed omega plus feature-conditioned phi(z), without analytic sinc response",artifacts/checkpoints/seed1/sc-inr-nosinc/epoch-best.pth,benchmark_hr_downsample_4datasets_9scales_eval_full,Urban100,x8,OOD,22.473100,true
1,seed1_nosinc,artifacts/raw_results/seed1/benchmark_sc_inr_nosinc.json,SC-INR-NoSinc,Seed1 final-candidate ablation without analytic sinc response.,SC-INR-NoSinc,ablation_seed1_benchmark_aux_complete,"signed omega plus feature-conditioned phi(z), without analytic sinc response",artifacts/checkpoints/seed1/sc-inr-nosinc/epoch-best.pth,benchmark_hr_downsample_4datasets_9scales_eval_full,Urban100,x12,OOD,20.925600,true
1,seed1_nosinc,artifacts/raw_results/seed1/benchmark_sc_inr_nosinc.json,SC-INR-NoSinc,Seed1 final-candidate ablation without analytic sinc response.,SC-INR-NoSinc,ablation_seed1_benchmark_aux_complete,"signed omega plus feature-conditioned phi(z), without analytic sinc response",artifacts/checkpoints/seed1/sc-inr-nosinc/epoch-best.pth,benchmark_hr_downsample_4datasets_9scales_eval_full,Urban100,x16,OOD,20.001700,true
1,seed1_nosinc,artifacts/raw_results/seed1/benchmark_sc_inr_nosinc.json,SC-INR-NoSinc,Seed1 final-candidate ablation without analytic sinc response.,SC-INR-NoSinc,ablation_seed1_benchmark_aux_complete,"signed omega plus feature-conditioned phi(z), without analytic sinc response",artifacts/checkpoints/seed1/sc-inr-nosinc/epoch-best.pth,benchmark_hr_downsample_4datasets_9scales_eval_full,Urban100,x24,OOD,18.888100,true
1,seed1_nosinc,artifacts/raw_results/seed1/benchmark_sc_inr_nosinc.json,SC-INR-NoSinc,Seed1 final-candidate ablation without analytic sinc response.,SC-INR-NoSinc,ablation_seed1_benchmark_aux_complete,"signed omega plus feature-conditioned phi(z), without analytic sinc response",artifacts/checkpoints/seed1/sc-inr-nosinc/epoch-best.pth,benchmark_hr_downsample_4datasets_9scales_eval_full,Urban100,x30,OOD,18.336000,true
1,seed1_sc_inr_eq,artifacts/raw_results/seed1/benchmark_sc_inr_eq.json,SC-INR-EQ,Exploratory Rot-E integration; not a main-method result.,SC-INR-EQ,exploratory_extension,Rot-E encoder/imnet plumbing plus SC-INR decoder contract,artifacts/checkpoints/seed1/sc-inr-eq/epoch-best.pth,benchmark_hr_downsample_4datasets_9scales_eval_full,Set5,x2,ID,38.047800,true
1,seed1_sc_inr_eq,artifacts/raw_results/seed1/benchmark_sc_inr_eq.json,SC-INR-EQ,Exploratory Rot-E integration; not a main-method result.,SC-INR-EQ,exploratory_extension,Rot-E encoder/imnet plumbing plus SC-INR decoder contract,artifacts/checkpoints/seed1/sc-inr-eq/epoch-best.pth,benchmark_hr_downsample_4datasets_9scales_eval_full,Set5,x3,ID,34.494000,true
1,seed1_sc_inr_eq,artifacts/raw_results/seed1/benchmark_sc_inr_eq.json,SC-INR-EQ,Exploratory Rot-E integration; not a main-method result.,SC-INR-EQ,exploratory_extension,Rot-E encoder/imnet plumbing plus SC-INR decoder contract,artifacts/checkpoints/seed1/sc-inr-eq/epoch-best.pth,benchmark_hr_downsample_4datasets_9scales_eval_full,Set5,x4,ID,32.304100,true
1,seed1_sc_inr_eq,artifacts/raw_results/seed1/benchmark_sc_inr_eq.json,SC-INR-EQ,Exploratory Rot-E integration; not a main-method result.,SC-INR-EQ,exploratory_extension,Rot-E encoder/imnet plumbing plus SC-INR decoder contract,artifacts/checkpoints/seed1/sc-inr-eq/epoch-best.pth,benchmark_hr_downsample_4datasets_9scales_eval_full,Set5,x6,OOD,28.972700,true
1,seed1_sc_inr_eq,artifacts/raw_results/seed1/benchmark_sc_inr_eq.json,SC-INR-EQ,Exploratory Rot-E integration; not a main-method result.,SC-INR-EQ,exploratory_extension,Rot-E encoder/imnet plumbing plus SC-INR decoder contract,artifacts/checkpoints/seed1/sc-inr-eq/epoch-best.pth,benchmark_hr_downsample_4datasets_9scales_eval_full,Set5,x8,OOD,27.073000,true
1,seed1_sc_inr_eq,artifacts/raw_results/seed1/benchmark_sc_inr_eq.json,SC-INR-EQ,Exploratory Rot-E integration; not a main-method result.,SC-INR-EQ,exploratory_extension,Rot-E encoder/imnet plumbing plus SC-INR decoder contract,artifacts/checkpoints/seed1/sc-inr-eq/epoch-best.pth,benchmark_hr_downsample_4datasets_9scales_eval_full,Set5,x12,OOD,24.594600,true
1,seed1_sc_inr_eq,artifacts/raw_results/seed1/benchmark_sc_inr_eq.json,SC-INR-EQ,Exploratory Rot-E integration; not a main-method result.,SC-INR-EQ,exploratory_extension,Rot-E encoder/imnet plumbing plus SC-INR decoder contract,artifacts/checkpoints/seed1/sc-inr-eq/epoch-best.pth,benchmark_hr_downsample_4datasets_9scales_eval_full,Set5,x16,OOD,23.017900,true
1,seed1_sc_inr_eq,artifacts/raw_results/seed1/benchmark_sc_inr_eq.json,SC-INR-EQ,Exploratory Rot-E integration; not a main-method result.,SC-INR-EQ,exploratory_extension,Rot-E encoder/imnet plumbing plus SC-INR decoder contract,artifacts/checkpoints/seed1/sc-inr-eq/epoch-best.pth,benchmark_hr_downsample_4datasets_9scales_eval_full,Set5,x24,OOD,21.441900,true
1,seed1_sc_inr_eq,artifacts/raw_results/seed1/benchmark_sc_inr_eq.json,SC-INR-EQ,Exploratory Rot-E integration; not a main-method result.,SC-INR-EQ,exploratory_extension,Rot-E encoder/imnet plumbing plus SC-INR decoder contract,artifacts/checkpoints/seed1/sc-inr-eq/epoch-best.pth,benchmark_hr_downsample_4datasets_9scales_eval_full,Set5,x30,OOD,20.550100,true
1,seed1_sc_inr_eq,artifacts/raw_results/seed1/benchmark_sc_inr_eq.json,SC-INR-EQ,Exploratory Rot-E integration; not a main-method result.,SC-INR-EQ,exploratory_extension,Rot-E encoder/imnet plumbing plus SC-INR decoder contract,artifacts/checkpoints/seed1/sc-inr-eq/epoch-best.pth,benchmark_hr_downsample_4datasets_9scales_eval_full,Set14,x2,ID,33.712400,true
1,seed1_sc_inr_eq,artifacts/raw_results/seed1/benchmark_sc_inr_eq.json,SC-INR-EQ,Exploratory Rot-E integration; not a main-method result.,SC-INR-EQ,exploratory_extension,Rot-E encoder/imnet plumbing plus SC-INR decoder contract,artifacts/checkpoints/seed1/sc-inr-eq/epoch-best.pth,benchmark_hr_downsample_4datasets_9scales_eval_full,Set14,x3,ID,30.413700,true
1,seed1_sc_inr_eq,artifacts/raw_results/seed1/benchmark_sc_inr_eq.json,SC-INR-EQ,Exploratory Rot-E integration; not a main-method result.,SC-INR-EQ,exploratory_extension,Rot-E encoder/imnet plumbing plus SC-INR decoder contract,artifacts/checkpoints/seed1/sc-inr-eq/epoch-best.pth,benchmark_hr_downsample_4datasets_9scales_eval_full,Set14,x4,ID,28.714000,true
1,seed1_sc_inr_eq,artifacts/raw_results/seed1/benchmark_sc_inr_eq.json,SC-INR-EQ,Exploratory Rot-E integration; not a main-method result.,SC-INR-EQ,exploratory_extension,Rot-E encoder/imnet plumbing plus SC-INR decoder contract,artifacts/checkpoints/seed1/sc-inr-eq/epoch-best.pth,benchmark_hr_downsample_4datasets_9scales_eval_full,Set14,x6,OOD,26.499300,true
1,seed1_sc_inr_eq,artifacts/raw_results/seed1/benchmark_sc_inr_eq.json,SC-INR-EQ,Exploratory Rot-E integration; not a main-method result.,SC-INR-EQ,exploratory_extension,Rot-E encoder/imnet plumbing plus SC-INR decoder contract,artifacts/checkpoints/seed1/sc-inr-eq/epoch-best.pth,benchmark_hr_downsample_4datasets_9scales_eval_full,Set14,x8,OOD,24.980000,true
1,seed1_sc_inr_eq,artifacts/raw_results/seed1/benchmark_sc_inr_eq.json,SC-INR-EQ,Exploratory Rot-E integration; not a main-method result.,SC-INR-EQ,exploratory_extension,Rot-E encoder/imnet plumbing plus SC-INR decoder contract,artifacts/checkpoints/seed1/sc-inr-eq/epoch-best.pth,benchmark_hr_downsample_4datasets_9scales_eval_full,Set14,x12,OOD,23.183600,true
1,seed1_sc_inr_eq,artifacts/raw_results/seed1/benchmark_sc_inr_eq.json,SC-INR-EQ,Exploratory Rot-E integration; not a main-method result.,SC-INR-EQ,exploratory_extension,Rot-E encoder/imnet plumbing plus SC-INR decoder contract,artifacts/checkpoints/seed1/sc-inr-eq/epoch-best.pth,benchmark_hr_downsample_4datasets_9scales_eval_full,Set14,x16,OOD,22.123000,true
1,seed1_sc_inr_eq,artifacts/raw_results/seed1/benchmark_sc_inr_eq.json,SC-INR-EQ,Exploratory Rot-E integration; not a main-method result.,SC-INR-EQ,exploratory_extension,Rot-E encoder/imnet plumbing plus SC-INR decoder contract,artifacts/checkpoints/seed1/sc-inr-eq/epoch-best.pth,benchmark_hr_downsample_4datasets_9scales_eval_full,Set14,x24,OOD,20.665000,true
1,seed1_sc_inr_eq,artifacts/raw_results/seed1/benchmark_sc_inr_eq.json,SC-INR-EQ,Exploratory Rot-E integration; not a main-method result.,SC-INR-EQ,exploratory_extension,Rot-E encoder/imnet plumbing plus SC-INR decoder contract,artifacts/checkpoints/seed1/sc-inr-eq/epoch-best.pth,benchmark_hr_downsample_4datasets_9scales_eval_full,Set14,x30,OOD,19.830600,true
1,seed1_sc_inr_eq,artifacts/raw_results/seed1/benchmark_sc_inr_eq.json,SC-INR-EQ,Exploratory Rot-E integration; not a main-method result.,SC-INR-EQ,exploratory_extension,Rot-E encoder/imnet plumbing plus SC-INR decoder contract,artifacts/checkpoints/seed1/sc-inr-eq/epoch-best.pth,benchmark_hr_downsample_4datasets_9scales_eval_full,BSD100,x2,ID,32.229200,true
1,seed1_sc_inr_eq,artifacts/raw_results/seed1/benchmark_sc_inr_eq.json,SC-INR-EQ,Exploratory Rot-E integration; not a main-method result.,SC-INR-EQ,exploratory_extension,Rot-E encoder/imnet plumbing plus SC-INR decoder contract,artifacts/checkpoints/seed1/sc-inr-eq/epoch-best.pth,benchmark_hr_downsample_4datasets_9scales_eval_full,BSD100,x3,ID,29.171200,true
1,seed1_sc_inr_eq,artifacts/raw_results/seed1/benchmark_sc_inr_eq.json,SC-INR-EQ,Exploratory Rot-E integration; not a main-method result.,SC-INR-EQ,exploratory_extension,Rot-E encoder/imnet plumbing plus SC-INR decoder contract,artifacts/checkpoints/seed1/sc-inr-eq/epoch-best.pth,benchmark_hr_downsample_4datasets_9scales_eval_full,BSD100,x4,ID,27.654800,true
1,seed1_sc_inr_eq,artifacts/raw_results/seed1/benchmark_sc_inr_eq.json,SC-INR-EQ,Exploratory Rot-E integration; not a main-method result.,SC-INR-EQ,exploratory_extension,Rot-E encoder/imnet plumbing plus SC-INR decoder contract,artifacts/checkpoints/seed1/sc-inr-eq/epoch-best.pth,benchmark_hr_downsample_4datasets_9scales_eval_full,BSD100,x6,OOD,25.884300,true
1,seed1_sc_inr_eq,artifacts/raw_results/seed1/benchmark_sc_inr_eq.json,SC-INR-EQ,Exploratory Rot-E integration; not a main-method result.,SC-INR-EQ,exploratory_extension,Rot-E encoder/imnet plumbing plus SC-INR decoder contract,artifacts/checkpoints/seed1/sc-inr-eq/epoch-best.pth,benchmark_hr_downsample_4datasets_9scales_eval_full,BSD100,x8,OOD,24.829800,true
1,seed1_sc_inr_eq,artifacts/raw_results/seed1/benchmark_sc_inr_eq.json,SC-INR-EQ,Exploratory Rot-E integration; not a main-method result.,SC-INR-EQ,exploratory_extension,Rot-E encoder/imnet plumbing plus SC-INR decoder contract,artifacts/checkpoints/seed1/sc-inr-eq/epoch-best.pth,benchmark_hr_downsample_4datasets_9scales_eval_full,BSD100,x12,OOD,23.517000,true
1,seed1_sc_inr_eq,artifacts/raw_results/seed1/benchmark_sc_inr_eq.json,SC-INR-EQ,Exploratory Rot-E integration; not a main-method result.,SC-INR-EQ,exploratory_extension,Rot-E encoder/imnet plumbing plus SC-INR decoder contract,artifacts/checkpoints/seed1/sc-inr-eq/epoch-best.pth,benchmark_hr_downsample_4datasets_9scales_eval_full,BSD100,x16,OOD,22.655300,true
1,seed1_sc_inr_eq,artifacts/raw_results/seed1/benchmark_sc_inr_eq.json,SC-INR-EQ,Exploratory Rot-E integration; not a main-method result.,SC-INR-EQ,exploratory_extension,Rot-E encoder/imnet plumbing plus SC-INR decoder contract,artifacts/checkpoints/seed1/sc-inr-eq/epoch-best.pth,benchmark_hr_downsample_4datasets_9scales_eval_full,BSD100,x24,OOD,21.400100,true
1,seed1_sc_inr_eq,artifacts/raw_results/seed1/benchmark_sc_inr_eq.json,SC-INR-EQ,Exploratory Rot-E integration; not a main-method result.,SC-INR-EQ,exploratory_extension,Rot-E encoder/imnet plumbing plus SC-INR decoder contract,artifacts/checkpoints/seed1/sc-inr-eq/epoch-best.pth,benchmark_hr_downsample_4datasets_9scales_eval_full,BSD100,x30,OOD,20.703400,true
1,seed1_sc_inr_eq,artifacts/raw_results/seed1/benchmark_sc_inr_eq.json,SC-INR-EQ,Exploratory Rot-E integration; not a main-method result.,SC-INR-EQ,exploratory_extension,Rot-E encoder/imnet plumbing plus SC-INR decoder contract,artifacts/checkpoints/seed1/sc-inr-eq/epoch-best.pth,benchmark_hr_downsample_4datasets_9scales_eval_full,Urban100,x2,ID,32.381300,true
1,seed1_sc_inr_eq,artifacts/raw_results/seed1/benchmark_sc_inr_eq.json,SC-INR-EQ,Exploratory Rot-E integration; not a main-method result.,SC-INR-EQ,exploratory_extension,Rot-E encoder/imnet plumbing plus SC-INR decoder contract,artifacts/checkpoints/seed1/sc-inr-eq/epoch-best.pth,benchmark_hr_downsample_4datasets_9scales_eval_full,Urban100,x3,ID,28.386700,true
1,seed1_sc_inr_eq,artifacts/raw_results/seed1/benchmark_sc_inr_eq.json,SC-INR-EQ,Exploratory Rot-E integration; not a main-method result.,SC-INR-EQ,exploratory_extension,Rot-E encoder/imnet plumbing plus SC-INR decoder contract,artifacts/checkpoints/seed1/sc-inr-eq/epoch-best.pth,benchmark_hr_downsample_4datasets_9scales_eval_full,Urban100,x4,ID,26.306800,true
1,seed1_sc_inr_eq,artifacts/raw_results/seed1/benchmark_sc_inr_eq.json,SC-INR-EQ,Exploratory Rot-E integration; not a main-method result.,SC-INR-EQ,exploratory_extension,Rot-E encoder/imnet plumbing plus SC-INR decoder contract,artifacts/checkpoints/seed1/sc-inr-eq/epoch-best.pth,benchmark_hr_downsample_4datasets_9scales_eval_full,Urban100,x6,OOD,23.908100,true
1,seed1_sc_inr_eq,artifacts/raw_results/seed1/benchmark_sc_inr_eq.json,SC-INR-EQ,Exploratory Rot-E integration; not a main-method result.,SC-INR-EQ,exploratory_extension,Rot-E encoder/imnet plumbing plus SC-INR decoder contract,artifacts/checkpoints/seed1/sc-inr-eq/epoch-best.pth,benchmark_hr_downsample_4datasets_9scales_eval_full,Urban100,x8,OOD,22.570000,true
1,seed1_sc_inr_eq,artifacts/raw_results/seed1/benchmark_sc_inr_eq.json,SC-INR-EQ,Exploratory Rot-E integration; not a main-method result.,SC-INR-EQ,exploratory_extension,Rot-E encoder/imnet plumbing plus SC-INR decoder contract,artifacts/checkpoints/seed1/sc-inr-eq/epoch-best.pth,benchmark_hr_downsample_4datasets_9scales_eval_full,Urban100,x12,OOD,20.977000,true
1,seed1_sc_inr_eq,artifacts/raw_results/seed1/benchmark_sc_inr_eq.json,SC-INR-EQ,Exploratory Rot-E integration; not a main-method result.,SC-INR-EQ,exploratory_extension,Rot-E encoder/imnet plumbing plus SC-INR decoder contract,artifacts/checkpoints/seed1/sc-inr-eq/epoch-best.pth,benchmark_hr_downsample_4datasets_9scales_eval_full,Urban100,x16,OOD,20.030900,true
1,seed1_sc_inr_eq,artifacts/raw_results/seed1/benchmark_sc_inr_eq.json,SC-INR-EQ,Exploratory Rot-E integration; not a main-method result.,SC-INR-EQ,exploratory_extension,Rot-E encoder/imnet plumbing plus SC-INR decoder contract,artifacts/checkpoints/seed1/sc-inr-eq/epoch-best.pth,benchmark_hr_downsample_4datasets_9scales_eval_full,Urban100,x24,OOD,18.904800,true
1,seed1_sc_inr_eq,artifacts/raw_results/seed1/benchmark_sc_inr_eq.json,SC-INR-EQ,Exploratory Rot-E integration; not a main-method result.,SC-INR-EQ,exploratory_extension,Rot-E encoder/imnet plumbing plus SC-INR decoder contract,artifacts/checkpoints/seed1/sc-inr-eq/epoch-best.pth,benchmark_hr_downsample_4datasets_9scales_eval_full,Urban100,x30,OOD,18.357900,true
2,seed2_core,artifacts/raw_results/seed2/benchmark.json,LIIF,Core seed2 benchmark. No final SC-INR in this file.,LIIF,baseline,,artifacts/checkpoints/seed1/liif/epoch-best.pth,benchmark_hr_downsample_4datasets_9scales_eval_full,Set5,x2,ID,37.955800,true
2,seed2_core,artifacts/raw_results/seed2/benchmark.json,LIIF,Core seed2 benchmark. No final SC-INR in this file.,LIIF,baseline,,artifacts/checkpoints/seed1/liif/epoch-best.pth,benchmark_hr_downsample_4datasets_9scales_eval_full,Set5,x3,ID,34.394600,true
2,seed2_core,artifacts/raw_results/seed2/benchmark.json,LIIF,Core seed2 benchmark. No final SC-INR in this file.,LIIF,baseline,,artifacts/checkpoints/seed1/liif/epoch-best.pth,benchmark_hr_downsample_4datasets_9scales_eval_full,Set5,x4,ID,32.181500,true
2,seed2_core,artifacts/raw_results/seed2/benchmark.json,LIIF,Core seed2 benchmark. No final SC-INR in this file.,LIIF,baseline,,artifacts/checkpoints/seed1/liif/epoch-best.pth,benchmark_hr_downsample_4datasets_9scales_eval_full,Set5,x6,OOD,28.850800,true
2,seed2_core,artifacts/raw_results/seed2/benchmark.json,LIIF,Core seed2 benchmark. No final SC-INR in this file.,LIIF,baseline,,artifacts/checkpoints/seed1/liif/epoch-best.pth,benchmark_hr_downsample_4datasets_9scales_eval_full,Set5,x8,OOD,26.941900,true
2,seed2_core,artifacts/raw_results/seed2/benchmark.json,LIIF,Core seed2 benchmark. No final SC-INR in this file.,LIIF,baseline,,artifacts/checkpoints/seed1/liif/epoch-best.pth,benchmark_hr_downsample_4datasets_9scales_eval_full,Set5,x12,OOD,24.544600,true
2,seed2_core,artifacts/raw_results/seed2/benchmark.json,LIIF,Core seed2 benchmark. No final SC-INR in this file.,LIIF,baseline,,artifacts/checkpoints/seed1/liif/epoch-best.pth,benchmark_hr_downsample_4datasets_9scales_eval_full,Set5,x16,OOD,23.007400,true
2,seed2_core,artifacts/raw_results/seed2/benchmark.json,LIIF,Core seed2 benchmark. No final SC-INR in this file.,LIIF,baseline,,artifacts/checkpoints/seed1/liif/epoch-best.pth,benchmark_hr_downsample_4datasets_9scales_eval_full,Set5,x24,OOD,21.456900,true
2,seed2_core,artifacts/raw_results/seed2/benchmark.json,LIIF,Core seed2 benchmark. No final SC-INR in this file.,LIIF,baseline,,artifacts/checkpoints/seed1/liif/epoch-best.pth,benchmark_hr_downsample_4datasets_9scales_eval_full,Set5,x30,OOD,20.574700,true
2,seed2_core,artifacts/raw_results/seed2/benchmark.json,LIIF,Core seed2 benchmark. No final SC-INR in this file.,LIIF,baseline,,artifacts/checkpoints/seed1/liif/epoch-best.pth,benchmark_hr_downsample_4datasets_9scales_eval_full,Set14,x2,ID,33.615400,true
2,seed2_core,artifacts/raw_results/seed2/benchmark.json,LIIF,Core seed2 benchmark. No final SC-INR in this file.,LIIF,baseline,,artifacts/checkpoints/seed1/liif/epoch-best.pth,benchmark_hr_downsample_4datasets_9scales_eval_full,Set14,x3,ID,30.378200,true
2,seed2_core,artifacts/raw_results/seed2/benchmark.json,LIIF,Core seed2 benchmark. No final SC-INR in this file.,LIIF,baseline,,artifacts/checkpoints/seed1/liif/epoch-best.pth,benchmark_hr_downsample_4datasets_9scales_eval_full,Set14,x4,ID,28.618600,true
2,seed2_core,artifacts/raw_results/seed2/benchmark.json,LIIF,Core seed2 benchmark. No final SC-INR in this file.,LIIF,baseline,,artifacts/checkpoints/seed1/liif/epoch-best.pth,benchmark_hr_downsample_4datasets_9scales_eval_full,Set14,x6,OOD,26.460700,true
2,seed2_core,artifacts/raw_results/seed2/benchmark.json,LIIF,Core seed2 benchmark. No final SC-INR in this file.,LIIF,baseline,,artifacts/checkpoints/seed1/liif/epoch-best.pth,benchmark_hr_downsample_4datasets_9scales_eval_full,Set14,x8,OOD,24.940200,true
2,seed2_core,artifacts/raw_results/seed2/benchmark.json,LIIF,Core seed2 benchmark. No final SC-INR in this file.,LIIF,baseline,,artifacts/checkpoints/seed1/liif/epoch-best.pth,benchmark_hr_downsample_4datasets_9scales_eval_full,Set14,x12,OOD,23.140000,true
2,seed2_core,artifacts/raw_results/seed2/benchmark.json,LIIF,Core seed2 benchmark. No final SC-INR in this file.,LIIF,baseline,,artifacts/checkpoints/seed1/liif/epoch-best.pth,benchmark_hr_downsample_4datasets_9scales_eval_full,Set14,x16,OOD,22.088900,true
2,seed2_core,artifacts/raw_results/seed2/benchmark.json,LIIF,Core seed2 benchmark. No final SC-INR in this file.,LIIF,baseline,,artifacts/checkpoints/seed1/liif/epoch-best.pth,benchmark_hr_downsample_4datasets_9scales_eval_full,Set14,x24,OOD,20.677000,true
2,seed2_core,artifacts/raw_results/seed2/benchmark.json,LIIF,Core seed2 benchmark. No final SC-INR in this file.,LIIF,baseline,,artifacts/checkpoints/seed1/liif/epoch-best.pth,benchmark_hr_downsample_4datasets_9scales_eval_full,Set14,x30,OOD,19.818100,true
2,seed2_core,artifacts/raw_results/seed2/benchmark.json,LIIF,Core seed2 benchmark. No final SC-INR in this file.,LIIF,baseline,,artifacts/checkpoints/seed1/liif/epoch-best.pth,benchmark_hr_downsample_4datasets_9scales_eval_full,BSD100,x2,ID,32.163800,true
2,seed2_core,artifacts/raw_results/seed2/benchmark.json,LIIF,Core seed2 benchmark. No final SC-INR in this file.,LIIF,baseline,,artifacts/checkpoints/seed1/liif/epoch-best.pth,benchmark_hr_downsample_4datasets_9scales_eval_full,BSD100,x3,ID,29.114200,true
2,seed2_core,artifacts/raw_results/seed2/benchmark.json,LIIF,Core seed2 benchmark. No final SC-INR in this file.,LIIF,baseline,,artifacts/checkpoints/seed1/liif/epoch-best.pth,benchmark_hr_downsample_4datasets_9scales_eval_full,BSD100,x4,ID,27.600000,true
2,seed2_core,artifacts/raw_results/seed2/benchmark.json,LIIF,Core seed2 benchmark. No final SC-INR in this file.,LIIF,baseline,,artifacts/checkpoints/seed1/liif/epoch-best.pth,benchmark_hr_downsample_4datasets_9scales_eval_full,BSD100,x6,OOD,25.843900,true
2,seed2_core,artifacts/raw_results/seed2/benchmark.json,LIIF,Core seed2 benchmark. No final SC-INR in this file.,LIIF,baseline,,artifacts/checkpoints/seed1/liif/epoch-best.pth,benchmark_hr_downsample_4datasets_9scales_eval_full,BSD100,x8,OOD,24.790600,true
2,seed2_core,artifacts/raw_results/seed2/benchmark.json,LIIF,Core seed2 benchmark. No final SC-INR in this file.,LIIF,baseline,,artifacts/checkpoints/seed1/liif/epoch-best.pth,benchmark_hr_downsample_4datasets_9scales_eval_full,BSD100,x12,OOD,23.481300,true
2,seed2_core,artifacts/raw_results/seed2/benchmark.json,LIIF,Core seed2 benchmark. No final SC-INR in this file.,LIIF,baseline,,artifacts/checkpoints/seed1/liif/epoch-best.pth,benchmark_hr_downsample_4datasets_9scales_eval_full,BSD100,x16,OOD,22.611600,true
2,seed2_core,artifacts/raw_results/seed2/benchmark.json,LIIF,Core seed2 benchmark. No final SC-INR in this file.,LIIF,baseline,,artifacts/checkpoints/seed1/liif/epoch-best.pth,benchmark_hr_downsample_4datasets_9scales_eval_full,BSD100,x24,OOD,21.393400,true
2,seed2_core,artifacts/raw_results/seed2/benchmark.json,LIIF,Core seed2 benchmark. No final SC-INR in this file.,LIIF,baseline,,artifacts/checkpoints/seed1/liif/epoch-best.pth,benchmark_hr_downsample_4datasets_9scales_eval_full,BSD100,x30,OOD,20.667900,true
2,seed2_core,artifacts/raw_results/seed2/benchmark.json,LIIF,Core seed2 benchmark. No final SC-INR in this file.,LIIF,baseline,,artifacts/checkpoints/seed1/liif/epoch-best.pth,benchmark_hr_downsample_4datasets_9scales_eval_full,Urban100,x2,ID,32.116200,true
2,seed2_core,artifacts/raw_results/seed2/benchmark.json,LIIF,Core seed2 benchmark. No final SC-INR in this file.,LIIF,baseline,,artifacts/checkpoints/seed1/liif/epoch-best.pth,benchmark_hr_downsample_4datasets_9scales_eval_full,Urban100,x3,ID,28.205500,true
2,seed2_core,artifacts/raw_results/seed2/benchmark.json,LIIF,Core seed2 benchmark. No final SC-INR in this file.,LIIF,baseline,,artifacts/checkpoints/seed1/liif/epoch-best.pth,benchmark_hr_downsample_4datasets_9scales_eval_full,Urban100,x4,ID,26.135000,true
2,seed2_core,artifacts/raw_results/seed2/benchmark.json,LIIF,Core seed2 benchmark. No final SC-INR in this file.,LIIF,baseline,,artifacts/checkpoints/seed1/liif/epoch-best.pth,benchmark_hr_downsample_4datasets_9scales_eval_full,Urban100,x6,OOD,23.776500,true
2,seed2_core,artifacts/raw_results/seed2/benchmark.json,LIIF,Core seed2 benchmark. No final SC-INR in this file.,LIIF,baseline,,artifacts/checkpoints/seed1/liif/epoch-best.pth,benchmark_hr_downsample_4datasets_9scales_eval_full,Urban100,x8,OOD,22.443100,true
2,seed2_core,artifacts/raw_results/seed2/benchmark.json,LIIF,Core seed2 benchmark. No final SC-INR in this file.,LIIF,baseline,,artifacts/checkpoints/seed1/liif/epoch-best.pth,benchmark_hr_downsample_4datasets_9scales_eval_full,Urban100,x12,OOD,20.898600,true
2,seed2_core,artifacts/raw_results/seed2/benchmark.json,LIIF,Core seed2 benchmark. No final SC-INR in this file.,LIIF,baseline,,artifacts/checkpoints/seed1/liif/epoch-best.pth,benchmark_hr_downsample_4datasets_9scales_eval_full,Urban100,x16,OOD,19.967800,true
2,seed2_core,artifacts/raw_results/seed2/benchmark.json,LIIF,Core seed2 benchmark. No final SC-INR in this file.,LIIF,baseline,,artifacts/checkpoints/seed1/liif/epoch-best.pth,benchmark_hr_downsample_4datasets_9scales_eval_full,Urban100,x24,OOD,18.844800,true
2,seed2_core,artifacts/raw_results/seed2/benchmark.json,LIIF,Core seed2 benchmark. No final SC-INR in this file.,LIIF,baseline,,artifacts/checkpoints/seed1/liif/epoch-best.pth,benchmark_hr_downsample_4datasets_9scales_eval_full,Urban100,x30,OOD,18.278100,true
2,seed2_core,artifacts/raw_results/seed2/benchmark.json,LTE,Core seed2 benchmark. No final SC-INR in this file.,LTE,baseline,,artifacts/checkpoints/seed1/lte/epoch-best.pth,benchmark_hr_downsample_4datasets_9scales_eval_full,Set5,x2,ID,38.038300,true
2,seed2_core,artifacts/raw_results/seed2/benchmark.json,LTE,Core seed2 benchmark. No final SC-INR in this file.,LTE,baseline,,artifacts/checkpoints/seed1/lte/epoch-best.pth,benchmark_hr_downsample_4datasets_9scales_eval_full,Set5,x3,ID,34.468400,true
2,seed2_core,artifacts/raw_results/seed2/benchmark.json,LTE,Core seed2 benchmark. No final SC-INR in this file.,LTE,baseline,,artifacts/checkpoints/seed1/lte/epoch-best.pth,benchmark_hr_downsample_4datasets_9scales_eval_full,Set5,x4,ID,32.239800,true
2,seed2_core,artifacts/raw_results/seed2/benchmark.json,LTE,Core seed2 benchmark. No final SC-INR in this file.,LTE,baseline,,artifacts/checkpoints/seed1/lte/epoch-best.pth,benchmark_hr_downsample_4datasets_9scales_eval_full,Set5,x6,OOD,28.934100,true
2,seed2_core,artifacts/raw_results/seed2/benchmark.json,LTE,Core seed2 benchmark. No final SC-INR in this file.,LTE,baseline,,artifacts/checkpoints/seed1/lte/epoch-best.pth,benchmark_hr_downsample_4datasets_9scales_eval_full,Set5,x8,OOD,26.984700,true
2,seed2_core,artifacts/raw_results/seed2/benchmark.json,LTE,Core seed2 benchmark. No final SC-INR in this file.,LTE,baseline,,artifacts/checkpoints/seed1/lte/epoch-best.pth,benchmark_hr_downsample_4datasets_9scales_eval_full,Set5,x12,OOD,24.574400,true
2,seed2_core,artifacts/raw_results/seed2/benchmark.json,LTE,Core seed2 benchmark. No final SC-INR in this file.,LTE,baseline,,artifacts/checkpoints/seed1/lte/epoch-best.pth,benchmark_hr_downsample_4datasets_9scales_eval_full,Set5,x16,OOD,23.003800,true
2,seed2_core,artifacts/raw_results/seed2/benchmark.json,LTE,Core seed2 benchmark. No final SC-INR in this file.,LTE,baseline,,artifacts/checkpoints/seed1/lte/epoch-best.pth,benchmark_hr_downsample_4datasets_9scales_eval_full,Set5,x24,OOD,21.308800,true
2,seed2_core,artifacts/raw_results/seed2/benchmark.json,LTE,Core seed2 benchmark. No final SC-INR in this file.,LTE,baseline,,artifacts/checkpoints/seed1/lte/epoch-best.pth,benchmark_hr_downsample_4datasets_9scales_eval_full,Set5,x30,OOD,20.490800,true
2,seed2_core,artifacts/raw_results/seed2/benchmark.json,LTE,Core seed2 benchmark. No final SC-INR in this file.,LTE,baseline,,artifacts/checkpoints/seed1/lte/epoch-best.pth,benchmark_hr_downsample_4datasets_9scales_eval_full,Set14,x2,ID,33.675000,true
2,seed2_core,artifacts/raw_results/seed2/benchmark.json,LTE,Core seed2 benchmark. No final SC-INR in this file.,LTE,baseline,,artifacts/checkpoints/seed1/lte/epoch-best.pth,benchmark_hr_downsample_4datasets_9scales_eval_full,Set14,x3,ID,30.361800,true
2,seed2_core,artifacts/raw_results/seed2/benchmark.json,LTE,Core seed2 benchmark. No final SC-INR in this file.,LTE,baseline,,artifacts/checkpoints/seed1/lte/epoch-best.pth,benchmark_hr_downsample_4datasets_9scales_eval_full,Set14,x4,ID,28.676800,true
2,seed2_core,artifacts/raw_results/seed2/benchmark.json,LTE,Core seed2 benchmark. No final SC-INR in this file.,LTE,baseline,,artifacts/checkpoints/seed1/lte/epoch-best.pth,benchmark_hr_downsample_4datasets_9scales_eval_full,Set14,x6,OOD,26.486700,true
2,seed2_core,artifacts/raw_results/seed2/benchmark.json,LTE,Core seed2 benchmark. No final SC-INR in this file.,LTE,baseline,,artifacts/checkpoints/seed1/lte/epoch-best.pth,benchmark_hr_downsample_4datasets_9scales_eval_full,Set14,x8,OOD,24.976500,true
2,seed2_core,artifacts/raw_results/seed2/benchmark.json,LTE,Core seed2 benchmark. No final SC-INR in this file.,LTE,baseline,,artifacts/checkpoints/seed1/lte/epoch-best.pth,benchmark_hr_downsample_4datasets_9scales_eval_full,Set14,x12,OOD,23.146900,true
2,seed2_core,artifacts/raw_results/seed2/benchmark.json,LTE,Core seed2 benchmark. No final SC-INR in this file.,LTE,baseline,,artifacts/checkpoints/seed1/lte/epoch-best.pth,benchmark_hr_downsample_4datasets_9scales_eval_full,Set14,x16,OOD,22.083400,true
2,seed2_core,artifacts/raw_results/seed2/benchmark.json,LTE,Core seed2 benchmark. No final SC-INR in this file.,LTE,baseline,,artifacts/checkpoints/seed1/lte/epoch-best.pth,benchmark_hr_downsample_4datasets_9scales_eval_full,Set14,x24,OOD,20.578100,true
2,seed2_core,artifacts/raw_results/seed2/benchmark.json,LTE,Core seed2 benchmark. No final SC-INR in this file.,LTE,baseline,,artifacts/checkpoints/seed1/lte/epoch-best.pth,benchmark_hr_downsample_4datasets_9scales_eval_full,Set14,x30,OOD,19.759200,true
2,seed2_core,artifacts/raw_results/seed2/benchmark.json,LTE,Core seed2 benchmark. No final SC-INR in this file.,LTE,baseline,,artifacts/checkpoints/seed1/lte/epoch-best.pth,benchmark_hr_downsample_4datasets_9scales_eval_full,BSD100,x2,ID,32.204100,true
2,seed2_core,artifacts/raw_results/seed2/benchmark.json,LTE,Core seed2 benchmark. No final SC-INR in this file.,LTE,baseline,,artifacts/checkpoints/seed1/lte/epoch-best.pth,benchmark_hr_downsample_4datasets_9scales_eval_full,BSD100,x3,ID,29.135200,true
2,seed2_core,artifacts/raw_results/seed2/benchmark.json,LTE,Core seed2 benchmark. No final SC-INR in this file.,LTE,baseline,,artifacts/checkpoints/seed1/lte/epoch-best.pth,benchmark_hr_downsample_4datasets_9scales_eval_full,BSD100,x4,ID,27.622000,true
2,seed2_core,artifacts/raw_results/seed2/benchmark.json,LTE,Core seed2 benchmark. No final SC-INR in this file.,LTE,baseline,,artifacts/checkpoints/seed1/lte/epoch-best.pth,benchmark_hr_downsample_4datasets_9scales_eval_full,BSD100,x6,OOD,25.854000,true
2,seed2_core,artifacts/raw_results/seed2/benchmark.json,LTE,Core seed2 benchmark. No final SC-INR in this file.,LTE,baseline,,artifacts/checkpoints/seed1/lte/epoch-best.pth,benchmark_hr_downsample_4datasets_9scales_eval_full,BSD100,x8,OOD,24.797900,true
2,seed2_core,artifacts/raw_results/seed2/benchmark.json,LTE,Core seed2 benchmark. No final SC-INR in this file.,LTE,baseline,,artifacts/checkpoints/seed1/lte/epoch-best.pth,benchmark_hr_downsample_4datasets_9scales_eval_full,BSD100,x12,OOD,23.472500,true
2,seed2_core,artifacts/raw_results/seed2/benchmark.json,LTE,Core seed2 benchmark. No final SC-INR in this file.,LTE,baseline,,artifacts/checkpoints/seed1/lte/epoch-best.pth,benchmark_hr_downsample_4datasets_9scales_eval_full,BSD100,x16,OOD,22.592800,true
2,seed2_core,artifacts/raw_results/seed2/benchmark.json,LTE,Core seed2 benchmark. No final SC-INR in this file.,LTE,baseline,,artifacts/checkpoints/seed1/lte/epoch-best.pth,benchmark_hr_downsample_4datasets_9scales_eval_full,BSD100,x24,OOD,21.351800,true
2,seed2_core,artifacts/raw_results/seed2/benchmark.json,LTE,Core seed2 benchmark. No final SC-INR in this file.,LTE,baseline,,artifacts/checkpoints/seed1/lte/epoch-best.pth,benchmark_hr_downsample_4datasets_9scales_eval_full,BSD100,x30,OOD,20.629900,true
2,seed2_core,artifacts/raw_results/seed2/benchmark.json,LTE,Core seed2 benchmark. No final SC-INR in this file.,LTE,baseline,,artifacts/checkpoints/seed1/lte/epoch-best.pth,benchmark_hr_downsample_4datasets_9scales_eval_full,Urban100,x2,ID,32.258800,true
2,seed2_core,artifacts/raw_results/seed2/benchmark.json,LTE,Core seed2 benchmark. No final SC-INR in this file.,LTE,baseline,,artifacts/checkpoints/seed1/lte/epoch-best.pth,benchmark_hr_downsample_4datasets_9scales_eval_full,Urban100,x3,ID,28.300300,true
2,seed2_core,artifacts/raw_results/seed2/benchmark.json,LTE,Core seed2 benchmark. No final SC-INR in this file.,LTE,baseline,,artifacts/checkpoints/seed1/lte/epoch-best.pth,benchmark_hr_downsample_4datasets_9scales_eval_full,Urban100,x4,ID,26.227000,true
2,seed2_core,artifacts/raw_results/seed2/benchmark.json,LTE,Core seed2 benchmark. No final SC-INR in this file.,LTE,baseline,,artifacts/checkpoints/seed1/lte/epoch-best.pth,benchmark_hr_downsample_4datasets_9scales_eval_full,Urban100,x6,OOD,23.837800,true
2,seed2_core,artifacts/raw_results/seed2/benchmark.json,LTE,Core seed2 benchmark. No final SC-INR in this file.,LTE,baseline,,artifacts/checkpoints/seed1/lte/epoch-best.pth,benchmark_hr_downsample_4datasets_9scales_eval_full,Urban100,x8,OOD,22.486000,true
2,seed2_core,artifacts/raw_results/seed2/benchmark.json,LTE,Core seed2 benchmark. No final SC-INR in this file.,LTE,baseline,,artifacts/checkpoints/seed1/lte/epoch-best.pth,benchmark_hr_downsample_4datasets_9scales_eval_full,Urban100,x12,OOD,20.879200,true
2,seed2_core,artifacts/raw_results/seed2/benchmark.json,LTE,Core seed2 benchmark. No final SC-INR in this file.,LTE,baseline,,artifacts/checkpoints/seed1/lte/epoch-best.pth,benchmark_hr_downsample_4datasets_9scales_eval_full,Urban100,x16,OOD,19.928200,true
2,seed2_core,artifacts/raw_results/seed2/benchmark.json,LTE,Core seed2 benchmark. No final SC-INR in this file.,LTE,baseline,,artifacts/checkpoints/seed1/lte/epoch-best.pth,benchmark_hr_downsample_4datasets_9scales_eval_full,Urban100,x24,OOD,18.799000,true
2,seed2_core,artifacts/raw_results/seed2/benchmark.json,LTE,Core seed2 benchmark. No final SC-INR in this file.,LTE,baseline,,artifacts/checkpoints/seed1/lte/epoch-best.pth,benchmark_hr_downsample_4datasets_9scales_eval_full,Urban100,x30,OOD,18.258000,true
2,seed2_core,artifacts/raw_results/seed2/benchmark.json,SC-INR-Adaptive,Core seed2 benchmark. No final SC-INR in this file.,SC-INR-NoPhi,ablation_previous_main,"feature-conditioned omega, no feature phase",artifacts/checkpoints/seed2/sc-inr-nophi/epoch-best.pth,benchmark_hr_downsample_4datasets_9scales_eval_full,Set5,x2,ID,38.026900,true
2,seed2_core,artifacts/raw_results/seed2/benchmark.json,SC-INR-Adaptive,Core seed2 benchmark. No final SC-INR in this file.,SC-INR-NoPhi,ablation_previous_main,"feature-conditioned omega, no feature phase",artifacts/checkpoints/seed2/sc-inr-nophi/epoch-best.pth,benchmark_hr_downsample_4datasets_9scales_eval_full,Set5,x3,ID,34.431700,true
2,seed2_core,artifacts/raw_results/seed2/benchmark.json,SC-INR-Adaptive,Core seed2 benchmark. No final SC-INR in this file.,SC-INR-NoPhi,ablation_previous_main,"feature-conditioned omega, no feature phase",artifacts/checkpoints/seed2/sc-inr-nophi/epoch-best.pth,benchmark_hr_downsample_4datasets_9scales_eval_full,Set5,x4,ID,32.247700,true
2,seed2_core,artifacts/raw_results/seed2/benchmark.json,SC-INR-Adaptive,Core seed2 benchmark. No final SC-INR in this file.,SC-INR-NoPhi,ablation_previous_main,"feature-conditioned omega, no feature phase",artifacts/checkpoints/seed2/sc-inr-nophi/epoch-best.pth,benchmark_hr_downsample_4datasets_9scales_eval_full,Set5,x6,OOD,28.963800,true
2,seed2_core,artifacts/raw_results/seed2/benchmark.json,SC-INR-Adaptive,Core seed2 benchmark. No final SC-INR in this file.,SC-INR-NoPhi,ablation_previous_main,"feature-conditioned omega, no feature phase",artifacts/checkpoints/seed2/sc-inr-nophi/epoch-best.pth,benchmark_hr_downsample_4datasets_9scales_eval_full,Set5,x8,OOD,27.009200,true
2,seed2_core,artifacts/raw_results/seed2/benchmark.json,SC-INR-Adaptive,Core seed2 benchmark. No final SC-INR in this file.,SC-INR-NoPhi,ablation_previous_main,"feature-conditioned omega, no feature phase",artifacts/checkpoints/seed2/sc-inr-nophi/epoch-best.pth,benchmark_hr_downsample_4datasets_9scales_eval_full,Set5,x12,OOD,24.654600,true
2,seed2_core,artifacts/raw_results/seed2/benchmark.json,SC-INR-Adaptive,Core seed2 benchmark. No final SC-INR in this file.,SC-INR-NoPhi,ablation_previous_main,"feature-conditioned omega, no feature phase",artifacts/checkpoints/seed2/sc-inr-nophi/epoch-best.pth,benchmark_hr_downsample_4datasets_9scales_eval_full,Set5,x16,OOD,23.074900,true
2,seed2_core,artifacts/raw_results/seed2/benchmark.json,SC-INR-Adaptive,Core seed2 benchmark. No final SC-INR in this file.,SC-INR-NoPhi,ablation_previous_main,"feature-conditioned omega, no feature phase",artifacts/checkpoints/seed2/sc-inr-nophi/epoch-best.pth,benchmark_hr_downsample_4datasets_9scales_eval_full,Set5,x24,OOD,21.411300,true
2,seed2_core,artifacts/raw_results/seed2/benchmark.json,SC-INR-Adaptive,Core seed2 benchmark. No final SC-INR in this file.,SC-INR-NoPhi,ablation_previous_main,"feature-conditioned omega, no feature phase",artifacts/checkpoints/seed2/sc-inr-nophi/epoch-best.pth,benchmark_hr_downsample_4datasets_9scales_eval_full,Set5,x30,OOD,20.608500,true
2,seed2_core,artifacts/raw_results/seed2/benchmark.json,SC-INR-Adaptive,Core seed2 benchmark. No final SC-INR in this file.,SC-INR-NoPhi,ablation_previous_main,"feature-conditioned omega, no feature phase",artifacts/checkpoints/seed2/sc-inr-nophi/epoch-best.pth,benchmark_hr_downsample_4datasets_9scales_eval_full,Set14,x2,ID,33.674100,true
2,seed2_core,artifacts/raw_results/seed2/benchmark.json,SC-INR-Adaptive,Core seed2 benchmark. No final SC-INR in this file.,SC-INR-NoPhi,ablation_previous_main,"feature-conditioned omega, no feature phase",artifacts/checkpoints/seed2/sc-inr-nophi/epoch-best.pth,benchmark_hr_downsample_4datasets_9scales_eval_full,Set14,x3,ID,30.381800,true
2,seed2_core,artifacts/raw_results/seed2/benchmark.json,SC-INR-Adaptive,Core seed2 benchmark. No final SC-INR in this file.,SC-INR-NoPhi,ablation_previous_main,"feature-conditioned omega, no feature phase",artifacts/checkpoints/seed2/sc-inr-nophi/epoch-best.pth,benchmark_hr_downsample_4datasets_9scales_eval_full,Set14,x4,ID,28.648600,true
2,seed2_core,artifacts/raw_results/seed2/benchmark.json,SC-INR-Adaptive,Core seed2 benchmark. No final SC-INR in this file.,SC-INR-NoPhi,ablation_previous_main,"feature-conditioned omega, no feature phase",artifacts/checkpoints/seed2/sc-inr-nophi/epoch-best.pth,benchmark_hr_downsample_4datasets_9scales_eval_full,Set14,x6,OOD,26.478200,true
2,seed2_core,artifacts/raw_results/seed2/benchmark.json,SC-INR-Adaptive,Core seed2 benchmark. No final SC-INR in this file.,SC-INR-NoPhi,ablation_previous_main,"feature-conditioned omega, no feature phase",artifacts/checkpoints/seed2/sc-inr-nophi/epoch-best.pth,benchmark_hr_downsample_4datasets_9scales_eval_full,Set14,x8,OOD,24.972300,true
2,seed2_core,artifacts/raw_results/seed2/benchmark.json,SC-INR-Adaptive,Core seed2 benchmark. No final SC-INR in this file.,SC-INR-NoPhi,ablation_previous_main,"feature-conditioned omega, no feature phase",artifacts/checkpoints/seed2/sc-inr-nophi/epoch-best.pth,benchmark_hr_downsample_4datasets_9scales_eval_full,Set14,x12,OOD,23.223300,true
2,seed2_core,artifacts/raw_results/seed2/benchmark.json,SC-INR-Adaptive,Core seed2 benchmark. No final SC-INR in this file.,SC-INR-NoPhi,ablation_previous_main,"feature-conditioned omega, no feature phase",artifacts/checkpoints/seed2/sc-inr-nophi/epoch-best.pth,benchmark_hr_downsample_4datasets_9scales_eval_full,Set14,x16,OOD,22.140700,true
2,seed2_core,artifacts/raw_results/seed2/benchmark.json,SC-INR-Adaptive,Core seed2 benchmark. No final SC-INR in this file.,SC-INR-NoPhi,ablation_previous_main,"feature-conditioned omega, no feature phase",artifacts/checkpoints/seed2/sc-inr-nophi/epoch-best.pth,benchmark_hr_downsample_4datasets_9scales_eval_full,Set14,x24,OOD,20.644300,true
2,seed2_core,artifacts/raw_results/seed2/benchmark.json,SC-INR-Adaptive,Core seed2 benchmark. No final SC-INR in this file.,SC-INR-NoPhi,ablation_previous_main,"feature-conditioned omega, no feature phase",artifacts/checkpoints/seed2/sc-inr-nophi/epoch-best.pth,benchmark_hr_downsample_4datasets_9scales_eval_full,Set14,x30,OOD,19.821300,true
2,seed2_core,artifacts/raw_results/seed2/benchmark.json,SC-INR-Adaptive,Core seed2 benchmark. No final SC-INR in this file.,SC-INR-NoPhi,ablation_previous_main,"feature-conditioned omega, no feature phase",artifacts/checkpoints/seed2/sc-inr-nophi/epoch-best.pth,benchmark_hr_downsample_4datasets_9scales_eval_full,BSD100,x2,ID,32.199100,true
2,seed2_core,artifacts/raw_results/seed2/benchmark.json,SC-INR-Adaptive,Core seed2 benchmark. No final SC-INR in this file.,SC-INR-NoPhi,ablation_previous_main,"feature-conditioned omega, no feature phase",artifacts/checkpoints/seed2/sc-inr-nophi/epoch-best.pth,benchmark_hr_downsample_4datasets_9scales_eval_full,BSD100,x3,ID,29.140900,true
2,seed2_core,artifacts/raw_results/seed2/benchmark.json,SC-INR-Adaptive,Core seed2 benchmark. No final SC-INR in this file.,SC-INR-NoPhi,ablation_previous_main,"feature-conditioned omega, no feature phase",artifacts/checkpoints/seed2/sc-inr-nophi/epoch-best.pth,benchmark_hr_downsample_4datasets_9scales_eval_full,BSD100,x4,ID,27.631400,true
2,seed2_core,artifacts/raw_results/seed2/benchmark.json,SC-INR-Adaptive,Core seed2 benchmark. No final SC-INR in this file.,SC-INR-NoPhi,ablation_previous_main,"feature-conditioned omega, no feature phase",artifacts/checkpoints/seed2/sc-inr-nophi/epoch-best.pth,benchmark_hr_downsample_4datasets_9scales_eval_full,BSD100,x6,OOD,25.866800,true
2,seed2_core,artifacts/raw_results/seed2/benchmark.json,SC-INR-Adaptive,Core seed2 benchmark. No final SC-INR in this file.,SC-INR-NoPhi,ablation_previous_main,"feature-conditioned omega, no feature phase",artifacts/checkpoints/seed2/sc-inr-nophi/epoch-best.pth,benchmark_hr_downsample_4datasets_9scales_eval_full,BSD100,x8,OOD,24.823800,true
2,seed2_core,artifacts/raw_results/seed2/benchmark.json,SC-INR-Adaptive,Core seed2 benchmark. No final SC-INR in this file.,SC-INR-NoPhi,ablation_previous_main,"feature-conditioned omega, no feature phase",artifacts/checkpoints/seed2/sc-inr-nophi/epoch-best.pth,benchmark_hr_downsample_4datasets_9scales_eval_full,BSD100,x12,OOD,23.509200,true
2,seed2_core,artifacts/raw_results/seed2/benchmark.json,SC-INR-Adaptive,Core seed2 benchmark. No final SC-INR in this file.,SC-INR-NoPhi,ablation_previous_main,"feature-conditioned omega, no feature phase",artifacts/checkpoints/seed2/sc-inr-nophi/epoch-best.pth,benchmark_hr_downsample_4datasets_9scales_eval_full,BSD100,x16,OOD,22.640800,true
2,seed2_core,artifacts/raw_results/seed2/benchmark.json,SC-INR-Adaptive,Core seed2 benchmark. No final SC-INR in this file.,SC-INR-NoPhi,ablation_previous_main,"feature-conditioned omega, no feature phase",artifacts/checkpoints/seed2/sc-inr-nophi/epoch-best.pth,benchmark_hr_downsample_4datasets_9scales_eval_full,BSD100,x24,OOD,21.402600,true
2,seed2_core,artifacts/raw_results/seed2/benchmark.json,SC-INR-Adaptive,Core seed2 benchmark. No final SC-INR in this file.,SC-INR-NoPhi,ablation_previous_main,"feature-conditioned omega, no feature phase",artifacts/checkpoints/seed2/sc-inr-nophi/epoch-best.pth,benchmark_hr_downsample_4datasets_9scales_eval_full,BSD100,x30,OOD,20.694900,true
2,seed2_core,artifacts/raw_results/seed2/benchmark.json,SC-INR-Adaptive,Core seed2 benchmark. No final SC-INR in this file.,SC-INR-NoPhi,ablation_previous_main,"feature-conditioned omega, no feature phase",artifacts/checkpoints/seed2/sc-inr-nophi/epoch-best.pth,benchmark_hr_downsample_4datasets_9scales_eval_full,Urban100,x2,ID,32.223300,true
2,seed2_core,artifacts/raw_results/seed2/benchmark.json,SC-INR-Adaptive,Core seed2 benchmark. No final SC-INR in this file.,SC-INR-NoPhi,ablation_previous_main,"feature-conditioned omega, no feature phase",artifacts/checkpoints/seed2/sc-inr-nophi/epoch-best.pth,benchmark_hr_downsample_4datasets_9scales_eval_full,Urban100,x3,ID,28.269600,true
2,seed2_core,artifacts/raw_results/seed2/benchmark.json,SC-INR-Adaptive,Core seed2 benchmark. No final SC-INR in this file.,SC-INR-NoPhi,ablation_previous_main,"feature-conditioned omega, no feature phase",artifacts/checkpoints/seed2/sc-inr-nophi/epoch-best.pth,benchmark_hr_downsample_4datasets_9scales_eval_full,Urban100,x4,ID,26.199700,true
2,seed2_core,artifacts/raw_results/seed2/benchmark.json,SC-INR-Adaptive,Core seed2 benchmark. No final SC-INR in this file.,SC-INR-NoPhi,ablation_previous_main,"feature-conditioned omega, no feature phase",artifacts/checkpoints/seed2/sc-inr-nophi/epoch-best.pth,benchmark_hr_downsample_4datasets_9scales_eval_full,Urban100,x6,OOD,23.830900,true
2,seed2_core,artifacts/raw_results/seed2/benchmark.json,SC-INR-Adaptive,Core seed2 benchmark. No final SC-INR in this file.,SC-INR-NoPhi,ablation_previous_main,"feature-conditioned omega, no feature phase",artifacts/checkpoints/seed2/sc-inr-nophi/epoch-best.pth,benchmark_hr_downsample_4datasets_9scales_eval_full,Urban100,x8,OOD,22.507300,true
2,seed2_core,artifacts/raw_results/seed2/benchmark.json,SC-INR-Adaptive,Core seed2 benchmark. No final SC-INR in this file.,SC-INR-NoPhi,ablation_previous_main,"feature-conditioned omega, no feature phase",artifacts/checkpoints/seed2/sc-inr-nophi/epoch-best.pth,benchmark_hr_downsample_4datasets_9scales_eval_full,Urban100,x12,OOD,20.937700,true
2,seed2_core,artifacts/raw_results/seed2/benchmark.json,SC-INR-Adaptive,Core seed2 benchmark. No final SC-INR in this file.,SC-INR-NoPhi,ablation_previous_main,"feature-conditioned omega, no feature phase",artifacts/checkpoints/seed2/sc-inr-nophi/epoch-best.pth,benchmark_hr_downsample_4datasets_9scales_eval_full,Urban100,x16,OOD,20.007800,true
2,seed2_core,artifacts/raw_results/seed2/benchmark.json,SC-INR-Adaptive,Core seed2 benchmark. No final SC-INR in this file.,SC-INR-NoPhi,ablation_previous_main,"feature-conditioned omega, no feature phase",artifacts/checkpoints/seed2/sc-inr-nophi/epoch-best.pth,benchmark_hr_downsample_4datasets_9scales_eval_full,Urban100,x24,OOD,18.873700,true
2,seed2_core,artifacts/raw_results/seed2/benchmark.json,SC-INR-Adaptive,Core seed2 benchmark. No final SC-INR in this file.,SC-INR-NoPhi,ablation_previous_main,"feature-conditioned omega, no feature phase",artifacts/checkpoints/seed2/sc-inr-nophi/epoch-best.pth,benchmark_hr_downsample_4datasets_9scales_eval_full,Urban100,x30,OOD,18.334000,true
2,seed2_final_sc_inr,artifacts/raw_results/seed2/benchmark_sc_inr.json,SC-INR,Clean raw key SC-INR means final candidate for seed2.,SC-INR,active_final_candidate,signed omega plus feature-conditioned phi(z),artifacts/checkpoints/seed2/sc-inr/epoch-best.pth,benchmark_hr_downsample_4datasets_9scales_eval_full,Set5,x2,ID,37.956500,true
2,seed2_final_sc_inr,artifacts/raw_results/seed2/benchmark_sc_inr.json,SC-INR,Clean raw key SC-INR means final candidate for seed2.,SC-INR,active_final_candidate,signed omega plus feature-conditioned phi(z),artifacts/checkpoints/seed2/sc-inr/epoch-best.pth,benchmark_hr_downsample_4datasets_9scales_eval_full,Set5,x3,ID,34.383400,true
2,seed2_final_sc_inr,artifacts/raw_results/seed2/benchmark_sc_inr.json,SC-INR,Clean raw key SC-INR means final candidate for seed2.,SC-INR,active_final_candidate,signed omega plus feature-conditioned phi(z),artifacts/checkpoints/seed2/sc-inr/epoch-best.pth,benchmark_hr_downsample_4datasets_9scales_eval_full,Set5,x4,ID,32.200700,true
2,seed2_final_sc_inr,artifacts/raw_results/seed2/benchmark_sc_inr.json,SC-INR,Clean raw key SC-INR means final candidate for seed2.,SC-INR,active_final_candidate,signed omega plus feature-conditioned phi(z),artifacts/checkpoints/seed2/sc-inr/epoch-best.pth,benchmark_hr_downsample_4datasets_9scales_eval_full,Set5,x6,OOD,28.819400,true
2,seed2_final_sc_inr,artifacts/raw_results/seed2/benchmark_sc_inr.json,SC-INR,Clean raw key SC-INR means final candidate for seed2.,SC-INR,active_final_candidate,signed omega plus feature-conditioned phi(z),artifacts/checkpoints/seed2/sc-inr/epoch-best.pth,benchmark_hr_downsample_4datasets_9scales_eval_full,Set5,x8,OOD,26.976400,true
2,seed2_final_sc_inr,artifacts/raw_results/seed2/benchmark_sc_inr.json,SC-INR,Clean raw key SC-INR means final candidate for seed2.,SC-INR,active_final_candidate,signed omega plus feature-conditioned phi(z),artifacts/checkpoints/seed2/sc-inr/epoch-best.pth,benchmark_hr_downsample_4datasets_9scales_eval_full,Set5,x12,OOD,24.601000,true
2,seed2_final_sc_inr,artifacts/raw_results/seed2/benchmark_sc_inr.json,SC-INR,Clean raw key SC-INR means final candidate for seed2.,SC-INR,active_final_candidate,signed omega plus feature-conditioned phi(z),artifacts/checkpoints/seed2/sc-inr/epoch-best.pth,benchmark_hr_downsample_4datasets_9scales_eval_full,Set5,x16,OOD,23.077500,true
2,seed2_final_sc_inr,artifacts/raw_results/seed2/benchmark_sc_inr.json,SC-INR,Clean raw key SC-INR means final candidate for seed2.,SC-INR,active_final_candidate,signed omega plus feature-conditioned phi(z),artifacts/checkpoints/seed2/sc-inr/epoch-best.pth,benchmark_hr_downsample_4datasets_9scales_eval_full,Set5,x24,OOD,21.326700,true
2,seed2_final_sc_inr,artifacts/raw_results/seed2/benchmark_sc_inr.json,SC-INR,Clean raw key SC-INR means final candidate for seed2.,SC-INR,active_final_candidate,signed omega plus feature-conditioned phi(z),artifacts/checkpoints/seed2/sc-inr/epoch-best.pth,benchmark_hr_downsample_4datasets_9scales_eval_full,Set5,x30,OOD,20.490200,true
2,seed2_final_sc_inr,artifacts/raw_results/seed2/benchmark_sc_inr.json,SC-INR,Clean raw key SC-INR means final candidate for seed2.,SC-INR,active_final_candidate,signed omega plus feature-conditioned phi(z),artifacts/checkpoints/seed2/sc-inr/epoch-best.pth,benchmark_hr_downsample_4datasets_9scales_eval_full,Set14,x2,ID,33.627500,true
2,seed2_final_sc_inr,artifacts/raw_results/seed2/benchmark_sc_inr.json,SC-INR,Clean raw key SC-INR means final candidate for seed2.,SC-INR,active_final_candidate,signed omega plus feature-conditioned phi(z),artifacts/checkpoints/seed2/sc-inr/epoch-best.pth,benchmark_hr_downsample_4datasets_9scales_eval_full,Set14,x3,ID,30.331500,true
2,seed2_final_sc_inr,artifacts/raw_results/seed2/benchmark_sc_inr.json,SC-INR,Clean raw key SC-INR means final candidate for seed2.,SC-INR,active_final_candidate,signed omega plus feature-conditioned phi(z),artifacts/checkpoints/seed2/sc-inr/epoch-best.pth,benchmark_hr_downsample_4datasets_9scales_eval_full,Set14,x4,ID,28.613900,true
2,seed2_final_sc_inr,artifacts/raw_results/seed2/benchmark_sc_inr.json,SC-INR,Clean raw key SC-INR means final candidate for seed2.,SC-INR,active_final_candidate,signed omega plus feature-conditioned phi(z),artifacts/checkpoints/seed2/sc-inr/epoch-best.pth,benchmark_hr_downsample_4datasets_9scales_eval_full,Set14,x6,OOD,26.407900,true
2,seed2_final_sc_inr,artifacts/raw_results/seed2/benchmark_sc_inr.json,SC-INR,Clean raw key SC-INR means final candidate for seed2.,SC-INR,active_final_candidate,signed omega plus feature-conditioned phi(z),artifacts/checkpoints/seed2/sc-inr/epoch-best.pth,benchmark_hr_downsample_4datasets_9scales_eval_full,Set14,x8,OOD,24.927800,true
2,seed2_final_sc_inr,artifacts/raw_results/seed2/benchmark_sc_inr.json,SC-INR,Clean raw key SC-INR means final candidate for seed2.,SC-INR,active_final_candidate,signed omega plus feature-conditioned phi(z),artifacts/checkpoints/seed2/sc-inr/epoch-best.pth,benchmark_hr_downsample_4datasets_9scales_eval_full,Set14,x12,OOD,23.140600,true
2,seed2_final_sc_inr,artifacts/raw_results/seed2/benchmark_sc_inr.json,SC-INR,Clean raw key SC-INR means final candidate for seed2.,SC-INR,active_final_candidate,signed omega plus feature-conditioned phi(z),artifacts/checkpoints/seed2/sc-inr/epoch-best.pth,benchmark_hr_downsample_4datasets_9scales_eval_full,Set14,x16,OOD,22.101600,true
2,seed2_final_sc_inr,artifacts/raw_results/seed2/benchmark_sc_inr.json,SC-INR,Clean raw key SC-INR means final candidate for seed2.,SC-INR,active_final_candidate,signed omega plus feature-conditioned phi(z),artifacts/checkpoints/seed2/sc-inr/epoch-best.pth,benchmark_hr_downsample_4datasets_9scales_eval_full,Set14,x24,OOD,20.629400,true
2,seed2_final_sc_inr,artifacts/raw_results/seed2/benchmark_sc_inr.json,SC-INR,Clean raw key SC-INR means final candidate for seed2.,SC-INR,active_final_candidate,signed omega plus feature-conditioned phi(z),artifacts/checkpoints/seed2/sc-inr/epoch-best.pth,benchmark_hr_downsample_4datasets_9scales_eval_full,Set14,x30,OOD,19.802900,true
2,seed2_final_sc_inr,artifacts/raw_results/seed2/benchmark_sc_inr.json,SC-INR,Clean raw key SC-INR means final candidate for seed2.,SC-INR,active_final_candidate,signed omega plus feature-conditioned phi(z),artifacts/checkpoints/seed2/sc-inr/epoch-best.pth,benchmark_hr_downsample_4datasets_9scales_eval_full,BSD100,x2,ID,32.156800,true
2,seed2_final_sc_inr,artifacts/raw_results/seed2/benchmark_sc_inr.json,SC-INR,Clean raw key SC-INR means final candidate for seed2.,SC-INR,active_final_candidate,signed omega plus feature-conditioned phi(z),artifacts/checkpoints/seed2/sc-inr/epoch-best.pth,benchmark_hr_downsample_4datasets_9scales_eval_full,BSD100,x3,ID,29.100100,true
2,seed2_final_sc_inr,artifacts/raw_results/seed2/benchmark_sc_inr.json,SC-INR,Clean raw key SC-INR means final candidate for seed2.,SC-INR,active_final_candidate,signed omega plus feature-conditioned phi(z),artifacts/checkpoints/seed2/sc-inr/epoch-best.pth,benchmark_hr_downsample_4datasets_9scales_eval_full,BSD100,x4,ID,27.594300,true
2,seed2_final_sc_inr,artifacts/raw_results/seed2/benchmark_sc_inr.json,SC-INR,Clean raw key SC-INR means final candidate for seed2.,SC-INR,active_final_candidate,signed omega plus feature-conditioned phi(z),artifacts/checkpoints/seed2/sc-inr/epoch-best.pth,benchmark_hr_downsample_4datasets_9scales_eval_full,BSD100,x6,OOD,25.842300,true
2,seed2_final_sc_inr,artifacts/raw_results/seed2/benchmark_sc_inr.json,SC-INR,Clean raw key SC-INR means final candidate for seed2.,SC-INR,active_final_candidate,signed omega plus feature-conditioned phi(z),artifacts/checkpoints/seed2/sc-inr/epoch-best.pth,benchmark_hr_downsample_4datasets_9scales_eval_full,BSD100,x8,OOD,24.795200,true
2,seed2_final_sc_inr,artifacts/raw_results/seed2/benchmark_sc_inr.json,SC-INR,Clean raw key SC-INR means final candidate for seed2.,SC-INR,active_final_candidate,signed omega plus feature-conditioned phi(z),artifacts/checkpoints/seed2/sc-inr/epoch-best.pth,benchmark_hr_downsample_4datasets_9scales_eval_full,BSD100,x12,OOD,23.489600,true
2,seed2_final_sc_inr,artifacts/raw_results/seed2/benchmark_sc_inr.json,SC-INR,Clean raw key SC-INR means final candidate for seed2.,SC-INR,active_final_candidate,signed omega plus feature-conditioned phi(z),artifacts/checkpoints/seed2/sc-inr/epoch-best.pth,benchmark_hr_downsample_4datasets_9scales_eval_full,BSD100,x16,OOD,22.622500,true
2,seed2_final_sc_inr,artifacts/raw_results/seed2/benchmark_sc_inr.json,SC-INR,Clean raw key SC-INR means final candidate for seed2.,SC-INR,active_final_candidate,signed omega plus feature-conditioned phi(z),artifacts/checkpoints/seed2/sc-inr/epoch-best.pth,benchmark_hr_downsample_4datasets_9scales_eval_full,BSD100,x24,OOD,21.395900,true
2,seed2_final_sc_inr,artifacts/raw_results/seed2/benchmark_sc_inr.json,SC-INR,Clean raw key SC-INR means final candidate for seed2.,SC-INR,active_final_candidate,signed omega plus feature-conditioned phi(z),artifacts/checkpoints/seed2/sc-inr/epoch-best.pth,benchmark_hr_downsample_4datasets_9scales_eval_full,BSD100,x30,OOD,20.683400,true
2,seed2_final_sc_inr,artifacts/raw_results/seed2/benchmark_sc_inr.json,SC-INR,Clean raw key SC-INR means final candidate for seed2.,SC-INR,active_final_candidate,signed omega plus feature-conditioned phi(z),artifacts/checkpoints/seed2/sc-inr/epoch-best.pth,benchmark_hr_downsample_4datasets_9scales_eval_full,Urban100,x2,ID,31.977100,true
2,seed2_final_sc_inr,artifacts/raw_results/seed2/benchmark_sc_inr.json,SC-INR,Clean raw key SC-INR means final candidate for seed2.,SC-INR,active_final_candidate,signed omega plus feature-conditioned phi(z),artifacts/checkpoints/seed2/sc-inr/epoch-best.pth,benchmark_hr_downsample_4datasets_9scales_eval_full,Urban100,x3,ID,28.103900,true
2,seed2_final_sc_inr,artifacts/raw_results/seed2/benchmark_sc_inr.json,SC-INR,Clean raw key SC-INR means final candidate for seed2.,SC-INR,active_final_candidate,signed omega plus feature-conditioned phi(z),artifacts/checkpoints/seed2/sc-inr/epoch-best.pth,benchmark_hr_downsample_4datasets_9scales_eval_full,Urban100,x4,ID,26.051100,true
2,seed2_final_sc_inr,artifacts/raw_results/seed2/benchmark_sc_inr.json,SC-INR,Clean raw key SC-INR means final candidate for seed2.,SC-INR,active_final_candidate,signed omega plus feature-conditioned phi(z),artifacts/checkpoints/seed2/sc-inr/epoch-best.pth,benchmark_hr_downsample_4datasets_9scales_eval_full,Urban100,x6,OOD,23.733600,true
2,seed2_final_sc_inr,artifacts/raw_results/seed2/benchmark_sc_inr.json,SC-INR,Clean raw key SC-INR means final candidate for seed2.,SC-INR,active_final_candidate,signed omega plus feature-conditioned phi(z),artifacts/checkpoints/seed2/sc-inr/epoch-best.pth,benchmark_hr_downsample_4datasets_9scales_eval_full,Urban100,x8,OOD,22.429800,true
2,seed2_final_sc_inr,artifacts/raw_results/seed2/benchmark_sc_inr.json,SC-INR,Clean raw key SC-INR means final candidate for seed2.,SC-INR,active_final_candidate,signed omega plus feature-conditioned phi(z),artifacts/checkpoints/seed2/sc-inr/epoch-best.pth,benchmark_hr_downsample_4datasets_9scales_eval_full,Urban100,x12,OOD,20.905800,true
2,seed2_final_sc_inr,artifacts/raw_results/seed2/benchmark_sc_inr.json,SC-INR,Clean raw key SC-INR means final candidate for seed2.,SC-INR,active_final_candidate,signed omega plus feature-conditioned phi(z),artifacts/checkpoints/seed2/sc-inr/epoch-best.pth,benchmark_hr_downsample_4datasets_9scales_eval_full,Urban100,x16,OOD,19.974700,true
2,seed2_final_sc_inr,artifacts/raw_results/seed2/benchmark_sc_inr.json,SC-INR,Clean raw key SC-INR means final candidate for seed2.,SC-INR,active_final_candidate,signed omega plus feature-conditioned phi(z),artifacts/checkpoints/seed2/sc-inr/epoch-best.pth,benchmark_hr_downsample_4datasets_9scales_eval_full,Urban100,x24,OOD,18.839700,true
2,seed2_final_sc_inr,artifacts/raw_results/seed2/benchmark_sc_inr.json,SC-INR,Clean raw key SC-INR means final candidate for seed2.,SC-INR,active_final_candidate,signed omega plus feature-conditioned phi(z),artifacts/checkpoints/seed2/sc-inr/epoch-best.pth,benchmark_hr_downsample_4datasets_9scales_eval_full,Urban100,x30,OOD,18.297100,true
3,seed3_core,artifacts/raw_results/seed3/benchmark.json,LIIF,Legacy seed3 core benchmark. Raw key SC-INR is no-phase here.,LIIF,baseline,,artifacts/checkpoints/seed1/liif/epoch-best.pth,benchmark_hr_downsample_4datasets_9scales_eval_full,Set5,x2,ID,38.019700,true
3,seed3_core,artifacts/raw_results/seed3/benchmark.json,LIIF,Legacy seed3 core benchmark. Raw key SC-INR is no-phase here.,LIIF,baseline,,artifacts/checkpoints/seed1/liif/epoch-best.pth,benchmark_hr_downsample_4datasets_9scales_eval_full,Set5,x3,ID,34.393600,true
3,seed3_core,artifacts/raw_results/seed3/benchmark.json,LIIF,Legacy seed3 core benchmark. Raw key SC-INR is no-phase here.,LIIF,baseline,,artifacts/checkpoints/seed1/liif/epoch-best.pth,benchmark_hr_downsample_4datasets_9scales_eval_full,Set5,x4,ID,32.186000,true
3,seed3_core,artifacts/raw_results/seed3/benchmark.json,LIIF,Legacy seed3 core benchmark. Raw key SC-INR is no-phase here.,LIIF,baseline,,artifacts/checkpoints/seed1/liif/epoch-best.pth,benchmark_hr_downsample_4datasets_9scales_eval_full,Set5,x6,OOD,28.912000,true
3,seed3_core,artifacts/raw_results/seed3/benchmark.json,LIIF,Legacy seed3 core benchmark. Raw key SC-INR is no-phase here.,LIIF,baseline,,artifacts/checkpoints/seed1/liif/epoch-best.pth,benchmark_hr_downsample_4datasets_9scales_eval_full,Set5,x8,OOD,26.996000,true
3,seed3_core,artifacts/raw_results/seed3/benchmark.json,LIIF,Legacy seed3 core benchmark. Raw key SC-INR is no-phase here.,LIIF,baseline,,artifacts/checkpoints/seed1/liif/epoch-best.pth,benchmark_hr_downsample_4datasets_9scales_eval_full,Set5,x12,OOD,24.597600,true
3,seed3_core,artifacts/raw_results/seed3/benchmark.json,LIIF,Legacy seed3 core benchmark. Raw key SC-INR is no-phase here.,LIIF,baseline,,artifacts/checkpoints/seed1/liif/epoch-best.pth,benchmark_hr_downsample_4datasets_9scales_eval_full,Set5,x16,OOD,23.041000,true
3,seed3_core,artifacts/raw_results/seed3/benchmark.json,LIIF,Legacy seed3 core benchmark. Raw key SC-INR is no-phase here.,LIIF,baseline,,artifacts/checkpoints/seed1/liif/epoch-best.pth,benchmark_hr_downsample_4datasets_9scales_eval_full,Set5,x24,OOD,21.385900,true
3,seed3_core,artifacts/raw_results/seed3/benchmark.json,LIIF,Legacy seed3 core benchmark. Raw key SC-INR is no-phase here.,LIIF,baseline,,artifacts/checkpoints/seed1/liif/epoch-best.pth,benchmark_hr_downsample_4datasets_9scales_eval_full,Set5,x30,OOD,20.513300,true
3,seed3_core,artifacts/raw_results/seed3/benchmark.json,LIIF,Legacy seed3 core benchmark. Raw key SC-INR is no-phase here.,LIIF,baseline,,artifacts/checkpoints/seed1/liif/epoch-best.pth,benchmark_hr_downsample_4datasets_9scales_eval_full,Set14,x2,ID,33.622400,true
3,seed3_core,artifacts/raw_results/seed3/benchmark.json,LIIF,Legacy seed3 core benchmark. Raw key SC-INR is no-phase here.,LIIF,baseline,,artifacts/checkpoints/seed1/liif/epoch-best.pth,benchmark_hr_downsample_4datasets_9scales_eval_full,Set14,x3,ID,30.358500,true
3,seed3_core,artifacts/raw_results/seed3/benchmark.json,LIIF,Legacy seed3 core benchmark. Raw key SC-INR is no-phase here.,LIIF,baseline,,artifacts/checkpoints/seed1/liif/epoch-best.pth,benchmark_hr_downsample_4datasets_9scales_eval_full,Set14,x4,ID,28.626400,true
3,seed3_core,artifacts/raw_results/seed3/benchmark.json,LIIF,Legacy seed3 core benchmark. Raw key SC-INR is no-phase here.,LIIF,baseline,,artifacts/checkpoints/seed1/liif/epoch-best.pth,benchmark_hr_downsample_4datasets_9scales_eval_full,Set14,x6,OOD,26.462700,true
3,seed3_core,artifacts/raw_results/seed3/benchmark.json,LIIF,Legacy seed3 core benchmark. Raw key SC-INR is no-phase here.,LIIF,baseline,,artifacts/checkpoints/seed1/liif/epoch-best.pth,benchmark_hr_downsample_4datasets_9scales_eval_full,Set14,x8,OOD,24.943600,true
3,seed3_core,artifacts/raw_results/seed3/benchmark.json,LIIF,Legacy seed3 core benchmark. Raw key SC-INR is no-phase here.,LIIF,baseline,,artifacts/checkpoints/seed1/liif/epoch-best.pth,benchmark_hr_downsample_4datasets_9scales_eval_full,Set14,x12,OOD,23.152200,true
3,seed3_core,artifacts/raw_results/seed3/benchmark.json,LIIF,Legacy seed3 core benchmark. Raw key SC-INR is no-phase here.,LIIF,baseline,,artifacts/checkpoints/seed1/liif/epoch-best.pth,benchmark_hr_downsample_4datasets_9scales_eval_full,Set14,x16,OOD,22.085800,true
3,seed3_core,artifacts/raw_results/seed3/benchmark.json,LIIF,Legacy seed3 core benchmark. Raw key SC-INR is no-phase here.,LIIF,baseline,,artifacts/checkpoints/seed1/liif/epoch-best.pth,benchmark_hr_downsample_4datasets_9scales_eval_full,Set14,x24,OOD,20.671200,true
3,seed3_core,artifacts/raw_results/seed3/benchmark.json,LIIF,Legacy seed3 core benchmark. Raw key SC-INR is no-phase here.,LIIF,baseline,,artifacts/checkpoints/seed1/liif/epoch-best.pth,benchmark_hr_downsample_4datasets_9scales_eval_full,Set14,x30,OOD,19.812500,true
3,seed3_core,artifacts/raw_results/seed3/benchmark.json,LIIF,Legacy seed3 core benchmark. Raw key SC-INR is no-phase here.,LIIF,baseline,,artifacts/checkpoints/seed1/liif/epoch-best.pth,benchmark_hr_downsample_4datasets_9scales_eval_full,BSD100,x2,ID,32.179200,true
3,seed3_core,artifacts/raw_results/seed3/benchmark.json,LIIF,Legacy seed3 core benchmark. Raw key SC-INR is no-phase here.,LIIF,baseline,,artifacts/checkpoints/seed1/liif/epoch-best.pth,benchmark_hr_downsample_4datasets_9scales_eval_full,BSD100,x3,ID,29.125100,true
3,seed3_core,artifacts/raw_results/seed3/benchmark.json,LIIF,Legacy seed3 core benchmark. Raw key SC-INR is no-phase here.,LIIF,baseline,,artifacts/checkpoints/seed1/liif/epoch-best.pth,benchmark_hr_downsample_4datasets_9scales_eval_full,BSD100,x4,ID,27.611000,true
3,seed3_core,artifacts/raw_results/seed3/benchmark.json,LIIF,Legacy seed3 core benchmark. Raw key SC-INR is no-phase here.,LIIF,baseline,,artifacts/checkpoints/seed1/liif/epoch-best.pth,benchmark_hr_downsample_4datasets_9scales_eval_full,BSD100,x6,OOD,25.850600,true
3,seed3_core,artifacts/raw_results/seed3/benchmark.json,LIIF,Legacy seed3 core benchmark. Raw key SC-INR is no-phase here.,LIIF,baseline,,artifacts/checkpoints/seed1/liif/epoch-best.pth,benchmark_hr_downsample_4datasets_9scales_eval_full,BSD100,x8,OOD,24.800900,true
3,seed3_core,artifacts/raw_results/seed3/benchmark.json,LIIF,Legacy seed3 core benchmark. Raw key SC-INR is no-phase here.,LIIF,baseline,,artifacts/checkpoints/seed1/liif/epoch-best.pth,benchmark_hr_downsample_4datasets_9scales_eval_full,BSD100,x12,OOD,23.488100,true
3,seed3_core,artifacts/raw_results/seed3/benchmark.json,LIIF,Legacy seed3 core benchmark. Raw key SC-INR is no-phase here.,LIIF,baseline,,artifacts/checkpoints/seed1/liif/epoch-best.pth,benchmark_hr_downsample_4datasets_9scales_eval_full,BSD100,x16,OOD,22.608800,true
3,seed3_core,artifacts/raw_results/seed3/benchmark.json,LIIF,Legacy seed3 core benchmark. Raw key SC-INR is no-phase here.,LIIF,baseline,,artifacts/checkpoints/seed1/liif/epoch-best.pth,benchmark_hr_downsample_4datasets_9scales_eval_full,BSD100,x24,OOD,21.385100,true
3,seed3_core,artifacts/raw_results/seed3/benchmark.json,LIIF,Legacy seed3 core benchmark. Raw key SC-INR is no-phase here.,LIIF,baseline,,artifacts/checkpoints/seed1/liif/epoch-best.pth,benchmark_hr_downsample_4datasets_9scales_eval_full,BSD100,x30,OOD,20.680600,true
3,seed3_core,artifacts/raw_results/seed3/benchmark.json,LIIF,Legacy seed3 core benchmark. Raw key SC-INR is no-phase here.,LIIF,baseline,,artifacts/checkpoints/seed1/liif/epoch-best.pth,benchmark_hr_downsample_4datasets_9scales_eval_full,Urban100,x2,ID,32.141000,true
3,seed3_core,artifacts/raw_results/seed3/benchmark.json,LIIF,Legacy seed3 core benchmark. Raw key SC-INR is no-phase here.,LIIF,baseline,,artifacts/checkpoints/seed1/liif/epoch-best.pth,benchmark_hr_downsample_4datasets_9scales_eval_full,Urban100,x3,ID,28.201900,true
3,seed3_core,artifacts/raw_results/seed3/benchmark.json,LIIF,Legacy seed3 core benchmark. Raw key SC-INR is no-phase here.,LIIF,baseline,,artifacts/checkpoints/seed1/liif/epoch-best.pth,benchmark_hr_downsample_4datasets_9scales_eval_full,Urban100,x4,ID,26.150100,true
3,seed3_core,artifacts/raw_results/seed3/benchmark.json,LIIF,Legacy seed3 core benchmark. Raw key SC-INR is no-phase here.,LIIF,baseline,,artifacts/checkpoints/seed1/liif/epoch-best.pth,benchmark_hr_downsample_4datasets_9scales_eval_full,Urban100,x6,OOD,23.790100,true
3,seed3_core,artifacts/raw_results/seed3/benchmark.json,LIIF,Legacy seed3 core benchmark. Raw key SC-INR is no-phase here.,LIIF,baseline,,artifacts/checkpoints/seed1/liif/epoch-best.pth,benchmark_hr_downsample_4datasets_9scales_eval_full,Urban100,x8,OOD,22.462600,true
3,seed3_core,artifacts/raw_results/seed3/benchmark.json,LIIF,Legacy seed3 core benchmark. Raw key SC-INR is no-phase here.,LIIF,baseline,,artifacts/checkpoints/seed1/liif/epoch-best.pth,benchmark_hr_downsample_4datasets_9scales_eval_full,Urban100,x12,OOD,20.891000,true
3,seed3_core,artifacts/raw_results/seed3/benchmark.json,LIIF,Legacy seed3 core benchmark. Raw key SC-INR is no-phase here.,LIIF,baseline,,artifacts/checkpoints/seed1/liif/epoch-best.pth,benchmark_hr_downsample_4datasets_9scales_eval_full,Urban100,x16,OOD,19.957100,true
3,seed3_core,artifacts/raw_results/seed3/benchmark.json,LIIF,Legacy seed3 core benchmark. Raw key SC-INR is no-phase here.,LIIF,baseline,,artifacts/checkpoints/seed1/liif/epoch-best.pth,benchmark_hr_downsample_4datasets_9scales_eval_full,Urban100,x24,OOD,18.847800,true
3,seed3_core,artifacts/raw_results/seed3/benchmark.json,LIIF,Legacy seed3 core benchmark. Raw key SC-INR is no-phase here.,LIIF,baseline,,artifacts/checkpoints/seed1/liif/epoch-best.pth,benchmark_hr_downsample_4datasets_9scales_eval_full,Urban100,x30,OOD,18.301000,true
3,seed3_core,artifacts/raw_results/seed3/benchmark.json,LTE,Legacy seed3 core benchmark. Raw key SC-INR is no-phase here.,LTE,baseline,,artifacts/checkpoints/seed1/lte/epoch-best.pth,benchmark_hr_downsample_4datasets_9scales_eval_full,Set5,x2,ID,38.024300,true
3,seed3_core,artifacts/raw_results/seed3/benchmark.json,LTE,Legacy seed3 core benchmark. Raw key SC-INR is no-phase here.,LTE,baseline,,artifacts/checkpoints/seed1/lte/epoch-best.pth,benchmark_hr_downsample_4datasets_9scales_eval_full,Set5,x3,ID,34.423200,true
3,seed3_core,artifacts/raw_results/seed3/benchmark.json,LTE,Legacy seed3 core benchmark. Raw key SC-INR is no-phase here.,LTE,baseline,,artifacts/checkpoints/seed1/lte/epoch-best.pth,benchmark_hr_downsample_4datasets_9scales_eval_full,Set5,x4,ID,32.221900,true
3,seed3_core,artifacts/raw_results/seed3/benchmark.json,LTE,Legacy seed3 core benchmark. Raw key SC-INR is no-phase here.,LTE,baseline,,artifacts/checkpoints/seed1/lte/epoch-best.pth,benchmark_hr_downsample_4datasets_9scales_eval_full,Set5,x6,OOD,28.992200,true
3,seed3_core,artifacts/raw_results/seed3/benchmark.json,LTE,Legacy seed3 core benchmark. Raw key SC-INR is no-phase here.,LTE,baseline,,artifacts/checkpoints/seed1/lte/epoch-best.pth,benchmark_hr_downsample_4datasets_9scales_eval_full,Set5,x8,OOD,26.968900,true
3,seed3_core,artifacts/raw_results/seed3/benchmark.json,LTE,Legacy seed3 core benchmark. Raw key SC-INR is no-phase here.,LTE,baseline,,artifacts/checkpoints/seed1/lte/epoch-best.pth,benchmark_hr_downsample_4datasets_9scales_eval_full,Set5,x12,OOD,24.559700,true
3,seed3_core,artifacts/raw_results/seed3/benchmark.json,LTE,Legacy seed3 core benchmark. Raw key SC-INR is no-phase here.,LTE,baseline,,artifacts/checkpoints/seed1/lte/epoch-best.pth,benchmark_hr_downsample_4datasets_9scales_eval_full,Set5,x16,OOD,22.889500,true
3,seed3_core,artifacts/raw_results/seed3/benchmark.json,LTE,Legacy seed3 core benchmark. Raw key SC-INR is no-phase here.,LTE,baseline,,artifacts/checkpoints/seed1/lte/epoch-best.pth,benchmark_hr_downsample_4datasets_9scales_eval_full,Set5,x24,OOD,21.330400,true
3,seed3_core,artifacts/raw_results/seed3/benchmark.json,LTE,Legacy seed3 core benchmark. Raw key SC-INR is no-phase here.,LTE,baseline,,artifacts/checkpoints/seed1/lte/epoch-best.pth,benchmark_hr_downsample_4datasets_9scales_eval_full,Set5,x30,OOD,20.427500,true
3,seed3_core,artifacts/raw_results/seed3/benchmark.json,LTE,Legacy seed3 core benchmark. Raw key SC-INR is no-phase here.,LTE,baseline,,artifacts/checkpoints/seed1/lte/epoch-best.pth,benchmark_hr_downsample_4datasets_9scales_eval_full,Set14,x2,ID,33.664000,true
3,seed3_core,artifacts/raw_results/seed3/benchmark.json,LTE,Legacy seed3 core benchmark. Raw key SC-INR is no-phase here.,LTE,baseline,,artifacts/checkpoints/seed1/lte/epoch-best.pth,benchmark_hr_downsample_4datasets_9scales_eval_full,Set14,x3,ID,30.377500,true
3,seed3_core,artifacts/raw_results/seed3/benchmark.json,LTE,Legacy seed3 core benchmark. Raw key SC-INR is no-phase here.,LTE,baseline,,artifacts/checkpoints/seed1/lte/epoch-best.pth,benchmark_hr_downsample_4datasets_9scales_eval_full,Set14,x4,ID,28.637000,true
3,seed3_core,artifacts/raw_results/seed3/benchmark.json,LTE,Legacy seed3 core benchmark. Raw key SC-INR is no-phase here.,LTE,baseline,,artifacts/checkpoints/seed1/lte/epoch-best.pth,benchmark_hr_downsample_4datasets_9scales_eval_full,Set14,x6,OOD,26.470300,true
3,seed3_core,artifacts/raw_results/seed3/benchmark.json,LTE,Legacy seed3 core benchmark. Raw key SC-INR is no-phase here.,LTE,baseline,,artifacts/checkpoints/seed1/lte/epoch-best.pth,benchmark_hr_downsample_4datasets_9scales_eval_full,Set14,x8,OOD,24.935200,true
3,seed3_core,artifacts/raw_results/seed3/benchmark.json,LTE,Legacy seed3 core benchmark. Raw key SC-INR is no-phase here.,LTE,baseline,,artifacts/checkpoints/seed1/lte/epoch-best.pth,benchmark_hr_downsample_4datasets_9scales_eval_full,Set14,x12,OOD,23.143800,true
3,seed3_core,artifacts/raw_results/seed3/benchmark.json,LTE,Legacy seed3 core benchmark. Raw key SC-INR is no-phase here.,LTE,baseline,,artifacts/checkpoints/seed1/lte/epoch-best.pth,benchmark_hr_downsample_4datasets_9scales_eval_full,Set14,x16,OOD,22.056700,true
3,seed3_core,artifacts/raw_results/seed3/benchmark.json,LTE,Legacy seed3 core benchmark. Raw key SC-INR is no-phase here.,LTE,baseline,,artifacts/checkpoints/seed1/lte/epoch-best.pth,benchmark_hr_downsample_4datasets_9scales_eval_full,Set14,x24,OOD,20.598300,true
3,seed3_core,artifacts/raw_results/seed3/benchmark.json,LTE,Legacy seed3 core benchmark. Raw key SC-INR is no-phase here.,LTE,baseline,,artifacts/checkpoints/seed1/lte/epoch-best.pth,benchmark_hr_downsample_4datasets_9scales_eval_full,Set14,x30,OOD,19.771500,true
3,seed3_core,artifacts/raw_results/seed3/benchmark.json,LTE,Legacy seed3 core benchmark. Raw key SC-INR is no-phase here.,LTE,baseline,,artifacts/checkpoints/seed1/lte/epoch-best.pth,benchmark_hr_downsample_4datasets_9scales_eval_full,BSD100,x2,ID,32.203200,true
3,seed3_core,artifacts/raw_results/seed3/benchmark.json,LTE,Legacy seed3 core benchmark. Raw key SC-INR is no-phase here.,LTE,baseline,,artifacts/checkpoints/seed1/lte/epoch-best.pth,benchmark_hr_downsample_4datasets_9scales_eval_full,BSD100,x3,ID,29.131100,true
3,seed3_core,artifacts/raw_results/seed3/benchmark.json,LTE,Legacy seed3 core benchmark. Raw key SC-INR is no-phase here.,LTE,baseline,,artifacts/checkpoints/seed1/lte/epoch-best.pth,benchmark_hr_downsample_4datasets_9scales_eval_full,BSD100,x4,ID,27.616200,true
3,seed3_core,artifacts/raw_results/seed3/benchmark.json,LTE,Legacy seed3 core benchmark. Raw key SC-INR is no-phase here.,LTE,baseline,,artifacts/checkpoints/seed1/lte/epoch-best.pth,benchmark_hr_downsample_4datasets_9scales_eval_full,BSD100,x6,OOD,25.858300,true
3,seed3_core,artifacts/raw_results/seed3/benchmark.json,LTE,Legacy seed3 core benchmark. Raw key SC-INR is no-phase here.,LTE,baseline,,artifacts/checkpoints/seed1/lte/epoch-best.pth,benchmark_hr_downsample_4datasets_9scales_eval_full,BSD100,x8,OOD,24.798500,true
3,seed3_core,artifacts/raw_results/seed3/benchmark.json,LTE,Legacy seed3 core benchmark. Raw key SC-INR is no-phase here.,LTE,baseline,,artifacts/checkpoints/seed1/lte/epoch-best.pth,benchmark_hr_downsample_4datasets_9scales_eval_full,BSD100,x12,OOD,23.471800,true
3,seed3_core,artifacts/raw_results/seed3/benchmark.json,LTE,Legacy seed3 core benchmark. Raw key SC-INR is no-phase here.,LTE,baseline,,artifacts/checkpoints/seed1/lte/epoch-best.pth,benchmark_hr_downsample_4datasets_9scales_eval_full,BSD100,x16,OOD,22.585700,true
3,seed3_core,artifacts/raw_results/seed3/benchmark.json,LTE,Legacy seed3 core benchmark. Raw key SC-INR is no-phase here.,LTE,baseline,,artifacts/checkpoints/seed1/lte/epoch-best.pth,benchmark_hr_downsample_4datasets_9scales_eval_full,BSD100,x24,OOD,21.349300,true
3,seed3_core,artifacts/raw_results/seed3/benchmark.json,LTE,Legacy seed3 core benchmark. Raw key SC-INR is no-phase here.,LTE,baseline,,artifacts/checkpoints/seed1/lte/epoch-best.pth,benchmark_hr_downsample_4datasets_9scales_eval_full,BSD100,x30,OOD,20.646500,true
3,seed3_core,artifacts/raw_results/seed3/benchmark.json,LTE,Legacy seed3 core benchmark. Raw key SC-INR is no-phase here.,LTE,baseline,,artifacts/checkpoints/seed1/lte/epoch-best.pth,benchmark_hr_downsample_4datasets_9scales_eval_full,Urban100,x2,ID,32.248800,true
3,seed3_core,artifacts/raw_results/seed3/benchmark.json,LTE,Legacy seed3 core benchmark. Raw key SC-INR is no-phase here.,LTE,baseline,,artifacts/checkpoints/seed1/lte/epoch-best.pth,benchmark_hr_downsample_4datasets_9scales_eval_full,Urban100,x3,ID,28.306800,true
3,seed3_core,artifacts/raw_results/seed3/benchmark.json,LTE,Legacy seed3 core benchmark. Raw key SC-INR is no-phase here.,LTE,baseline,,artifacts/checkpoints/seed1/lte/epoch-best.pth,benchmark_hr_downsample_4datasets_9scales_eval_full,Urban100,x4,ID,26.227900,true
3,seed3_core,artifacts/raw_results/seed3/benchmark.json,LTE,Legacy seed3 core benchmark. Raw key SC-INR is no-phase here.,LTE,baseline,,artifacts/checkpoints/seed1/lte/epoch-best.pth,benchmark_hr_downsample_4datasets_9scales_eval_full,Urban100,x6,OOD,23.845100,true
3,seed3_core,artifacts/raw_results/seed3/benchmark.json,LTE,Legacy seed3 core benchmark. Raw key SC-INR is no-phase here.,LTE,baseline,,artifacts/checkpoints/seed1/lte/epoch-best.pth,benchmark_hr_downsample_4datasets_9scales_eval_full,Urban100,x8,OOD,22.492500,true
3,seed3_core,artifacts/raw_results/seed3/benchmark.json,LTE,Legacy seed3 core benchmark. Raw key SC-INR is no-phase here.,LTE,baseline,,artifacts/checkpoints/seed1/lte/epoch-best.pth,benchmark_hr_downsample_4datasets_9scales_eval_full,Urban100,x12,OOD,20.888400,true
3,seed3_core,artifacts/raw_results/seed3/benchmark.json,LTE,Legacy seed3 core benchmark. Raw key SC-INR is no-phase here.,LTE,baseline,,artifacts/checkpoints/seed1/lte/epoch-best.pth,benchmark_hr_downsample_4datasets_9scales_eval_full,Urban100,x16,OOD,19.948700,true
3,seed3_core,artifacts/raw_results/seed3/benchmark.json,LTE,Legacy seed3 core benchmark. Raw key SC-INR is no-phase here.,LTE,baseline,,artifacts/checkpoints/seed1/lte/epoch-best.pth,benchmark_hr_downsample_4datasets_9scales_eval_full,Urban100,x24,OOD,18.817000,true
3,seed3_core,artifacts/raw_results/seed3/benchmark.json,LTE,Legacy seed3 core benchmark. Raw key SC-INR is no-phase here.,LTE,baseline,,artifacts/checkpoints/seed1/lte/epoch-best.pth,benchmark_hr_downsample_4datasets_9scales_eval_full,Urban100,x30,OOD,18.271200,true
3,seed3_core,artifacts/raw_results/seed3/benchmark.json,SC-INR,Legacy seed3 core benchmark. Raw key SC-INR is no-phase here.,SC-INR-NoPhi,ablation_previous_main,"feature-conditioned omega, no feature phase",artifacts/checkpoints/seed3/sc-inr-nophi/epoch-best.pth,benchmark_hr_downsample_4datasets_9scales_eval_full,Set5,x2,ID,38.009000,true
3,seed3_core,artifacts/raw_results/seed3/benchmark.json,SC-INR,Legacy seed3 core benchmark. Raw key SC-INR is no-phase here.,SC-INR-NoPhi,ablation_previous_main,"feature-conditioned omega, no feature phase",artifacts/checkpoints/seed3/sc-inr-nophi/epoch-best.pth,benchmark_hr_downsample_4datasets_9scales_eval_full,Set5,x3,ID,34.413500,true
3,seed3_core,artifacts/raw_results/seed3/benchmark.json,SC-INR,Legacy seed3 core benchmark. Raw key SC-INR is no-phase here.,SC-INR-NoPhi,ablation_previous_main,"feature-conditioned omega, no feature phase",artifacts/checkpoints/seed3/sc-inr-nophi/epoch-best.pth,benchmark_hr_downsample_4datasets_9scales_eval_full,Set5,x4,ID,32.214700,true
3,seed3_core,artifacts/raw_results/seed3/benchmark.json,SC-INR,Legacy seed3 core benchmark. Raw key SC-INR is no-phase here.,SC-INR-NoPhi,ablation_previous_main,"feature-conditioned omega, no feature phase",artifacts/checkpoints/seed3/sc-inr-nophi/epoch-best.pth,benchmark_hr_downsample_4datasets_9scales_eval_full,Set5,x6,OOD,28.900600,true
3,seed3_core,artifacts/raw_results/seed3/benchmark.json,SC-INR,Legacy seed3 core benchmark. Raw key SC-INR is no-phase here.,SC-INR-NoPhi,ablation_previous_main,"feature-conditioned omega, no feature phase",artifacts/checkpoints/seed3/sc-inr-nophi/epoch-best.pth,benchmark_hr_downsample_4datasets_9scales_eval_full,Set5,x8,OOD,27.025800,true
3,seed3_core,artifacts/raw_results/seed3/benchmark.json,SC-INR,Legacy seed3 core benchmark. Raw key SC-INR is no-phase here.,SC-INR-NoPhi,ablation_previous_main,"feature-conditioned omega, no feature phase",artifacts/checkpoints/seed3/sc-inr-nophi/epoch-best.pth,benchmark_hr_downsample_4datasets_9scales_eval_full,Set5,x12,OOD,24.628200,true
3,seed3_core,artifacts/raw_results/seed3/benchmark.json,SC-INR,Legacy seed3 core benchmark. Raw key SC-INR is no-phase here.,SC-INR-NoPhi,ablation_previous_main,"feature-conditioned omega, no feature phase",artifacts/checkpoints/seed3/sc-inr-nophi/epoch-best.pth,benchmark_hr_downsample_4datasets_9scales_eval_full,Set5,x16,OOD,23.042800,true
3,seed3_core,artifacts/raw_results/seed3/benchmark.json,SC-INR,Legacy seed3 core benchmark. Raw key SC-INR is no-phase here.,SC-INR-NoPhi,ablation_previous_main,"feature-conditioned omega, no feature phase",artifacts/checkpoints/seed3/sc-inr-nophi/epoch-best.pth,benchmark_hr_downsample_4datasets_9scales_eval_full,Set5,x24,OOD,21.425300,true
3,seed3_core,artifacts/raw_results/seed3/benchmark.json,SC-INR,Legacy seed3 core benchmark. Raw key SC-INR is no-phase here.,SC-INR-NoPhi,ablation_previous_main,"feature-conditioned omega, no feature phase",artifacts/checkpoints/seed3/sc-inr-nophi/epoch-best.pth,benchmark_hr_downsample_4datasets_9scales_eval_full,Set5,x30,OOD,20.537300,true
3,seed3_core,artifacts/raw_results/seed3/benchmark.json,SC-INR,Legacy seed3 core benchmark. Raw key SC-INR is no-phase here.,SC-INR-NoPhi,ablation_previous_main,"feature-conditioned omega, no feature phase",artifacts/checkpoints/seed3/sc-inr-nophi/epoch-best.pth,benchmark_hr_downsample_4datasets_9scales_eval_full,Set14,x2,ID,33.672600,true
3,seed3_core,artifacts/raw_results/seed3/benchmark.json,SC-INR,Legacy seed3 core benchmark. Raw key SC-INR is no-phase here.,SC-INR-NoPhi,ablation_previous_main,"feature-conditioned omega, no feature phase",artifacts/checkpoints/seed3/sc-inr-nophi/epoch-best.pth,benchmark_hr_downsample_4datasets_9scales_eval_full,Set14,x3,ID,30.377300,true
3,seed3_core,artifacts/raw_results/seed3/benchmark.json,SC-INR,Legacy seed3 core benchmark. Raw key SC-INR is no-phase here.,SC-INR-NoPhi,ablation_previous_main,"feature-conditioned omega, no feature phase",artifacts/checkpoints/seed3/sc-inr-nophi/epoch-best.pth,benchmark_hr_downsample_4datasets_9scales_eval_full,Set14,x4,ID,28.659000,true
3,seed3_core,artifacts/raw_results/seed3/benchmark.json,SC-INR,Legacy seed3 core benchmark. Raw key SC-INR is no-phase here.,SC-INR-NoPhi,ablation_previous_main,"feature-conditioned omega, no feature phase",artifacts/checkpoints/seed3/sc-inr-nophi/epoch-best.pth,benchmark_hr_downsample_4datasets_9scales_eval_full,Set14,x6,OOD,26.497500,true
3,seed3_core,artifacts/raw_results/seed3/benchmark.json,SC-INR,Legacy seed3 core benchmark. Raw key SC-INR is no-phase here.,SC-INR-NoPhi,ablation_previous_main,"feature-conditioned omega, no feature phase",artifacts/checkpoints/seed3/sc-inr-nophi/epoch-best.pth,benchmark_hr_downsample_4datasets_9scales_eval_full,Set14,x8,OOD,24.971400,true
3,seed3_core,artifacts/raw_results/seed3/benchmark.json,SC-INR,Legacy seed3 core benchmark. Raw key SC-INR is no-phase here.,SC-INR-NoPhi,ablation_previous_main,"feature-conditioned omega, no feature phase",artifacts/checkpoints/seed3/sc-inr-nophi/epoch-best.pth,benchmark_hr_downsample_4datasets_9scales_eval_full,Set14,x12,OOD,23.164200,true
3,seed3_core,artifacts/raw_results/seed3/benchmark.json,SC-INR,Legacy seed3 core benchmark. Raw key SC-INR is no-phase here.,SC-INR-NoPhi,ablation_previous_main,"feature-conditioned omega, no feature phase",artifacts/checkpoints/seed3/sc-inr-nophi/epoch-best.pth,benchmark_hr_downsample_4datasets_9scales_eval_full,Set14,x16,OOD,22.115500,true
3,seed3_core,artifacts/raw_results/seed3/benchmark.json,SC-INR,Legacy seed3 core benchmark. Raw key SC-INR is no-phase here.,SC-INR-NoPhi,ablation_previous_main,"feature-conditioned omega, no feature phase",artifacts/checkpoints/seed3/sc-inr-nophi/epoch-best.pth,benchmark_hr_downsample_4datasets_9scales_eval_full,Set14,x24,OOD,20.639700,true
3,seed3_core,artifacts/raw_results/seed3/benchmark.json,SC-INR,Legacy seed3 core benchmark. Raw key SC-INR is no-phase here.,SC-INR-NoPhi,ablation_previous_main,"feature-conditioned omega, no feature phase",artifacts/checkpoints/seed3/sc-inr-nophi/epoch-best.pth,benchmark_hr_downsample_4datasets_9scales_eval_full,Set14,x30,OOD,19.821500,true
3,seed3_core,artifacts/raw_results/seed3/benchmark.json,SC-INR,Legacy seed3 core benchmark. Raw key SC-INR is no-phase here.,SC-INR-NoPhi,ablation_previous_main,"feature-conditioned omega, no feature phase",artifacts/checkpoints/seed3/sc-inr-nophi/epoch-best.pth,benchmark_hr_downsample_4datasets_9scales_eval_full,BSD100,x2,ID,32.200000,true
3,seed3_core,artifacts/raw_results/seed3/benchmark.json,SC-INR,Legacy seed3 core benchmark. Raw key SC-INR is no-phase here.,SC-INR-NoPhi,ablation_previous_main,"feature-conditioned omega, no feature phase",artifacts/checkpoints/seed3/sc-inr-nophi/epoch-best.pth,benchmark_hr_downsample_4datasets_9scales_eval_full,BSD100,x3,ID,29.130800,true
3,seed3_core,artifacts/raw_results/seed3/benchmark.json,SC-INR,Legacy seed3 core benchmark. Raw key SC-INR is no-phase here.,SC-INR-NoPhi,ablation_previous_main,"feature-conditioned omega, no feature phase",artifacts/checkpoints/seed3/sc-inr-nophi/epoch-best.pth,benchmark_hr_downsample_4datasets_9scales_eval_full,BSD100,x4,ID,27.621500,true
3,seed3_core,artifacts/raw_results/seed3/benchmark.json,SC-INR,Legacy seed3 core benchmark. Raw key SC-INR is no-phase here.,SC-INR-NoPhi,ablation_previous_main,"feature-conditioned omega, no feature phase",artifacts/checkpoints/seed3/sc-inr-nophi/epoch-best.pth,benchmark_hr_downsample_4datasets_9scales_eval_full,BSD100,x6,OOD,25.867500,true
3,seed3_core,artifacts/raw_results/seed3/benchmark.json,SC-INR,Legacy seed3 core benchmark. Raw key SC-INR is no-phase here.,SC-INR-NoPhi,ablation_previous_main,"feature-conditioned omega, no feature phase",artifacts/checkpoints/seed3/sc-inr-nophi/epoch-best.pth,benchmark_hr_downsample_4datasets_9scales_eval_full,BSD100,x8,OOD,24.819400,true
3,seed3_core,artifacts/raw_results/seed3/benchmark.json,SC-INR,Legacy seed3 core benchmark. Raw key SC-INR is no-phase here.,SC-INR-NoPhi,ablation_previous_main,"feature-conditioned omega, no feature phase",artifacts/checkpoints/seed3/sc-inr-nophi/epoch-best.pth,benchmark_hr_downsample_4datasets_9scales_eval_full,BSD100,x12,OOD,23.504200,true
3,seed3_core,artifacts/raw_results/seed3/benchmark.json,SC-INR,Legacy seed3 core benchmark. Raw key SC-INR is no-phase here.,SC-INR-NoPhi,ablation_previous_main,"feature-conditioned omega, no feature phase",artifacts/checkpoints/seed3/sc-inr-nophi/epoch-best.pth,benchmark_hr_downsample_4datasets_9scales_eval_full,BSD100,x16,OOD,22.642100,true
3,seed3_core,artifacts/raw_results/seed3/benchmark.json,SC-INR,Legacy seed3 core benchmark. Raw key SC-INR is no-phase here.,SC-INR-NoPhi,ablation_previous_main,"feature-conditioned omega, no feature phase",artifacts/checkpoints/seed3/sc-inr-nophi/epoch-best.pth,benchmark_hr_downsample_4datasets_9scales_eval_full,BSD100,x24,OOD,21.416100,true
3,seed3_core,artifacts/raw_results/seed3/benchmark.json,SC-INR,Legacy seed3 core benchmark. Raw key SC-INR is no-phase here.,SC-INR-NoPhi,ablation_previous_main,"feature-conditioned omega, no feature phase",artifacts/checkpoints/seed3/sc-inr-nophi/epoch-best.pth,benchmark_hr_downsample_4datasets_9scales_eval_full,BSD100,x30,OOD,20.695700,true
3,seed3_core,artifacts/raw_results/seed3/benchmark.json,SC-INR,Legacy seed3 core benchmark. Raw key SC-INR is no-phase here.,SC-INR-NoPhi,ablation_previous_main,"feature-conditioned omega, no feature phase",artifacts/checkpoints/seed3/sc-inr-nophi/epoch-best.pth,benchmark_hr_downsample_4datasets_9scales_eval_full,Urban100,x2,ID,32.217300,true
3,seed3_core,artifacts/raw_results/seed3/benchmark.json,SC-INR,Legacy seed3 core benchmark. Raw key SC-INR is no-phase here.,SC-INR-NoPhi,ablation_previous_main,"feature-conditioned omega, no feature phase",artifacts/checkpoints/seed3/sc-inr-nophi/epoch-best.pth,benchmark_hr_downsample_4datasets_9scales_eval_full,Urban100,x3,ID,28.272700,true
3,seed3_core,artifacts/raw_results/seed3/benchmark.json,SC-INR,Legacy seed3 core benchmark. Raw key SC-INR is no-phase here.,SC-INR-NoPhi,ablation_previous_main,"feature-conditioned omega, no feature phase",artifacts/checkpoints/seed3/sc-inr-nophi/epoch-best.pth,benchmark_hr_downsample_4datasets_9scales_eval_full,Urban100,x4,ID,26.203100,true
3,seed3_core,artifacts/raw_results/seed3/benchmark.json,SC-INR,Legacy seed3 core benchmark. Raw key SC-INR is no-phase here.,SC-INR-NoPhi,ablation_previous_main,"feature-conditioned omega, no feature phase",artifacts/checkpoints/seed3/sc-inr-nophi/epoch-best.pth,benchmark_hr_downsample_4datasets_9scales_eval_full,Urban100,x6,OOD,23.832400,true
3,seed3_core,artifacts/raw_results/seed3/benchmark.json,SC-INR,Legacy seed3 core benchmark. Raw key SC-INR is no-phase here.,SC-INR-NoPhi,ablation_previous_main,"feature-conditioned omega, no feature phase",artifacts/checkpoints/seed3/sc-inr-nophi/epoch-best.pth,benchmark_hr_downsample_4datasets_9scales_eval_full,Urban100,x8,OOD,22.511900,true
3,seed3_core,artifacts/raw_results/seed3/benchmark.json,SC-INR,Legacy seed3 core benchmark. Raw key SC-INR is no-phase here.,SC-INR-NoPhi,ablation_previous_main,"feature-conditioned omega, no feature phase",artifacts/checkpoints/seed3/sc-inr-nophi/epoch-best.pth,benchmark_hr_downsample_4datasets_9scales_eval_full,Urban100,x12,OOD,20.951400,true
3,seed3_core,artifacts/raw_results/seed3/benchmark.json,SC-INR,Legacy seed3 core benchmark. Raw key SC-INR is no-phase here.,SC-INR-NoPhi,ablation_previous_main,"feature-conditioned omega, no feature phase",artifacts/checkpoints/seed3/sc-inr-nophi/epoch-best.pth,benchmark_hr_downsample_4datasets_9scales_eval_full,Urban100,x16,OOD,20.005700,true
3,seed3_core,artifacts/raw_results/seed3/benchmark.json,SC-INR,Legacy seed3 core benchmark. Raw key SC-INR is no-phase here.,SC-INR-NoPhi,ablation_previous_main,"feature-conditioned omega, no feature phase",artifacts/checkpoints/seed3/sc-inr-nophi/epoch-best.pth,benchmark_hr_downsample_4datasets_9scales_eval_full,Urban100,x24,OOD,18.883600,true
3,seed3_core,artifacts/raw_results/seed3/benchmark.json,SC-INR,Legacy seed3 core benchmark. Raw key SC-INR is no-phase here.,SC-INR-NoPhi,ablation_previous_main,"feature-conditioned omega, no feature phase",artifacts/checkpoints/seed3/sc-inr-nophi/epoch-best.pth,benchmark_hr_downsample_4datasets_9scales_eval_full,Urban100,x30,OOD,18.321600,true
3,seed3_final_sc_inr,artifacts/raw_results/seed3/benchmark_sc_inr.json,SC-INR,Clean raw key SC-INR means final candidate for seed3.,SC-INR,active_final_candidate,signed omega plus feature-conditioned phi(z),artifacts/checkpoints/seed3/sc-inr/epoch-best.pth,benchmark_hr_downsample_4datasets_9scales_eval_full,Set5,x2,ID,38.022600,true
3,seed3_final_sc_inr,artifacts/raw_results/seed3/benchmark_sc_inr.json,SC-INR,Clean raw key SC-INR means final candidate for seed3.,SC-INR,active_final_candidate,signed omega plus feature-conditioned phi(z),artifacts/checkpoints/seed3/sc-inr/epoch-best.pth,benchmark_hr_downsample_4datasets_9scales_eval_full,Set5,x3,ID,34.497900,true
3,seed3_final_sc_inr,artifacts/raw_results/seed3/benchmark_sc_inr.json,SC-INR,Clean raw key SC-INR means final candidate for seed3.,SC-INR,active_final_candidate,signed omega plus feature-conditioned phi(z),artifacts/checkpoints/seed3/sc-inr/epoch-best.pth,benchmark_hr_downsample_4datasets_9scales_eval_full,Set5,x4,ID,32.264100,true
3,seed3_final_sc_inr,artifacts/raw_results/seed3/benchmark_sc_inr.json,SC-INR,Clean raw key SC-INR means final candidate for seed3.,SC-INR,active_final_candidate,signed omega plus feature-conditioned phi(z),artifacts/checkpoints/seed3/sc-inr/epoch-best.pth,benchmark_hr_downsample_4datasets_9scales_eval_full,Set5,x6,OOD,28.959700,true
3,seed3_final_sc_inr,artifacts/raw_results/seed3/benchmark_sc_inr.json,SC-INR,Clean raw key SC-INR means final candidate for seed3.,SC-INR,active_final_candidate,signed omega plus feature-conditioned phi(z),artifacts/checkpoints/seed3/sc-inr/epoch-best.pth,benchmark_hr_downsample_4datasets_9scales_eval_full,Set5,x8,OOD,27.053500,true
3,seed3_final_sc_inr,artifacts/raw_results/seed3/benchmark_sc_inr.json,SC-INR,Clean raw key SC-INR means final candidate for seed3.,SC-INR,active_final_candidate,signed omega plus feature-conditioned phi(z),artifacts/checkpoints/seed3/sc-inr/epoch-best.pth,benchmark_hr_downsample_4datasets_9scales_eval_full,Set5,x12,OOD,24.651200,true
3,seed3_final_sc_inr,artifacts/raw_results/seed3/benchmark_sc_inr.json,SC-INR,Clean raw key SC-INR means final candidate for seed3.,SC-INR,active_final_candidate,signed omega plus feature-conditioned phi(z),artifacts/checkpoints/seed3/sc-inr/epoch-best.pth,benchmark_hr_downsample_4datasets_9scales_eval_full,Set5,x16,OOD,23.056900,true
3,seed3_final_sc_inr,artifacts/raw_results/seed3/benchmark_sc_inr.json,SC-INR,Clean raw key SC-INR means final candidate for seed3.,SC-INR,active_final_candidate,signed omega plus feature-conditioned phi(z),artifacts/checkpoints/seed3/sc-inr/epoch-best.pth,benchmark_hr_downsample_4datasets_9scales_eval_full,Set5,x24,OOD,21.425800,true
3,seed3_final_sc_inr,artifacts/raw_results/seed3/benchmark_sc_inr.json,SC-INR,Clean raw key SC-INR means final candidate for seed3.,SC-INR,active_final_candidate,signed omega plus feature-conditioned phi(z),artifacts/checkpoints/seed3/sc-inr/epoch-best.pth,benchmark_hr_downsample_4datasets_9scales_eval_full,Set5,x30,OOD,20.614800,true
3,seed3_final_sc_inr,artifacts/raw_results/seed3/benchmark_sc_inr.json,SC-INR,Clean raw key SC-INR means final candidate for seed3.,SC-INR,active_final_candidate,signed omega plus feature-conditioned phi(z),artifacts/checkpoints/seed3/sc-inr/epoch-best.pth,benchmark_hr_downsample_4datasets_9scales_eval_full,Set14,x2,ID,33.698200,true
3,seed3_final_sc_inr,artifacts/raw_results/seed3/benchmark_sc_inr.json,SC-INR,Clean raw key SC-INR means final candidate for seed3.,SC-INR,active_final_candidate,signed omega plus feature-conditioned phi(z),artifacts/checkpoints/seed3/sc-inr/epoch-best.pth,benchmark_hr_downsample_4datasets_9scales_eval_full,Set14,x3,ID,30.391000,true
3,seed3_final_sc_inr,artifacts/raw_results/seed3/benchmark_sc_inr.json,SC-INR,Clean raw key SC-INR means final candidate for seed3.,SC-INR,active_final_candidate,signed omega plus feature-conditioned phi(z),artifacts/checkpoints/seed3/sc-inr/epoch-best.pth,benchmark_hr_downsample_4datasets_9scales_eval_full,Set14,x4,ID,28.660400,true
3,seed3_final_sc_inr,artifacts/raw_results/seed3/benchmark_sc_inr.json,SC-INR,Clean raw key SC-INR means final candidate for seed3.,SC-INR,active_final_candidate,signed omega plus feature-conditioned phi(z),artifacts/checkpoints/seed3/sc-inr/epoch-best.pth,benchmark_hr_downsample_4datasets_9scales_eval_full,Set14,x6,OOD,26.489300,true
3,seed3_final_sc_inr,artifacts/raw_results/seed3/benchmark_sc_inr.json,SC-INR,Clean raw key SC-INR means final candidate for seed3.,SC-INR,active_final_candidate,signed omega plus feature-conditioned phi(z),artifacts/checkpoints/seed3/sc-inr/epoch-best.pth,benchmark_hr_downsample_4datasets_9scales_eval_full,Set14,x8,OOD,24.977300,true
3,seed3_final_sc_inr,artifacts/raw_results/seed3/benchmark_sc_inr.json,SC-INR,Clean raw key SC-INR means final candidate for seed3.,SC-INR,active_final_candidate,signed omega plus feature-conditioned phi(z),artifacts/checkpoints/seed3/sc-inr/epoch-best.pth,benchmark_hr_downsample_4datasets_9scales_eval_full,Set14,x12,OOD,23.188800,true
3,seed3_final_sc_inr,artifacts/raw_results/seed3/benchmark_sc_inr.json,SC-INR,Clean raw key SC-INR means final candidate for seed3.,SC-INR,active_final_candidate,signed omega plus feature-conditioned phi(z),artifacts/checkpoints/seed3/sc-inr/epoch-best.pth,benchmark_hr_downsample_4datasets_9scales_eval_full,Set14,x16,OOD,22.152000,true
3,seed3_final_sc_inr,artifacts/raw_results/seed3/benchmark_sc_inr.json,SC-INR,Clean raw key SC-INR means final candidate for seed3.,SC-INR,active_final_candidate,signed omega plus feature-conditioned phi(z),artifacts/checkpoints/seed3/sc-inr/epoch-best.pth,benchmark_hr_downsample_4datasets_9scales_eval_full,Set14,x24,OOD,20.681400,true
3,seed3_final_sc_inr,artifacts/raw_results/seed3/benchmark_sc_inr.json,SC-INR,Clean raw key SC-INR means final candidate for seed3.,SC-INR,active_final_candidate,signed omega plus feature-conditioned phi(z),artifacts/checkpoints/seed3/sc-inr/epoch-best.pth,benchmark_hr_downsample_4datasets_9scales_eval_full,Set14,x30,OOD,19.837500,true
3,seed3_final_sc_inr,artifacts/raw_results/seed3/benchmark_sc_inr.json,SC-INR,Clean raw key SC-INR means final candidate for seed3.,SC-INR,active_final_candidate,signed omega plus feature-conditioned phi(z),artifacts/checkpoints/seed3/sc-inr/epoch-best.pth,benchmark_hr_downsample_4datasets_9scales_eval_full,BSD100,x2,ID,32.195000,true
3,seed3_final_sc_inr,artifacts/raw_results/seed3/benchmark_sc_inr.json,SC-INR,Clean raw key SC-INR means final candidate for seed3.,SC-INR,active_final_candidate,signed omega plus feature-conditioned phi(z),artifacts/checkpoints/seed3/sc-inr/epoch-best.pth,benchmark_hr_downsample_4datasets_9scales_eval_full,BSD100,x3,ID,29.135300,true
3,seed3_final_sc_inr,artifacts/raw_results/seed3/benchmark_sc_inr.json,SC-INR,Clean raw key SC-INR means final candidate for seed3.,SC-INR,active_final_candidate,signed omega plus feature-conditioned phi(z),artifacts/checkpoints/seed3/sc-inr/epoch-best.pth,benchmark_hr_downsample_4datasets_9scales_eval_full,BSD100,x4,ID,27.622900,true
3,seed3_final_sc_inr,artifacts/raw_results/seed3/benchmark_sc_inr.json,SC-INR,Clean raw key SC-INR means final candidate for seed3.,SC-INR,active_final_candidate,signed omega plus feature-conditioned phi(z),artifacts/checkpoints/seed3/sc-inr/epoch-best.pth,benchmark_hr_downsample_4datasets_9scales_eval_full,BSD100,x6,OOD,25.866000,true
3,seed3_final_sc_inr,artifacts/raw_results/seed3/benchmark_sc_inr.json,SC-INR,Clean raw key SC-INR means final candidate for seed3.,SC-INR,active_final_candidate,signed omega plus feature-conditioned phi(z),artifacts/checkpoints/seed3/sc-inr/epoch-best.pth,benchmark_hr_downsample_4datasets_9scales_eval_full,BSD100,x8,OOD,24.821300,true
3,seed3_final_sc_inr,artifacts/raw_results/seed3/benchmark_sc_inr.json,SC-INR,Clean raw key SC-INR means final candidate for seed3.,SC-INR,active_final_candidate,signed omega plus feature-conditioned phi(z),artifacts/checkpoints/seed3/sc-inr/epoch-best.pth,benchmark_hr_downsample_4datasets_9scales_eval_full,BSD100,x12,OOD,23.512400,true
3,seed3_final_sc_inr,artifacts/raw_results/seed3/benchmark_sc_inr.json,SC-INR,Clean raw key SC-INR means final candidate for seed3.,SC-INR,active_final_candidate,signed omega plus feature-conditioned phi(z),artifacts/checkpoints/seed3/sc-inr/epoch-best.pth,benchmark_hr_downsample_4datasets_9scales_eval_full,BSD100,x16,OOD,22.642900,true
3,seed3_final_sc_inr,artifacts/raw_results/seed3/benchmark_sc_inr.json,SC-INR,Clean raw key SC-INR means final candidate for seed3.,SC-INR,active_final_candidate,signed omega plus feature-conditioned phi(z),artifacts/checkpoints/seed3/sc-inr/epoch-best.pth,benchmark_hr_downsample_4datasets_9scales_eval_full,BSD100,x24,OOD,21.420500,true
3,seed3_final_sc_inr,artifacts/raw_results/seed3/benchmark_sc_inr.json,SC-INR,Clean raw key SC-INR means final candidate for seed3.,SC-INR,active_final_candidate,signed omega plus feature-conditioned phi(z),artifacts/checkpoints/seed3/sc-inr/epoch-best.pth,benchmark_hr_downsample_4datasets_9scales_eval_full,BSD100,x30,OOD,20.708300,true
3,seed3_final_sc_inr,artifacts/raw_results/seed3/benchmark_sc_inr.json,SC-INR,Clean raw key SC-INR means final candidate for seed3.,SC-INR,active_final_candidate,signed omega plus feature-conditioned phi(z),artifacts/checkpoints/seed3/sc-inr/epoch-best.pth,benchmark_hr_downsample_4datasets_9scales_eval_full,Urban100,x2,ID,32.196800,true
3,seed3_final_sc_inr,artifacts/raw_results/seed3/benchmark_sc_inr.json,SC-INR,Clean raw key SC-INR means final candidate for seed3.,SC-INR,active_final_candidate,signed omega plus feature-conditioned phi(z),artifacts/checkpoints/seed3/sc-inr/epoch-best.pth,benchmark_hr_downsample_4datasets_9scales_eval_full,Urban100,x3,ID,28.255600,true
3,seed3_final_sc_inr,artifacts/raw_results/seed3/benchmark_sc_inr.json,SC-INR,Clean raw key SC-INR means final candidate for seed3.,SC-INR,active_final_candidate,signed omega plus feature-conditioned phi(z),artifacts/checkpoints/seed3/sc-inr/epoch-best.pth,benchmark_hr_downsample_4datasets_9scales_eval_full,Urban100,x4,ID,26.196500,true
3,seed3_final_sc_inr,artifacts/raw_results/seed3/benchmark_sc_inr.json,SC-INR,Clean raw key SC-INR means final candidate for seed3.,SC-INR,active_final_candidate,signed omega plus feature-conditioned phi(z),artifacts/checkpoints/seed3/sc-inr/epoch-best.pth,benchmark_hr_downsample_4datasets_9scales_eval_full,Urban100,x6,OOD,23.834400,true
3,seed3_final_sc_inr,artifacts/raw_results/seed3/benchmark_sc_inr.json,SC-INR,Clean raw key SC-INR means final candidate for seed3.,SC-INR,active_final_candidate,signed omega plus feature-conditioned phi(z),artifacts/checkpoints/seed3/sc-inr/epoch-best.pth,benchmark_hr_downsample_4datasets_9scales_eval_full,Urban100,x8,OOD,22.516600,true
3,seed3_final_sc_inr,artifacts/raw_results/seed3/benchmark_sc_inr.json,SC-INR,Clean raw key SC-INR means final candidate for seed3.,SC-INR,active_final_candidate,signed omega plus feature-conditioned phi(z),artifacts/checkpoints/seed3/sc-inr/epoch-best.pth,benchmark_hr_downsample_4datasets_9scales_eval_full,Urban100,x12,OOD,20.958000,true
3,seed3_final_sc_inr,artifacts/raw_results/seed3/benchmark_sc_inr.json,SC-INR,Clean raw key SC-INR means final candidate for seed3.,SC-INR,active_final_candidate,signed omega plus feature-conditioned phi(z),artifacts/checkpoints/seed3/sc-inr/epoch-best.pth,benchmark_hr_downsample_4datasets_9scales_eval_full,Urban100,x16,OOD,20.022800,true
3,seed3_final_sc_inr,artifacts/raw_results/seed3/benchmark_sc_inr.json,SC-INR,Clean raw key SC-INR means final candidate for seed3.,SC-INR,active_final_candidate,signed omega plus feature-conditioned phi(z),artifacts/checkpoints/seed3/sc-inr/epoch-best.pth,benchmark_hr_downsample_4datasets_9scales_eval_full,Urban100,x24,OOD,18.885000,true
3,seed3_final_sc_inr,artifacts/raw_results/seed3/benchmark_sc_inr.json,SC-INR,Clean raw key SC-INR means final candidate for seed3.,SC-INR,active_final_candidate,signed omega plus feature-conditioned phi(z),artifacts/checkpoints/seed3/sc-inr/epoch-best.pth,benchmark_hr_downsample_4datasets_9scales_eval_full,Urban100,x30,OOD,18.337100,true
