model,dataset,image,lr_scale,observation_scale,frequency_bin,n_values,use_sinc_response,omega_mag_mean,omega_mag_std,omega_mag_min,omega_mag_q05,omega_mag_q50,omega_mag_q95,omega_mag_max,coef_pair_mag_mean,coef_pair_mag_std,coef_pair_mag_min,coef_pair_mag_q05,coef_pair_mag_q50,coef_pair_mag_q95,coef_pair_mag_max,response_mean,response_std,response_min,response_q05,response_q50,response_q95,response_max,response_abs_mean,response_abs_std,response_abs_min,response_abs_q05,response_abs_q50,response_abs_q95,response_abs_max,active_response_mean,active_response_std,active_response_min,active_response_q05,active_response_q50,active_response_q95,active_response_max,active_response_abs_mean,active_response_abs_std,active_response_abs_min,active_response_abs_q05,active_response_abs_q50,active_response_abs_q95,active_response_abs_max,effective_pair_mag_mean,effective_pair_mag_std,effective_pair_mag_min,effective_pair_mag_q05,effective_pair_mag_q50,effective_pair_mag_q95,effective_pair_mag_max,response_neg_frac,active_response_neg_frac,effective_over_coef_mag_mean,effective_energy_ratio
SC-INR,bsd100,101085.png,x4,x2,all,131072,True,0.4570898711681366,0.45156851410865784,0.00016854595742188394,0.024987269192934036,0.31885671615600586,1.4196460247039795,2.031771659851074,0.3254907727241516,0.29729554057121277,0.00036504026502370834,0.054289039224386215,0.24618518352508545,0.8331093788146973,4.214678764343262,0.8635185956954956,0.21451130509376526,-0.013045606203377247,0.3555215001106262,0.958802342414856,0.9997432231903076,1.0,0.8635189533233643,0.2145097702741623,9.356137525173835e-06,0.3555215001106262,0.958802342414856,0.9997432231903076,1.0,0.8635185956954956,0.21451130509376526,-0.013045606203377247,0.3555215001106262,0.958802342414856,0.9997432231903076,1.0,0.8635189533233643,0.2145097702741623,9.356137525173835e-06,0.3555215001106262,0.958802342414856,0.9997432231903076,1.0,0.27200186252593994,0.23348428308963776,2.002431938308291e-05,0.03580395504832268,0.20886532962322235,0.7255902886390686,2.483344793319702,4.57763671875e-05,4.57763671875e-05,0.863519012928009,0.6612497568130493
SC-INR,bsd100,101085.png,x4,x2,low,43691,True,0.07363737374544144,0.04535890743136406,0.00016854595742188394,0.012910249643027782,0.06593398004770279,0.15933209657669067,0.17575296759605408,0.3324528932571411,0.24785833060741425,0.00036504026502370834,0.058193717151880264,0.2617226839065552,0.8513187766075134,2.1120786666870117,0.9969309568405151,0.0032554748468101025,0.9873460531234741,0.9895991086959839,0.9982134103775024,0.9999314546585083,1.0,0.9969309568405151,0.0032554748468101025,0.9873460531234741,0.9895991086959839,0.9982134103775024,0.9999314546585083,1.0,0.9969309568405151,0.0032554748468101025,0.9873460531234741,0.9895991086959839,0.9982134103775024,0.9999314546585083,1.0,0.9969309568405151,0.0032554748468101025,0.9873460531234741,0.9895991086959839,0.9982134103775024,0.9999314546585083,1.0,0.33160126209259033,0.2475435882806778,0.0003648967540357262,0.058032289147377014,0.2604494094848633,0.8506454229354858,2.108816623687744,0.0,0.0,0.9969309568405151,0.9958045482635498
SC-INR,bsd100,101085.png,x4,x2,mid,43690,True,0.32472747564315796,0.08719979971647263,0.175770565867424,0.19418025016784668,0.31885671615600586,0.47941523790359497,0.5001002550125122,0.26853451132774353,0.20013149082660675,0.0012636862229555845,0.05074349418282509,0.21867042779922485,0.6540522575378418,2.336364507675171,0.9544366002082825,0.02348484843969345,0.9002776145935059,0.9084120988845825,0.958802342414856,0.9845735430717468,0.9873526692390442,0.9544366002082825,0.02348484843969345,0.9002776145935059,0.9084120988845825,0.958802342414856,0.9845735430717468,0.9873526692390442,0.9544366002082825,0.02348484843969345,0.9002776145935059,0.9084120988845825,0.958802342414856,0.9845735430717468,0.9873526692390442,0.9544366002082825,0.02348484843969345,0.9002776145935059,0.9084120988845825,0.958802342414856,0.9845735430717468,0.9873526692390442,0.2558756172657013,0.18957288563251495,0.0011702865594998002,0.048674777150154114,0.2088230848312378,0.6189166903495789,2.217122793197632,0.0,0.0,0.9544366002082825,0.9041292667388916
SC-INR,bsd100,101085.png,x4,x2,high,43691,True,0.9729016423225403,0.4140768051147461,0.5001099109649658,0.5205516815185547,0.864192545413971,1.7915985584259033,2.031771659851074,0.37548354268074036,0.39733457565307617,0.0014528241008520126,0.05484635382890701,0.26606640219688416,1.014758825302124,4.214678764343262,0.6391903162002563,0.24717243015766144,-0.013045606203377247,0.16060519218444824,0.7243722677230835,0.8926295638084412,0.9012346863746643,0.6391915082931519,0.24716946482658386,9.356137525173835e-06,0.16060519218444824,0.7243722677230835,0.8926295638084412,0.9012346863746643,0.6391903162002563,0.24717243015766144,-0.013045606203377247,0.16060519218444824,0.7243722677230835,0.8926295638084412,0.9012346863746643,0.6391915082931519,0.24716946482658386,9.356137525173835e-06,0.16060519218444824,0.7243722677230835,0.8926295638084412,0.9012346863746643,0.22852832078933716,0.24622449278831482,2.002431938308291e-05,0.02240901254117489,0.16257111728191376,0.6068087220191956,2.483344793319702,0.00013732805382460356,0.00013732805382460356,0.6391915082931519,0.3776038587093353
SC-INR,bsd100,101085.png,x4,x4,all,131072,True,0.4570898711681366,0.45156851410865784,0.00016854595742188394,0.024987269192934036,0.31885671615600586,1.4196460247039795,2.031771659851074,0.3254907727241516,0.29729554057121277,0.00036504026502370834,0.054289039224386215,0.24618518352508545,0.8331093788146973,4.214678764343262,0.9599102735519409,0.06925342231988907,0.6267679929733276,0.8054123520851135,0.9895864725112915,0.9999358057975769,1.0,0.9599102735519409,0.06925342231988907,0.6267679929733276,0.8054123520851135,0.9895864725112915,0.9999358057975769,1.0,0.9599102735519409,0.06925342231988907,0.6267679929733276,0.8054123520851135,0.9895864725112915,0.9999358057975769,1.0,0.9599102735519409,0.06925342231988907,0.6267679929733276,0.8054123520851135,0.9895864725112915,0.9999358057975769,1.0,0.30982235074043274,0.27352651953697205,0.0003650043800007552,0.051661163568496704,0.236880823969841,0.793939471244812,3.7329416275024414,0.0,0.0,0.9599102735519409,0.8789566159248352
SC-INR,bsd100,101085.png,x4,x4,low,43691,True,0.07363737374544144,0.04535890743136406,0.00016854595742188394,0.012910249643027782,0.06593398004770279,0.15933209657669067,0.17575296759605408,0.3324528932571411,0.24785833060741425,0.00036504026502370834,0.058193717151880264,0.2617226839065552,0.8513187766075134,2.1120786666870117,0.9992314577102661,0.0008160145371221006,0.9968273639678955,0.997392475605011,0.9995530843734741,0.9999828338623047,1.0,0.9992314577102661,0.0008160145371221006,0.9968273639678955,0.997392475605011,0.9995530843734741,0.9999828338623047,1.0,0.9992314577102661,0.0008160145371221006,0.9968273639678955,0.997392475605011,0.9995530843734741,0.9999828338623047,1.0,0.9992314577102661,0.0008160145371221006,0.9968273639678955,0.997392475605011,0.9995530843734741,0.9999828338623047,1.0,0.33223962783813477,0.24777910113334656,0.0003650043800007552,0.058152809739112854,0.26138928532600403,0.8509234189987183,2.111262798309326,0.0,0.0,0.9992314577102661,0.9989475011825562
SC-INR,bsd100,101085.png,x4,x4,mid,43690,True,0.32472747564315796,0.08719979971647263,0.175770565867424,0.19418025016784668,0.31885671615600586,0.47941523790359497,0.5001002550125122,0.26853451132774353,0.20013149082660675,0.0012636862229555845,0.05074349418282509,0.21867042779922485,0.6540522575378418,2.336364507675171,0.9884358644485474,0.006035323720425367,0.9744851589202881,0.9765539169311523,0.9895864725112915,0.9961283206939697,0.9968271851539612,0.9884358644485474,0.006035323720425367,0.9744851589202881,0.9765539169311523,0.9895864725112915,0.9961283206939697,0.9968271851539612,0.9884358644485474,0.006035323720425367,0.9744851589202881,0.9765539169311523,0.9895864725112915,0.9961283206939697,0.9968271851539612,0.9884358644485474,0.006035323720425367,0.9744851589202881,0.9765539169311523,0.9895864725112915,0.9961283206939697,0.9968271851539612,0.2653220295906067,0.19742320477962494,0.0012398003600537777,0.0502026192843914,0.21602240204811096,0.6451144218444824,2.3061981201171875,0.0,0.0,0.9884358644485474,0.9751105308532715
SC-INR,bsd100,101085.png,x4,x4,high,43691,True,0.9729016423225403,0.4140768051147461,0.5001099109649658,0.5205516815185547,0.864192545413971,1.7915985584259033,2.031771659851074,0.37548354268074036,0.39733457565307617,0.0014528241008520126,0.05484635382890701,0.26606640219688416,1.014758825302124,4.214678764343262,0.8920644521713257,0.0859534814953804,0.6267679929733276,0.7057007551193237,0.9252609610557556,0.9723973870277405,0.9745428562164307,0.8920644521713257,0.0859534814953804,0.6267679929733276,0.7057007551193237,0.9252609610557556,0.9723973870277405,0.9745428562164307,0.8920644521713257,0.0859534814953804,0.6267679929733276,0.7057007551193237,0.9252609610557556,0.9723973870277405,0.9745428562164307,0.8920644521713257,0.0859534814953804,0.6267679929733276,0.7057007551193237,0.9252609610557556,0.9723973870277405,0.9745428562164307,0.3319043517112732,0.3480066955089569,0.0014052422484382987,0.047991007566452026,0.2383081614971161,0.8685935735702515,3.7329416275024414,0.0,0.0,0.8920644521713257,0.7738308906555176
SC-INR,bsd100,101085.png,x4,x8,all,131072,True,0.4570898711681366,0.45156851410865784,0.00016854595742188394,0.024987269192934036,0.31885671615600586,1.4196460247039795,2.031771659851074,0.3254907727241516,0.29729554057121277,0.00036504026502370834,0.054289039224386215,0.24618518352508545,0.8331093788146973,4.214678764343262,0.9895409941673279,0.01852389983832836,0.8972471952438354,0.9490066170692444,0.9973891973495483,0.9999839663505554,1.0,0.9895409941673279,0.01852389983832836,0.8972471952438354,0.9490066170692444,0.9973891973495483,0.9999839663505554,1.0,0.9895409941673279,0.01852389983832836,0.8972471952438354,0.9490066170692444,0.9973891973495483,0.9999839663505554,1.0,0.9895409941673279,0.01852389983832836,0.8972471952438354,0.9490066170692444,0.9973891973495483,0.9999839663505554,1.0,0.32140854001045227,0.29071831703186035,0.0003650312719400972,0.05374785140156746,0.2438233494758606,0.8215211033821106,4.090987682342529,0.0,0.0,0.9895409941673279,0.9665088653564453
SC-INR,bsd100,101085.png,x4,x8,low,43691,True,0.07363737374544144,0.04535890743136406,0.00016854595742188394,0.012910249643027782,0.06593398004770279,0.15933209657669067,0.17575296759605408,0.3324528932571411,0.24785833060741425,0.00036504026502370834,0.058193717151880264,0.2617226839065552,0.8513187766075134,2.1120786666870117,0.9998077750205994,0.00020414016034919769,0.9992062449455261,0.9993476867675781,0.9998882412910461,0.9999957084655762,1.0,0.9998077750205994,0.00020414016034919769,0.9992062449455261,0.9993476867675781,0.9998882412910461,0.9999957084655762,1.0,0.9998077750205994,0.00020414016034919769,0.9992062449455261,0.9993476867675781,0.9998882412910461,0.9999957084655762,1.0,0.9998077750205994,0.00020414016034919769,0.9992062449455261,0.9993476867675781,0.9998882412910461,0.9999957084655762,1.0,0.33239954710006714,0.24783849716186523,0.0003650312719400972,0.05817655473947525,0.2616227865219116,0.8511995077133179,2.111874580383301,0.0,0.0,0.9998077750205994,0.9997366666793823
SC-INR,bsd100,101085.png,x4,x8,mid,43690,True,0.32472747564315796,0.08719979971647263,0.175770565867424,0.19418025016784668,0.31885671615600586,0.47941523790359497,0.5001002550125122,0.26853451132774353,0.20013149082660675,0.0012636862229555845,0.05074349418282509,0.21867042779922485,0.6540522575378418,2.336364507675171,0.9970979690551758,0.0015192567370831966,0.9935843348503113,0.9941036105155945,0.9973891973495483,0.9990311861038208,0.9992061257362366,0.9970979690551758,0.0015192567370831966,0.9935843348503113,0.9941036105155945,0.9973891973495483,0.9990311861038208,0.9992061257362366,0.9970979690551758,0.0015192567370831966,0.9935843348503113,0.9941036105155945,0.9973891973495483,0.9990311861038208,0.9992061257362366,0.9970979690551758,0.0015192567370831966,0.9935843348503113,0.9941036105155945,0.9973891973495483,0.9990311861038208,0.9992061257362366,0.26772838830947876,0.1994500756263733,0.0012576807057484984,0.050620973110198975,0.2179776132106781,0.6517602801322937,2.3288004398345947,0.0,0.0,0.9970979690551758,0.9937183260917664
SC-INR,bsd100,101085.png,x4,x8,high,43691,True,0.9729016423225403,0.4140768051147461,0.5001099109649658,0.5205516815185547,0.864192545413971,1.7915985584259033,2.031771659851074,0.37548354268074036,0.39733457565307617,0.0014528241008520126,0.05484635382890701,0.26606640219688416,1.014758825302124,4.214678764343262,0.9717172384262085,0.023384783416986465,0.8972471952438354,0.9198224544525146,0.980940043926239,0.9930505752563477,0.9935875535011292,0.9717172384262085,0.023384783416986465,0.8972471952438354,0.9198224544525146,0.980940043926239,0.9930505752563477,0.9935875535011292,0.9717172384262085,0.023384783416986465,0.8972471952438354,0.9198224544525146,0.980940043926239,0.9930505752563477,0.9935875535011292,0.9717172384262085,0.023384783416986465,0.8972471952438354,0.9198224544525146,0.980940043926239,0.9930505752563477,0.9935875535011292,0.364096462726593,0.38408535718917847,0.0014408390270546079,0.0531855970621109,0.25932031869888306,0.9709670543670654,4.090987682342529,0.0,0.0,0.9717172384262085,0.9371789693832397
SC-INR,bsd100,101085.png,x4,x16,all,131072,True,0.4570898711681366,0.45156851410865784,0.00016854595742188394,0.024987269192934036,0.31885671615600586,1.4196460247039795,2.031771659851074,0.3254907727241516,0.29729554057121277,0.00036504026502370834,0.054289039224386215,0.24618518352508545,0.8331093788146973,4.214678764343262,0.9973568916320801,0.00471093226224184,0.9736864566802979,0.9871009588241577,0.9993468523025513,0.9999960064888,1.0,0.9973568916320801,0.00471093226224184,0.9736864566802979,0.9871009588241577,0.9993468523025513,0.9999960064888,1.0,0.9973568916320801,0.00471093226224184,0.9736864566802979,0.9871009588241577,0.9993468523025513,0.9999960064888,1.0,0.9973568916320801,0.00471093226224184,0.9736864566802979,0.9871009588241577,0.9993468523025513,0.9999960064888,1.0,0.3244594931602478,0.2956090271472931,0.00036503805313259363,0.054152991622686386,0.245527982711792,0.8303735256195068,4.183548927307129,0.0,0.0,0.9973568916320801,0.9914053082466125
SC-INR,bsd100,101085.png,x4,x16,low,43691,True,0.07363737374544144,0.04535890743136406,0.00016854595742188394,0.012910249643027782,0.06593398004770279,0.15933209657669067,0.17575296759605408,0.3324528932571411,0.24785833060741425,0.00036504026502370834,0.058193717151880264,0.2617226839065552,0.8513187766075134,2.1120786666870117,0.9999518990516663,5.104568481328897e-05,0.999801516532898,0.9998368620872498,0.9999720454216003,0.999998927116394,1.0,0.9999518990516663,5.104568481328897e-05,0.999801516532898,0.9998368620872498,0.9999720454216003,0.999998927116394,1.0,0.9999518990516663,5.104568481328897e-05,0.999801516532898,0.9998368620872498,0.9999720454216003,0.999998927116394,1.0,0.9999518990516663,5.104568481328897e-05,0.999801516532898,0.9998368620872498,0.9999720454216003,0.999998927116394,1.0,0.33243951201438904,0.2478533685207367,0.00036503805313259363,0.05818861350417137,0.2616977095603943,0.8513047695159912,2.112027645111084,0.0,0.0,0.9999518990516663,0.9999341368675232
SC-INR,bsd100,101085.png,x4,x16,mid,43690,True,0.32472747564315796,0.08719979971647263,0.175770565867424,0.19418025016784668,0.31885671615600586,0.47941523790359497,0.5001002550125122,0.26853451132774353,0.20013149082660675,0.0012636862229555845,0.05074349418282509,0.21867042779922485,0.6540522575378418,2.336364507675171,0.9992738366127014,0.00038046756526455283,0.9983937740325928,0.9985238313674927,0.9993468523025513,0.999757707118988,0.999801516532898,0.9992738366127014,0.00038046756526455283,0.9983937740325928,0.9985238313674927,0.9993468523025513,0.999757707118988,0.999801516532898,0.9992738366127014,0.00038046756526455283,0.9983937740325928,0.9985238313674927,0.9993468523025513,0.999757707118988,0.999801516532898,0.9992738366127014,0.00038046756526455283,0.9983937740325928,0.9985238313674927,0.9993468523025513,0.999757707118988,0.999801516532898,0.2683328092098236,0.1999608725309372,0.0012621827190741897,0.05071353167295456,0.21853402256965637,0.6533757448196411,2.334472179412842,0.0,0.0,0.9992738366127014,0.9984258413314819
SC-INR,bsd100,101085.png,x4,x16,high,43691,True,0.9729016423225403,0.4140768051147461,0.5001099109649658,0.5205516815185547,0.864192545413971,1.7915985584259033,2.031771659851074,0.37548354268074036,0.39733457565307617,0.0014528241008520126,0.05484635382890701,0.26606640219688416,1.014758825302124,4.214678764343262,0.9928447008132935,0.005971834063529968,0.9736864566802979,0.9795244932174683,0.9952090978622437,0.9982597827911377,0.9983939528465271,0.9928447008132935,0.005971834063529968,0.9736864566802979,0.9795244932174683,0.9952090978622437,0.9982597827911377,0.9983939528465271,0.9928447008132935,0.005971834063529968,0.9736864566802979,0.9795244932174683,0.9952090978622437,0.9982597827911377,0.9983939528465271,0.9928447008132935,0.005971834063529968,0.9736864566802979,0.9795244932174683,0.9952090978622437,0.9982597827911377,0.9983939528465271,0.3726049065589905,0.3939613997936249,0.0014498223317787051,0.05450977385044098,0.26456108689308167,1.0038355588912964,4.183548927307129,0.0,0.0,0.9928447008132935,0.9838632345199585
SC-INR,bsd100,101085.png,x4,x30,all,131072,True,0.4570898711681366,0.45156851410865784,0.00016854595742188394,0.024987269192934036,0.31885671615600586,1.4196460247039795,2.031771659851074,0.3254907727241516,0.29729554057121277,0.00036504026502370834,0.054289039224386215,0.24618518352508545,0.8331093788146973,4.214678764343262,0.9992462396621704,0.0013454994186758995,0.992472231388092,0.9963205456733704,0.9998142123222351,0.9999988675117493,1.0,0.9992462396621704,0.0013454994186758995,0.992472231388092,0.9963205456733704,0.9998142123222351,0.9999988675117493,1.0,0.9992462396621704,0.0013454994186758995,0.992472231388092,0.9963205456733704,0.9998142123222351,0.9999988675117493,1.0,0.9992462396621704,0.0013454994186758995,0.992472231388092,0.9963205456733704,0.9998142123222351,0.9999988675117493,1.0,0.3251967132091522,0.29681292176246643,0.0003650396247394383,0.05425264686346054,0.2460252195596695,0.8323312997817993,4.205810070037842,0.0,0.0,0.9992462396621704,0.9975398778915405
SC-INR,bsd100,101085.png,x4,x30,low,43691,True,0.07363737374544144,0.04535890743136406,0.00016854595742188394,0.012910249643027782,0.06593398004770279,0.15933209657669067,0.17575296759605408,0.3324528932571411,0.24785833060741425,0.00036504026502370834,0.058193717151880264,0.2617226839065552,0.8513187766075134,2.1120786666870117,0.9999863505363464,1.452164815418655e-05,0.9999434947967529,0.9999536275863647,0.9999920725822449,0.9999997019767761,1.0,0.9999863505363464,1.452164815418655e-05,0.9999434947967529,0.9999536275863647,0.9999920725822449,0.9999997019767761,1.0,0.9999863505363464,1.452164815418655e-05,0.9999434947967529,0.9999536275863647,0.9999920725822449,0.9999997019767761,1.0,0.9999863505363464,1.452164815418655e-05,0.9999434947967529,0.9999536275863647,0.9999920725822449,0.9999997019767761,1.0,0.3324490785598755,0.24785691499710083,0.0003650396247394383,0.058191828429698944,0.2617155611515045,0.8513176441192627,2.1120641231536865,0.0,0.0,0.9999863505363464,0.9999812841415405
SC-INR,bsd100,101085.png,x4,x30,mid,43690,True,0.32472747564315796,0.08719979971647263,0.175770565867424,0.19418025016784668,0.31885671615600586,0.47941523790359497,0.5001002550125122,0.26853451132774353,0.20013149082660675,0.0012636862229555845,0.05074349418282509,0.21867042779922485,0.6540522575378418,2.336364507675171,0.9997933506965637,0.00010826766811078414,0.9995429515838623,0.9995799660682678,0.9998142123222351,0.9999310970306396,0.9999435544013977,0.9997933506965637,0.00010826766811078414,0.9995429515838623,0.9995799660682678,0.9998142123222351,0.9999310970306396,0.9999435544013977,0.9997933506965637,0.00010826766811078414,0.9995429515838623,0.9995799660682678,0.9998142123222351,0.9999310970306396,0.9999435544013977,0.9997933506965637,0.00010826766811078414,0.9995429515838623,0.9995799660682678,0.9998142123222351,0.9999310970306396,0.9999435544013977,0.26847711205482483,0.2000829428434372,0.0012632583966478705,0.050732433795928955,0.21863192319869995,0.6538757681846619,2.3358263969421387,0.0,0.0,0.9997933506965637,0.9995520114898682
SC-INR,bsd100,101085.png,x4,x30,high,43691,True,0.9729016423225403,0.4140768051147461,0.5001099109649658,0.5205516815185547,0.864192545413971,1.7915985584259033,2.031771659851074,0.37548354268074036,0.39733457565307617,0.0014528241008520126,0.05484635382890701,0.26606640219688416,1.014758825302124,4.214678764343262,0.9979590177536011,0.0017073034541681409,0.992472231388092,0.9941459894180298,0.9986355900764465,0.999504804611206,0.9995429515838623,0.9979590177536011,0.0017073034541681409,0.992472231388092,0.9941459894180298,0.9986355900764465,0.999504804611206,0.9995429515838623,0.9979590177536011,0.0017073034541681409,0.992472231388092,0.9941459894180298,0.9986355900764465,0.999504804611206,0.9995429515838623,0.9979590177536011,0.0017073034541681409,0.992472231388092,0.9941459894180298,0.9986355900764465,0.999504804611206,0.9995429515838623,0.3746625483036041,0.39637091755867004,0.0014519698452204466,0.05475800484418869,0.2656428813934326,1.0121443271636963,4.205810070037842,0.0,0.0,0.9979589581489563,0.9953799843788147
SC-INR,bsd100,101087.png,x4,x2,all,131072,True,0.4454330801963806,0.45338737964630127,5.962260183878243e-05,0.013620827347040176,0.3090972900390625,1.4051231145858765,2.12030291557312,0.2685699760913849,0.2650124430656433,0.00026495393831282854,0.02914513275027275,0.1911449432373047,0.7574800848960876,4.645084381103516,0.865767240524292,0.2124771624803543,-0.014651557430624962,0.36558207869529724,0.9612677097320557,0.9999237060546875,1.0,0.8657680749893188,0.21247364580631256,0.0003521796897985041,0.36558207869529724,0.9612677097320557,0.9999237060546875,1.0,0.865767240524292,0.2124771624803543,-0.014651557430624962,0.36558207869529724,0.9612677097320557,0.9999237060546875,1.0,0.8657680749893188,0.21247364580631256,0.0003521796897985041,0.36558207869529724,0.9612677097320557,0.9999237060546875,1.0,0.23338322341442108,0.22638671100139618,0.0001664214360062033,0.019005265086889267,0.1658187210559845,0.6922468543052673,2.5160975456237793,6.866455078125e-05,6.866455078125e-05,0.8657680749893188,0.7426075339317322
SC-INR,bsd100,101087.png,x4,x2,low,43691,True,0.056595686823129654,0.04165847972035408,5.962260183878243e-05,0.005862008314579725,0.04607560858130455,0.1408649981021881,0.1557822823524475,0.3330863416194916,0.2546899616718292,0.0009351099724881351,0.05589577555656433,0.2564985752105713,0.8620166778564453,2.128302812576294,0.9979727268218994,0.0025296122767031193,0.9900521636009216,0.9918645620346069,0.9991272687911987,0.9999858736991882,1.0,0.9979727268218994,0.0025296122767031193,0.9900521636009216,0.9918645620346069,0.9991272687911987,0.9999858736991882,1.0,0.9979727268218994,0.0025296122767031193,0.9900521636009216,0.9918645620346069,0.9991272687911987,0.9999858736991882,1.0,0.9979727268218994,0.0025296122767031193,0.9900521636009216,0.9918645620346069,0.9991272687911987,0.9999858736991882,1.0,0.3325384855270386,0.2544930875301361,0.000933201692532748,0.05574795976281166,0.2558096945285797,0.8607316017150879,2.125314950942993,0.0,0.0,0.9979727864265442,0.9973558783531189
SC-INR,bsd100,101087.png,x4,x2,mid,43690,True,0.31201887130737305,0.08663347363471985,0.15578299760818481,0.17378675937652588,0.3090972900390625,0.46330732107162476,0.4883592128753662,0.2169715315103531,0.19353583455085754,0.00026495393831282854,0.028832625597715378,0.16454753279685974,0.5821441411972046,2.312251567840576,0.9576819539070129,0.02224421128630638,0.9047756195068359,0.9142623543739319,0.9612677097320557,0.9876291155815125,0.9900584816932678,0.9576819539070129,0.02224421128630638,0.9047756195068359,0.9142623543739319,0.9612677097320557,0.9876291155815125,0.9900584816932678,0.9576819539070129,0.02224421128630638,0.9047756195068359,0.9142623543739319,0.9612677097320557,0.9876291155815125,0.9900584816932678,0.9576819539070129,0.02224421128630638,0.9047756195068359,0.9142623543739319,0.9612677097320557,0.9876291155815125,0.9900584816932678,0.2076243907213211,0.18448209762573242,0.00025358141283504665,0.02743338979780674,0.1580502688884735,0.5529884696006775,2.188124179840088,0.0,0.0,0.9576819539070129,0.9125637412071228
SC-INR,bsd100,101087.png,x4,x2,high,43691,True,0.9676815867424011,0.4070601761341095,0.4883943796157837,0.5118386745452881,0.8732544779777527,1.749321460723877,2.12030291557312,0.2556508779525757,0.3184012174606323,0.00042359280632808805,0.022120285779237747,0.157899409532547,0.7610665559768677,4.645084381103516,0.641649067401886,0.2424500584602356,-0.014651557430624962,0.1787337064743042,0.7187074422836304,0.8960694074630737,0.9056533575057983,0.6416516304016113,0.24244320392608643,0.0003521796897985041,0.1787337064743042,0.7187074422836304,0.8960694074630737,0.9056533575057983,0.641649067401886,0.2424500584602356,-0.014651557430624962,0.1787337064743042,0.7187074422836304,0.8960694074630737,0.9056533575057983,0.6416516304016113,0.24244320392608643,0.0003521796897985041,0.1787337064743042,0.7187074422836304,0.8960694074630737,0.9056533575057983,0.1599862277507782,0.19766049087047577,0.0001664214360062033,0.008367616683244705,0.10056361556053162,0.4830663204193115,2.5160975456237793,0.00020599208073690534,0.00020599208073690534,0.6416516304016113,0.387828528881073
SC-INR,bsd100,101087.png,x4,x4,all,131072,True,0.4454330801963806,0.45338737964630127,5.962260183878243e-05,0.013620827347040176,0.3090972900390625,1.4051231145858765,2.12030291557312,0.2685699760913849,0.2650124430656433,0.00026495393831282854,0.02914513275027275,0.1911449432373047,0.7574800848960876,4.645084381103516,0.9607115983963013,0.06780058890581131,0.6040013432502747,0.8090816736221313,0.9902119636535645,0.9999809265136719,1.0,0.9607115983963013,0.06780058890581131,0.6040013432502747,0.8090816736221313,0.9902119636535645,0.9999809265136719,1.0,0.9607115983963013,0.06780058890581131,0.6040013432502747,0.8090816736221313,0.9902119636535645,0.9999809265136719,1.0,0.9607115983963013,0.06780058890581131,0.6040013432502747,0.8090816736221313,0.9902119636535645,0.9999809265136719,1.0,0.25831496715545654,0.2501232922077179,0.00026208284543827176,0.027056187391281128,0.18553553521633148,0.7317919731140137,4.036867618560791,0.0,0.0,0.9607115983963013,0.9081693291664124
SC-INR,bsd100,101087.png,x4,x4,low,43691,True,0.056595686823129654,0.04165847972035408,5.962260183878243e-05,0.005862008314579725,0.04607560858130455,0.1408649981021881,0.1557822823524475,0.3330863416194916,0.2546899616718292,0.0009351099724881351,0.05589577555656433,0.2564985752105713,0.8620166778564453,2.128302812576294,0.9994925260543823,0.0006336946389637887,0.9975070357322693,0.9979615211486816,0.9997817873954773,0.9999964833259583,1.0,0.9994925260543823,0.0006336946389637887,0.9975070357322693,0.9979615211486816,0.9997817873954773,0.9999964833259583,1.0,0.9994925260543823,0.0006336946389637887,0.9975070357322693,0.9979615211486816,0.9997817873954773,0.9999964833259583,1.0,0.9994925260543823,0.0006336946389637887,0.9975070357322693,0.9979615211486816,0.9997817873954773,0.9999964833259583,1.0,0.3329491913318634,0.2546404302120209,0.0009346326696686447,0.055853359401226044,0.2562685012817383,0.8616455793380737,2.1275553703308105,0.0,0.0,0.9994925260543823,0.9993370175361633
SC-INR,bsd100,101087.png,x4,x4,mid,43690,True,0.31201887130737305,0.08663347363471985,0.15578299760818481,0.17378675937652588,0.3090972900390625,0.46330732107162476,0.4883592128753662,0.2169715315103531,0.19353583455085754,0.00026495393831282854,0.028832625597715378,0.16454753279685974,0.5821441411972046,2.312251567840576,0.9892700910568237,0.005702511873096228,0.9756622314453125,0.9780924916267395,0.9902119636535645,0.9968981742858887,0.9975072145462036,0.9892700910568237,0.005702511873096228,0.9756622314453125,0.9780924916267395,0.9902119636535645,0.9968981742858887,0.9975072145462036,0.9892700910568237,0.005702511873096228,0.9756622314453125,0.9780924916267395,0.9902119636535645,0.9968981742858887,0.9975072145462036,0.9892700910568237,0.005702511873096228,0.9756622314453125,0.9780924916267395,0.9902119636535645,0.9968981742858887,0.9975072145462036,0.2146017700433731,0.19121918082237244,0.00026208284543827176,0.028543373569846153,0.16288605332374573,0.5747843384742737,2.2808265686035156,0.0,0.0,0.9892700910568237,0.9773570895195007
SC-INR,bsd100,101087.png,x4,x4,high,43691,True,0.9676815867424011,0.4070601761341095,0.4883943796157837,0.5118386745452881,0.8732544779777527,1.749321460723877,2.12030291557312,0.2556508779525757,0.3184012174606323,0.00042359280632808805,0.022120285779237747,0.157899409532547,0.7610665559768677,4.645084381103516,0.8933727145195007,0.08308839052915573,0.6040013432502747,0.7185490131378174,0.923644483089447,0.9733095169067383,0.975710391998291,0.8933727145195007,0.08308839052915573,0.6040013432502747,0.7185490131378174,0.923644483089447,0.9733095169067383,0.975710391998291,0.8933727145195007,0.08308839052915573,0.6040013432502747,0.7185490131378174,0.923644483089447,0.9733095169067383,0.975710391998291,0.8933727145195007,0.08308839052915573,0.6040013432502747,0.7185490131378174,0.923644483089447,0.9733095169067383,0.975710391998291,0.22739292681217194,0.27899935841560364,0.00034714784123934805,0.01873016729950905,0.14393191039562225,0.6693958044052124,4.036867618560791,0.0,0.0,0.893372654914856,0.7769625782966614
SC-INR,bsd100,101087.png,x4,x8,all,131072,True,0.4454330801963806,0.45338737964630127,5.962260183878243e-05,0.013620827347040176,0.3090972900390625,1.4051231145858765,2.12030291557312,0.2685699760913849,0.2650124430656433,0.00026495393831282854,0.02914513275027275,0.1911449432373047,0.7574800848960876,4.645084381103516,0.9897616505622864,0.01807708665728569,0.8888412714004517,0.9500223994255066,0.9975465536117554,0.999995231628418,1.0,0.9897616505622864,0.01807708665728569,0.8888412714004517,0.9500223994255066,0.9975465536117554,0.999995231628418,1.0,0.9897616505622864,0.01807708665728569,0.8888412714004517,0.9500223994255066,0.9975465536117554,0.999995231628418,1.0,0.9897616505622864,0.01807708665728569,0.8888412714004517,0.9500223994255066,0.9975465536117554,0.999995231628418,1.0,0.26590144634246826,0.2608427107334137,0.0002642344043124467,0.0286563690751791,0.18975314497947693,0.7503554821014404,4.4878621101379395,0.0,0.0,0.9897616505622864,0.974579393863678
SC-INR,bsd100,101087.png,x4,x8,low,43691,True,0.056595686823129654,0.04165847972035408,5.962260183878243e-05,0.005862008314579725,0.04607560858130455,0.1408649981021881,0.1557822823524475,0.3330863416194916,0.2546899616718292,0.0009351099724881351,0.05589577555656433,0.2564985752105713,0.8620166778564453,2.128302812576294,0.9998730421066284,0.0001585074351169169,0.9993763566017151,0.9994901418685913,0.9999454617500305,0.9999991059303284,1.0,0.9998730421066284,0.0001585074351169169,0.9993763566017151,0.9994901418685913,0.9999454617500305,0.9999991059303284,1.0,0.9998730421066284,0.0001585074351169169,0.9993763566017151,0.9994901418685913,0.9999454617500305,0.9999991059303284,1.0,0.9998730421066284,0.0001585074351169169,0.9993763566017151,0.9994901418685913,0.9999454617500305,0.9999991059303284,1.0,0.33305203914642334,0.25467756390571594,0.0009349906467832625,0.05587761104106903,0.25646185874938965,0.861798882484436,2.1281158924102783,0.0,0.0,0.9998730421066284,0.9998342394828796
SC-INR,bsd100,101087.png,x4,x8,mid,43690,True,0.31201887130737305,0.08663347363471985,0.15578299760818481,0.17378675937652588,0.3090972900390625,0.46330732107162476,0.4883592128753662,0.2169715315103531,0.19353583455085754,0.00026495393831282854,0.028832625597715378,0.16454753279685974,0.5821441411972046,2.312251567840576,0.9973080158233643,0.0014346018433570862,0.9938817024230957,0.9944927096366882,0.9975465536117554,0.9992240071296692,0.9993764162063599,0.9973080158233643,0.0014346018433570862,0.9938817024230957,0.9944927096366882,0.9975465536117554,0.9992240071296692,0.9993764162063599,0.9973080158233643,0.0014346018433570862,0.9938817024230957,0.9944927096366882,0.9975465536117554,0.9992240071296692,0.9993764162063599,0.9973080158233643,0.0014346018433570862,0.9938817024230957,0.9944927096366882,0.9975465536117554,0.9992240071296692,0.9993764162063599,0.21637699007987976,0.19295330345630646,0.0002642344043124467,0.028762351721525192,0.16407135128974915,0.5799100995063782,2.304370641708374,0.0,0.0,0.9973080158233643,0.9942889213562012
SC-INR,bsd100,101087.png,x4,x8,high,43691,True,0.9676815867424011,0.4070601761341095,0.4883943796157837,0.5118386745452881,0.8732544779777527,1.749321460723877,2.12030291557312,0.2556508779525757,0.3184012174606323,0.00042359280632808805,0.022120285779237747,0.157899409532547,0.7610665559768677,4.645084381103516,0.972104012966156,0.022522762417793274,0.8888412714004517,0.9235323667526245,0.9805285930633545,0.993281364440918,0.9938828349113464,0.972104012966156,0.022522762417793274,0.8888412714004517,0.9235323667526245,0.9805285930633545,0.993281364440918,0.9938828349113464,0.972104012966156,0.022522762417793274,0.8888412714004517,0.9235323667526245,0.9805285930633545,0.993281364440918,0.9938828349113464,0.972104012966156,0.022522762417793274,0.8888412714004517,0.9235323667526245,0.9805285930633545,0.993281364440918,0.9938828349113464,0.24827423691749573,0.3078179657459259,0.0004036399768665433,0.021287765353918076,0.1542878895998001,0.7378969192504883,4.4878621101379395,0.0,0.0,0.972104012966156,0.9379577040672302
SC-INR,bsd100,101087.png,x4,x16,all,131072,True,0.4454330801963806,0.45338737964630127,5.962260183878243e-05,0.013620827347040176,0.3090972900390625,1.4051231145858765,2.12030291557312,0.2685699760913849,0.2650124430656433,0.00026495393831282854,0.02914513275027275,0.1911449432373047,0.7574800848960876,4.645084381103516,0.9974133968353271,0.004593535792082548,0.9713914394378662,0.9873619675636292,0.999386191368103,0.9999988079071045,1.0,0.9974133968353271,0.004593535792082548,0.9713914394378662,0.9873619675636292,0.999386191368103,0.9999988079071045,1.0,0.9974133968353271,0.004593535792082548,0.9713914394378662,0.9873619675636292,0.999386191368103,0.9999988079071045,1.0,0.9974133968353271,0.004593535792082548,0.9713914394378662,0.9873619675636292,0.999386191368103,0.9999988079071045,1.0,0.26789605617523193,0.26393982768058777,0.00026477393112145364,0.029003364965319633,0.1907837986946106,0.7555528283119202,4.605449199676514,0.0,0.0,0.9974133968353271,0.993475079536438
SC-INR,bsd100,101087.png,x4,x16,low,43691,True,0.056595686823129654,0.04165847972035408,5.962260183878243e-05,0.005862008314579725,0.04607560858130455,0.1408649981021881,0.1557822823524475,0.3330863416194916,0.2546899616718292,0.0009351099724881351,0.05589577555656433,0.2564985752105713,0.8620166778564453,2.128302812576294,0.9999683499336243,3.963330527767539e-05,0.9998440146446228,0.9998725056648254,0.9999863505363464,0.9999997615814209,1.0,0.9999683499336243,3.963330527767539e-05,0.9998440146446228,0.9998725056648254,0.9999863505363464,0.9999997615814209,1.0,0.9999683499336243,3.963330527767539e-05,0.9998440146446228,0.9998725056648254,0.9999863505363464,0.9999997615814209,1.0,0.9999683499336243,3.963330527767539e-05,0.9998440146446228,0.9998725056648254,0.9999863505363464,0.9999997615814209,1.0,0.33307772874832153,0.2546868622303009,0.0009350801701657474,0.05589129403233528,0.2564925253391266,0.8619595766067505,2.12825608253479,0.0,0.0,0.9999683499336243,0.9999585747718811
SC-INR,bsd100,101087.png,x4,x16,mid,43690,True,0.31201887130737305,0.08663347363471985,0.15578299760818481,0.17378675937652588,0.3090972900390625,0.46330732107162476,0.4883592128753662,0.2169715315103531,0.19353583455085754,0.00026495393831282854,0.028832625597715378,0.16454753279685974,0.5821441411972046,2.312251567840576,0.9993264079093933,0.00035921228118240833,0.9984682202339172,0.99862140417099,0.999386191368103,0.9998059272766113,0.9998441338539124,0.9993264079093933,0.00035921228118240833,0.9984682202339172,0.99862140417099,0.999386191368103,0.9998059272766113,0.9998441338539124,0.9993264079093933,0.00035921228118240833,0.9984682202339172,0.99862140417099,0.999386191368103,0.9998059272766113,0.9998441338539124,0.9993264079093933,0.00035921228118240833,0.9984682202339172,0.99862140417099,0.999386191368103,0.9998059272766113,0.9998441338539124,0.2168227583169937,0.19338998198509216,0.00026477393112145364,0.028819413855671883,0.16445836424827576,0.5815117955207825,2.3102798461914062,0.0,0.0,0.9993264079093933,0.9985690712928772
SC-INR,bsd100,101087.png,x4,x16,high,43691,True,0.9676815867424011,0.4070601761341095,0.4883943796157837,0.5118386745452881,0.8732544779777527,1.749321460723877,2.12030291557312,0.2556508779525757,0.3184012174606323,0.00042359280632808805,0.022120285779237747,0.157899409532547,0.7610665559768677,4.645084381103516,0.9929454922676086,0.005746452137827873,0.9713914394378662,0.980476438999176,0.9951086640357971,0.9983176589012146,0.9984680414199829,0.9929454922676086,0.005746452137827873,0.9713914394378662,0.980476438999176,0.9951086640357971,0.9983176589012146,0.9984680414199829,0.9929454922676086,0.005746452137827873,0.9713914394378662,0.980476438999176,0.9951086640357971,0.9983176589012146,0.9984680414199829,0.9929454922676086,0.005746452137827873,0.9713914394378662,0.980476438999176,0.9951086640357971,0.9983176589012146,0.9984680414199829,0.25378650426864624,0.315706729888916,0.00041855062590911984,0.02189531736075878,0.15692049264907837,0.7558404803276062,4.605449199676514,0.0,0.0,0.9929454922676086,0.984056293964386
SC-INR,bsd100,101087.png,x4,x30,all,131072,True,0.4454330801963806,0.45338737964630127,5.962260183878243e-05,0.013620827347040176,0.3090972900390625,1.4051231145858765,2.12030291557312,0.2685699760913849,0.2650124430656433,0.00026495393831282854,0.02914513275027275,0.1911449432373047,0.7574800848960876,4.645084381103516,0.9992623925209045,0.0013117120834067464,0.9918058514595032,0.9963953495025635,0.9998253583908081,0.9999997019767761,1.0,0.9992623925209045,0.0013117120834067464,0.9918058514595032,0.9963953495025635,0.9998253583908081,0.9999997019767761,1.0,0.9992623925209045,0.0013117120834067464,0.9918058514595032,0.9963953495025635,0.9998253583908081,0.9999997019767761,1.0,0.9992623925209045,0.0013117120834067464,0.9918058514595032,0.9963953495025635,0.9998253583908081,0.9999997019767761,1.0,0.26837781071662903,0.26470527052879333,0.00026490274467505515,0.029107479378581047,0.19104716181755066,0.756980836391449,4.633787155151367,0.0,0.0,0.9992623925209045,0.9981322288513184
SC-INR,bsd100,101087.png,x4,x30,low,43691,True,0.056595686823129654,0.04165847972035408,5.962260183878243e-05,0.005862008314579725,0.04607560858130455,0.1408649981021881,0.1557822823524475,0.3330863416194916,0.2546899616718292,0.0009351099724881351,0.05589577555656433,0.2564985752105713,0.8620166778564453,2.128302812576294,0.9999910593032837,1.1275546057731844e-05,0.9999555945396423,0.9999637603759766,0.9999961256980896,0.9999999403953552,1.0,0.9999910593032837,1.1275546057731844e-05,0.9999555945396423,0.9999637603759766,0.9999961256980896,0.9999999403953552,1.0,0.9999910593032837,1.1275546057731844e-05,0.9999555945396423,0.9999637603759766,0.9999961256980896,0.9999999403953552,1.0,0.9999910593032837,1.1275546057731844e-05,0.9999555945396423,0.9999637603759766,0.9999961256980896,0.9999999403953552,1.0,0.3330838680267334,0.25468909740448,0.0009351016487926245,0.055894557386636734,0.2564985752105713,0.8620004653930664,2.1282894611358643,0.0,0.0,0.9999910593032837,0.9999881982803345
SC-INR,bsd100,101087.png,x4,x30,mid,43690,True,0.31201887130737305,0.08663347363471985,0.15578299760818481,0.17378675937652588,0.3090972900390625,0.46330732107162476,0.4883592128753662,0.2169715315103531,0.19353583455085754,0.00026495393831282854,0.028832625597715378,0.16454753279685974,0.5821441411972046,2.312251567840576,0.9998083710670471,0.00010221697448287159,0.9995641112327576,0.9996076822280884,0.9998253583908081,0.999944806098938,0.9999557137489319,0.9998083710670471,0.00010221697448287159,0.9995641112327576,0.9996076822280884,0.9998253583908081,0.999944806098938,0.9999557137489319,0.9998083710670471,0.00010221697448287159,0.9995641112327576,0.9996076822280884,0.9998253583908081,0.999944806098938,0.9999557137489319,0.9998083710670471,0.00010221697448287159,0.9995641112327576,0.9996076822280884,0.9998253583908081,0.999944806098938,0.9999557137489319,0.21692919731140137,0.19349433481693268,0.00026490274467505515,0.02882889285683632,0.1645270138978958,0.5819684863090515,2.31169056892395,0.0,0.0,0.9998083710670471,0.9995927810668945
SC-INR,bsd100,101087.png,x4,x30,high,43691,True,0.9676815867424011,0.4070601761341095,0.4883943796157837,0.5118386745452881,0.8732544779777527,1.749321460723877,2.12030291557312,0.2556508779525757,0.3184012174606323,0.00042359280632808805,0.022120285779237747,0.157899409532547,0.7610665559768677,4.645084381103516,0.9979879260063171,0.0016425116918981075,0.9918058514595032,0.9944180846214294,0.9986068606376648,0.9995212554931641,0.9995641112327576,0.9979879260063171,0.0016425116918981075,0.9918058514595032,0.9944180846214294,0.9986068606376648,0.9995212554931641,0.9995641112327576,0.9979879260063171,0.0016425116918981075,0.9918058514595032,0.9944180846214294,0.9986068606376648,0.9995212554931641,0.9995641112327576,0.9979879260063171,0.0016425116918981075,0.9918058514595032,0.9944180846214294,0.9986068606376648,0.9995212554931641,0.9995641112327576,0.2551191747188568,0.31763145327568054,0.0004221548733767122,0.022057102993130684,0.15764057636260986,0.7597759366035461,4.633787155151367,0.0,0.0,0.9979879260063171,0.9954347610473633
SC-INR,bsd100,102061.png,x4,x2,all,131072,True,0.44841596484184265,0.45383551716804504,0.00018225690291728824,0.01622428558766842,0.3071663975715637,1.4103120565414429,2.080761671066284,0.269375741481781,0.27267616987228394,0.00015825916489120573,0.0350656732916832,0.1874454766511917,0.7739478349685669,4.222527503967285,0.8649530410766602,0.2134798914194107,-0.01774957962334156,0.3618229329586029,0.9617341160774231,0.9998917579650879,1.0,0.8649541139602661,0.2134755402803421,0.0009863328887149692,0.3618229329586029,0.9617341160774231,0.9998917579650879,1.0,0.8649530410766602,0.2134798914194107,-0.01774957962334156,0.3618229329586029,0.9617341160774231,0.9998917579650879,1.0,0.8649541139602661,0.2134755402803421,0.0009863328887149692,0.3618229329586029,0.9617341160774231,0.9998917579650879,1.0,0.2323046773672104,0.22714053094387054,0.00013218162348493934,0.021407468244433403,0.16109323501586914,0.6818589568138123,2.4870831966400146,7.62939453125e-05,7.62939453125e-05,0.8649541139602661,0.7184960246086121
SC-INR,bsd100,102061.png,x4,x2,low,43691,True,0.06039968505501747,0.04272284358739853,0.00018225690291728824,0.008168408647179604,0.05018606036901474,0.14573241770267487,0.1635059416294098,0.32527920603752136,0.25327181816101074,0.0017035423079505563,0.05417940393090248,0.2481464445590973,0.860948383808136,1.9952747821807861,0.9977535009384155,0.0027315043844282627,0.9890434741973877,0.9912920594215393,0.9989646673202515,0.9999725222587585,1.0,0.9977535009384155,0.0027315043844282627,0.9890434741973877,0.9912920594215393,0.9989646673202515,0.9999725222587585,1.0,0.9977535009384155,0.0027315043844282627,0.9890434741973877,0.9912920594215393,0.9989646673202515,0.9999725222587585,1.0,0.9977535009384155,0.0027315043844282627,0.9890434741973877,0.9912920594215393,0.9989646673202515,0.9999725222587585,1.0,0.32469531893730164,0.2530461251735687,0.0017031100578606129,0.05402067303657532,0.24755524098873138,0.8599263429641724,1.9927325248718262,0.0,0.0,0.997753381729126,0.9970946907997131
SC-INR,bsd100,102061.png,x4,x2,mid,43690,True,0.3142664134502411,0.08622286468744278,0.16351866722106934,0.180883526802063,0.3071663975715637,0.47053956985473633,0.4925001561641693,0.2182120680809021,0.19082368910312653,0.00015825916489120573,0.03301745280623436,0.16301992535591125,0.5791317224502563,2.069460391998291,0.9571506977081299,0.022552434355020523,0.9031998515129089,0.911659300327301,0.9617341160774231,0.9866083860397339,0.989050030708313,0.9571506977081299,0.022552434355020523,0.9031998515129089,0.911659300327301,0.9617341160774231,0.9866083860397339,0.989050030708313,0.9571506977081299,0.022552434355020523,0.9031998515129089,0.911659300327301,0.9617341160774231,0.9866083860397339,0.989050030708313,0.9571506977081299,0.022552434355020523,0.9031998515129089,0.911659300327301,0.9617341160774231,0.9866083860397339,0.989050030708313,0.2086317092180252,0.18200771510601044,0.00015509621880482882,0.03157057613134384,0.1560664027929306,0.5544955730438232,1.9422496557235718,0.0,0.0,0.9571506977081299,0.9122197031974792
SC-INR,bsd100,102061.png,x4,x2,high,43691,True,0.9705787301063538,0.4091816842556,0.49250420928001404,0.5125399827957153,0.8796148896217346,1.76358962059021,2.080761671066284,0.2646348476409912,0.3416583240032196,0.0004905376117676497,0.028350479900836945,0.15773625671863556,0.8307032585144043,4.222527503967285,0.6399569511413574,0.24381238222122192,-0.01774957962334156,0.17333164811134338,0.7153192758560181,0.8958141803741455,0.9041438102722168,0.6399601697921753,0.2438039481639862,0.0009863328887149692,0.17333164811134338,0.7153192758560181,0.8958141803741455,0.9041438102722168,0.6399569511413574,0.24381238222122192,-0.01774957962334156,0.17333164811134338,0.7153192758560181,0.8958141803741455,0.9041438102722168,0.6399601697921753,0.2438039481639862,0.0009863328887149692,0.17333164811134338,0.7153192758560181,0.8958141803741455,0.9041438102722168,0.16358645260334015,0.20928514003753662,0.00013218162348493934,0.010841994546353817,0.09917522966861725,0.5205060243606567,2.4870831966400146,0.0002288800897076726,0.0002288800897076726,0.6399601697921753,0.3778112828731537
SC-INR,bsd100,102061.png,x4,x4,all,131072,True,0.44841596484184265,0.45383551716804504,0.00018225690291728824,0.01622428558766842,0.3071663975715637,1.4103120565414429,2.080761671066284,0.269375741481781,0.27267616987228394,0.00015825916489120573,0.0350656732916832,0.1874454766511917,0.7739478349685669,4.222527503967285,0.9604306221008301,0.06833050400018692,0.6229708194732666,0.8077684044837952,0.9903323650360107,0.999972939491272,1.0,0.9604306221008301,0.06833050400018692,0.6229708194732666,0.8077684044837952,0.9903323650360107,0.999972939491272,1.0,0.9604306221008301,0.06833050400018692,0.6229708194732666,0.8077684044837952,0.9903323650360107,0.999972939491272,1.0,0.9604306221008301,0.06833050400018692,0.6229708194732666,0.8077684044837952,0.9903323650360107,0.999972939491272,1.0,0.2585430145263672,0.2551794648170471,0.00015746407734695822,0.03249184042215347,0.1811102330684662,0.7416360378265381,3.735621452331543,0.0,0.0,0.9604306221008301,0.8982099294662476
SC-INR,bsd100,102061.png,x4,x4,low,43691,True,0.06039968505501747,0.04272284358739853,0.00018225690291728824,0.008168408647179604,0.05018606036901474,0.14573241770267487,0.1635059416294098,0.32527920603752136,0.25327181816101074,0.0017035423079505563,0.05417940393090248,0.2481464445590973,0.860948383808136,1.9952747821807861,0.9994376301765442,0.0006843833834864199,0.9972537755966187,0.9978182315826416,0.9997410774230957,0.9999931454658508,1.0,0.9994376301765442,0.0006843833834864199,0.9972537755966187,0.9978182315826416,0.9997410774230957,0.9999931454658508,1.0,0.9994376301765442,0.0006843833834864199,0.9972537755966187,0.9978182315826416,0.9997410774230957,0.9999931454658508,1.0,0.9994376301765442,0.0006843833834864199,0.9972537755966187,0.9978182315826416,0.9997410774230957,0.9999931454658508,1.0,0.3251330554485321,0.2532150149345398,0.0017034342745319009,0.05412827432155609,0.2480047196149826,0.8604893684387207,1.9946388006210327,0.0,0.0,0.9994375705718994,0.9992713928222656
SC-INR,bsd100,102061.png,x4,x4,mid,43690,True,0.3142664134502411,0.08622286468744278,0.16351866722106934,0.180883526802063,0.3071663975715637,0.47053956985473633,0.4925001561641693,0.2182120680809021,0.19082368910312653,0.00015825916489120573,0.03301745280623436,0.16301992535591125,0.5791317224502563,2.069460391998291,0.9891338348388672,0.005786030553281307,0.9752501249313354,0.9774132966995239,0.9903323650360107,0.9966400265693665,0.9972538948059082,0.9891338348388672,0.005786030553281307,0.9752501249313354,0.9774132966995239,0.9903323650360107,0.9966400265693665,0.9972538948059082,0.9891338348388672,0.005786030553281307,0.9752501249313354,0.9774132966995239,0.9903323650360107,0.9966400265693665,0.9972538948059082,0.9891338348388672,0.005786030553281307,0.9752501249313354,0.9774132966995239,0.9903323650360107,0.9966400265693665,0.9972538948059082,0.21578282117843628,0.18856728076934814,0.00015746407734695822,0.0326242595911026,0.16121745109558105,0.5726478695869446,2.037205696105957,0.0,0.0,0.9891338348388672,0.9772659540176392
SC-INR,bsd100,102061.png,x4,x4,high,43691,True,0.9705787301063538,0.4091816842556,0.49250420928001404,0.5125399827957153,0.8796148896217346,1.76358962059021,2.080761671066284,0.2646348476409912,0.3416583240032196,0.0004905376117676497,0.028350479900836945,0.15773625671863556,0.8307032585144043,4.222527503967285,0.8927211165428162,0.08392347395420074,0.6229708194732666,0.7145198583602905,0.9226314425468445,0.9732365608215332,0.9753095507621765,0.8927211165428162,0.08392347395420074,0.6229708194732666,0.7145198583602905,0.9226314425468445,0.9732365608215332,0.9753095507621765,0.8927211165428162,0.08392347395420074,0.6229708194732666,0.7145198583602905,0.9226314425468445,0.9732365608215332,0.9753095507621765,0.8927211165428162,0.08392347395420074,0.6229708194732666,0.7145198583602905,0.9226314425468445,0.9732365608215332,0.9753095507621765,0.23471230268478394,0.2980654537677765,0.00037858690484426916,0.024265937507152557,0.14235210418701172,0.7291188836097717,3.735621452331543,0.0,0.0,0.8927211165428162,0.7706754207611084
SC-INR,bsd100,102061.png,x4,x8,all,131072,True,0.44841596484184265,0.45383551716804504,0.00018225690291728824,0.01622428558766842,0.3071663975715637,1.4103120565414429,2.080761671066284,0.269375741481781,0.27267616987228394,0.00015825916489120573,0.0350656732916832,0.1874454766511917,0.7739478349685669,4.222527503967285,0.98968505859375,0.01823432929813862,0.8935520648956299,0.9496588110923767,0.9975768327713013,0.9999932050704956,1.0,0.98968505859375,0.01823432929813862,0.8935520648956299,0.9496588110923767,0.9975768327713013,0.9999932050704956,1.0,0.98968505859375,0.01823432929813862,0.8935520648956299,0.9496588110923767,0.9975768327713013,0.9999932050704956,1.0,0.98968505859375,0.01823432929813862,0.8935520648956299,0.9496588110923767,0.9975768327713013,0.9999932050704956,1.0,0.26655516028404236,0.2677837312221527,0.00015806012379471213,0.03442192077636719,0.1858428567647934,0.7650962471961975,4.09747838973999,0.0,0.0,0.9896849989891052,0.9717128276824951
SC-INR,bsd100,102061.png,x4,x8,low,43691,True,0.06039968505501747,0.04272284358739853,0.00018225690291728824,0.008168408647179604,0.05018606036901474,0.14573241770267487,0.1635059416294098,0.32527920603752136,0.25327181816101074,0.0017035423079505563,0.05417940393090248,0.2481464445590973,0.860948383808136,1.9952747821807861,0.9998593926429749,0.0001711924996925518,0.9993129372596741,0.9994542002677917,0.9999352693557739,0.9999983310699463,1.0,0.9998593926429749,0.0001711924996925518,0.9993129372596741,0.9994542002677917,0.9999352693557739,0.9999983310699463,1.0,0.9998593926429749,0.0001711924996925518,0.9993129372596741,0.9994542002677917,0.9999352693557739,0.9999983310699463,1.0,0.9998593926429749,0.0001711924996925518,0.9993129372596741,0.9994542002677917,0.9999352693557739,0.9999983310699463,1.0,0.32524263858795166,0.2532576024532318,0.0017035154160112143,0.054161906242370605,0.2481015920639038,0.8608651161193848,1.995116114616394,0.0,0.0,0.9998593926429749,0.9998177886009216
SC-INR,bsd100,102061.png,x4,x8,mid,43690,True,0.3142664134502411,0.08622286468744278,0.16351866722106934,0.180883526802063,0.3071663975715637,0.47053956985473633,0.4925001561641693,0.2182120680809021,0.19082368910312653,0.00015825916489120573,0.03301745280623436,0.16301992535591125,0.5791317224502563,2.069460391998291,0.9972737431526184,0.0014558957191184163,0.9937776923179626,0.9943202137947083,0.9975768327713013,0.9991593956947327,0.9993129968643188,0.9972737431526184,0.0014558957191184163,0.9937776923179626,0.9943202137947083,0.9975768327713013,0.9991593956947327,0.9993129968643188,0.9972737431526184,0.0014558957191184163,0.9937776923179626,0.9943202137947083,0.9975768327713013,0.9991593956947327,0.9993129968643188,0.9972737431526184,0.0014558957191184163,0.9937776923179626,0.9943202137947083,0.9975768327713013,0.9991593956947327,0.9993129968643188,0.21760259568691254,0.190256267786026,0.00015806012379471213,0.03295036777853966,0.16256937384605408,0.577165424823761,2.061368465423584,0.0,0.0,0.9972737431526184,0.9942657947540283
SC-INR,bsd100,102061.png,x4,x8,high,43691,True,0.9705787301063538,0.4091816842556,0.49250420928001404,0.5125399827957153,0.8796148896217346,1.76358962059021,2.080761671066284,0.2646348476409912,0.3416583240032196,0.0004905376117676497,0.028350479900836945,0.15773625671863556,0.8307032585144043,4.222527503967285,0.9719221591949463,0.022774776443839073,0.8935520648956299,0.9223040342330933,0.9802500009536743,0.9932640790939331,0.9937811493873596,0.9719221591949463,0.022774776443839073,0.8935520648956299,0.9223040342330933,0.9802500009536743,0.9932640790939331,0.9937811493873596,0.9719221591949463,0.022774776443839073,0.8935520648956299,0.9223040342330933,0.9802500009536743,0.9932640790939331,0.9937811493873596,0.9719221591949463,0.022774776443839073,0.8935520648956299,0.9223040342330933,0.9802500009536743,0.9932640790939331,0.9937811493873596,0.25681909918785095,0.32992637157440186,0.00046095516881905496,0.027317317202687263,0.15391238033771515,0.8049249649047852,4.09747838973999,0.0,0.0,0.9719221591949463,0.9359902739524841
SC-INR,bsd100,102061.png,x4,x16,all,131072,True,0.44841596484184265,0.45383551716804504,0.00018225690291728824,0.01622428558766842,0.3071663975715637,1.4103120565414429,2.080761671066284,0.269375741481781,0.27267616987228394,0.00015825916489120573,0.0350656732916832,0.1874454766511917,0.7739478349685669,4.222527503967285,0.997393786907196,0.004634534008800983,0.9724875092506409,0.9872687458992004,0.9993938207626343,0.9999983310699463,1.0,0.997393786907196,0.004634534008800983,0.9724875092506409,0.9872687458992004,0.9993938207626343,0.9999983310699463,1.0,0.997393786907196,0.004634534008800983,0.9724875092506409,0.9872687458992004,0.9993938207626343,0.9999983310699463,1.0,0.997393786907196,0.004634534008800983,0.9724875092506409,0.9872687458992004,0.9993938207626343,0.9999983310699463,1.0,0.26866334676742554,0.2714182436466217,0.0001582093973411247,0.03491479903459549,0.18700122833251953,0.772372841835022,4.191053867340088,0.0,0.0,0.997393786907196,0.9927321672439575
SC-INR,bsd100,102061.png,x4,x16,low,43691,True,0.06039968505501747,0.04272284358739853,0.00018225690291728824,0.008168408647179604,0.05018606036901474,0.14573241770267487,0.1635059416294098,0.32527920603752136,0.25327181816101074,0.0017035423079505563,0.05417940393090248,0.2481464445590973,0.860948383808136,1.9952747821807861,0.9999648928642273,4.280612483853474e-05,0.9998282194137573,0.9998635053634644,0.9999838471412659,0.9999995827674866,1.0,0.9999648928642273,4.280612483853474e-05,0.9998282194137573,0.9998635053634644,0.9999838471412659,0.9999995827674866,1.0,0.9999648928642273,4.280612483853474e-05,0.9998282194137573,0.9998635053634644,0.9999838471412659,0.9999995827674866,1.0,0.9999648928642273,4.280612483853474e-05,0.9998282194137573,0.9998635053634644,0.9999838471412659,0.9999995827674866,1.0,0.32527005672454834,0.2532682716846466,0.0017035355558618903,0.054174914956092834,0.24813750386238098,0.8609275817871094,1.9952350854873657,0.0,0.0,0.9999648928642273,0.9999545216560364
SC-INR,bsd100,102061.png,x4,x16,mid,43690,True,0.3142664134502411,0.08622286468744278,0.16351866722106934,0.180883526802063,0.3071663975715637,0.47053956985473633,0.4925001561641693,0.2182120680809021,0.19082368910312653,0.00015825916489120573,0.03301745280623436,0.16301992535591125,0.5791317224502563,2.069460391998291,0.9993178248405457,0.00036456191446632147,0.9984423518180847,0.9985780119895935,0.9993938207626343,0.9997897744178772,0.9998282194137573,0.9993178248405457,0.00036456191446632147,0.9984423518180847,0.9985780119895935,0.9993938207626343,0.9997897744178772,0.9998282194137573,0.9993178248405457,0.00036456191446632147,0.9984423518180847,0.9985780119895935,0.9993938207626343,0.9997897744178772,0.9998282194137573,0.9993178248405457,0.00036456191446632147,0.9984423518180847,0.9985780119895935,0.9993938207626343,0.9997897744178772,0.9998282194137573,0.21805956959724426,0.19068162143230438,0.0001582093973411247,0.03300073742866516,0.16290520131587982,0.578545331954956,2.0674359798431396,0.0,0.0,0.9993178248405457,0.9985631704330444
SC-INR,bsd100,102061.png,x4,x16,high,43691,True,0.9705787301063538,0.4091816842556,0.49250420928001404,0.5125399827957153,0.8796148896217346,1.76358962059021,2.080761671066284,0.2646348476409912,0.3416583240032196,0.0004905376117676497,0.028350479900836945,0.15773625671863556,0.8307032585144043,4.222527503967285,0.9928988218307495,0.005812392570078373,0.9724875092506409,0.980158805847168,0.9950372576713562,0.9983130097389221,0.9984423518180847,0.9928988218307495,0.005812392570078373,0.9724875092506409,0.980158805847168,0.9950372576713562,0.9983130097389221,0.9984423518180847,0.9928988218307495,0.005812392570078373,0.9724875092506409,0.980158805847168,0.9950372576713562,0.9983130097389221,0.9984423518180847,0.9928988218307495,0.005812392570078373,0.9724875092506409,0.980158805847168,0.9950372576713562,0.9983130097389221,0.9984423518180847,0.2626592218875885,0.3386700451374054,0.0004830390098504722,0.028110593557357788,0.15676532685756683,0.82468581199646,4.191053867340088,0.0,0.0,0.9928988218307495,0.9835363626480103
SC-INR,bsd100,102061.png,x4,x30,all,131072,True,0.44841596484184265,0.45383551716804504,0.00018225690291728824,0.01622428558766842,0.3071663975715637,1.4103120565414429,2.080761671066284,0.269375741481781,0.27267616987228394,0.00015825916489120573,0.0350656732916832,0.1874454766511917,0.7739478349685669,4.222527503967285,0.9992567896842957,0.0013234904035925865,0.9921117424964905,0.9963687062263489,0.9998275637626648,0.9999995231628418,1.0,0.9992567896842957,0.0013234904035925865,0.9921117424964905,0.9963687062263489,0.9998275637626648,0.9999995231628418,1.0,0.9992567896842957,0.0013234904035925865,0.9921117424964905,0.9963687062263489,0.9998275637626648,0.9999995231628418,1.0,0.9992567896842957,0.0013234904035925865,0.9921117424964905,0.9963687062263489,0.9998275637626648,0.9999995231628418,1.0,0.2691726088523865,0.27231597900390625,0.0001582449913257733,0.03503324091434479,0.1873016357421875,0.773640513420105,4.213560581207275,0.0,0.0,0.9992567896842957,0.9979191422462463
SC-INR,bsd100,102061.png,x4,x30,low,43691,True,0.06039968505501747,0.04272284358739853,0.00018225690291728824,0.008168408647179604,0.05018606036901474,0.14573241770267487,0.1635059416294098,0.32527920603752136,0.25327181816101074,0.0017035423079505563,0.05417940393090248,0.2481464445590973,0.860948383808136,1.9952747821807861,0.9999901056289673,1.217797034769319e-05,0.9999510645866394,0.9999611973762512,0.9999954104423523,0.9999998807907104,1.0,0.9999901056289673,1.217797034769319e-05,0.9999510645866394,0.9999611973762512,0.9999954104423523,0.9999998807907104,1.0,0.9999901056289673,1.217797034769319e-05,0.9999510645866394,0.9999611973762512,0.9999954104423523,0.9999998807907104,1.0,0.9999901056289673,1.217797034769319e-05,0.9999510645866394,0.9999611973762512,0.9999954104423523,0.9999998807907104,1.0,0.32527661323547363,0.25327080488204956,0.0017035402124747634,0.05417882651090622,0.24813930690288544,0.8609424829483032,1.995263695716858,0.0,0.0,0.9999901056289673,0.9999871253967285
SC-INR,bsd100,102061.png,x4,x30,mid,43690,True,0.3142664134502411,0.08622286468744278,0.16351866722106934,0.180883526802063,0.3071663975715637,0.47053956985473633,0.4925001561641693,0.2182120680809021,0.19082368910312653,0.00015825916489120573,0.03301745280623436,0.16301992535591125,0.5791317224502563,2.069460391998291,0.9998059868812561,0.00010373981058364734,0.9995567202568054,0.9995954036712646,0.9998275637626648,0.9999401569366455,0.999951183795929,0.9998059868812561,0.00010373981058364734,0.9995567202568054,0.9995954036712646,0.9998275637626648,0.9999401569366455,0.999951183795929,0.9998059868812561,0.00010373981058364734,0.9995567202568054,0.9995954036712646,0.9998275637626648,0.9999401569366455,0.999951183795929,0.9998059868812561,0.00010373981058364734,0.9995567202568054,0.9995954036712646,0.9998275637626648,0.9999401569366455,0.999951183795929,0.2181686908006668,0.19078326225280762,0.0001582449913257733,0.03301254287362099,0.16298159956932068,0.5789584517478943,2.0688843727111816,0.0,0.0,0.9998058676719666,0.9995911717414856
SC-INR,bsd100,102061.png,x4,x30,high,43691,True,0.9705787301063538,0.4091816842556,0.49250420928001404,0.5125399827957153,0.8796148896217346,1.76358962059021,2.080761671066284,0.2646348476409912,0.3416583240032196,0.0004905376117676497,0.028350479900836945,0.15773625671863556,0.8307032585144043,4.222527503967285,0.9979745745658875,0.0016614709747955203,0.9921117424964905,0.9943269491195679,0.9985864758491516,0.999519944190979,0.9995567202568054,0.9979745745658875,0.0016614709747955203,0.9921117424964905,0.9943269491195679,0.9985864758491516,0.999519944190979,0.9995567202568054,0.9979745745658875,0.0016614709747955203,0.9921117424964905,0.9943269491195679,0.9985864758491516,0.999519944190979,0.9995567202568054,0.9979745745658875,0.0016614709747955203,0.9921117424964905,0.9943269491195679,0.9985864758491516,0.999519944190979,0.9995567202568054,0.26407137513160706,0.3408045172691345,0.000488397607114166,0.028286369517445564,0.15747159719467163,0.828900933265686,4.213560581207275,0.0,0.0,0.9979745745658875,0.995284914970398
SC-INR,urban100,img_001.png,x4,x2,all,131072,True,0.4581712484359741,0.4524802565574646,4.579107917379588e-05,0.021126706153154373,0.3155810534954071,1.425480842590332,2.124957799911499,0.3095227777957916,0.2936621904373169,0.0005690744146704674,0.04250270873308182,0.2284248322248459,0.8382829427719116,4.946295261383057,0.8625689744949341,0.214152991771698,-0.01589217782020569,0.35398223996162415,0.9596462249755859,0.9998164772987366,1.0,0.8625704050064087,0.21414728462696075,0.0004124820698052645,0.35398223996162415,0.9596462249755859,0.9998164772987366,1.0,0.8625689744949341,0.214152991771698,-0.01589217782020569,0.35398223996162415,0.9596462249755859,0.9998164772987366,1.0,0.8625704050064087,0.21414728462696075,0.0004124820698052645,0.35398223996162415,0.9596462249755859,0.9998164772987366,1.0,0.2612702548503876,0.23472201824188232,0.00021989134256727993,0.02739160880446434,0.194198876619339,0.7279132604598999,2.6787233352661133,9.1552734375e-05,9.1552734375e-05,0.8625704050064087,0.6776276230812073
SC-INR,urban100,img_001.png,x4,x2,low,43691,True,0.07166212052106857,0.04697786271572113,4.579107917379588e-05,0.009956872090697289,0.0627104863524437,0.15929728746414185,0.17568670213222504,0.3317084014415741,0.24348905682563782,0.0017443200340494514,0.05503144860267639,0.2691904604434967,0.8482908010482788,2.1423184871673584,0.996987521648407,0.0033176364377141,0.9873611927032471,0.9896026849746704,0.9983835220336914,0.9999592304229736,1.0,0.996987521648407,0.0033176364377141,0.9873611927032471,0.9896026849746704,0.9983835220336914,0.9999592304229736,1.0,0.996987521648407,0.0033176364377141,0.9873611927032471,0.9896026849746704,0.9983835220336914,0.9999592304229736,1.0,0.996987521648407,0.0033176364377141,0.9873611927032471,0.9896026849746704,0.9983835220336914,0.9999592304229736,1.0,0.3308770954608917,0.24314992129802704,0.0017245981143787503,0.05477941781282425,0.26844522356987,0.8474236726760864,2.134061098098755,0.0,0.0,0.996987521648407,0.995772123336792
SC-INR,urban100,img_001.png,x4,x2,mid,43690,True,0.3234235644340515,0.08611040562391281,0.17569512128829956,0.19337938725948334,0.3155810534954071,0.47693732380867004,0.4981623589992523,0.26348355412483215,0.21794024109840393,0.0009746983996592462,0.04101577773690224,0.20424717664718628,0.6915407180786133,2.7133078575134277,0.9548535943031311,0.02307472750544548,0.9010496735572815,0.909471869468689,0.9596462249755859,0.9847092032432556,0.9873627424240112,0.9548535943031311,0.02307472750544548,0.9010496735572815,0.909471869468689,0.9596462249755859,0.9847092032432556,0.9873627424240112,0.9548535943031311,0.02307472750544548,0.9010496735572815,0.909471869468689,0.9596462249755859,0.9847092032432556,0.9873627424240112,0.9548535943031311,0.02307472750544548,0.9010496735572815,0.909471869468689,0.9596462249755859,0.9847092032432556,0.9873627424240112,0.2512916922569275,0.207234725356102,0.0009506280766800046,0.03925062343478203,0.19476628303527832,0.6575286984443665,2.5991971492767334,0.0,0.0,0.9548535943031311,0.9073926210403442
SC-INR,urban100,img_001.png,x4,x2,high,43691,True,0.9794251322746277,0.4066169559955597,0.49817344546318054,0.517064094543457,0.8935080170631409,1.7670446634292603,2.124957799911499,0.33337530493736267,0.3856760263442993,0.0005690744146704674,0.03599437326192856,0.21885477006435394,1.003741979598999,4.946295261383057,0.635867714881897,0.24302667379379272,-0.01589217782020569,0.16554585099220276,0.7065145373344421,0.8940809965133667,0.9020000100135803,0.6358720064163208,0.24301554262638092,0.0004124820698052645,0.16554585099220276,0.7065145373344421,0.8940809965133667,0.9020000100135803,0.635867714881897,0.24302667379379272,-0.01589217782020569,0.16554585099220276,0.7065145373344421,0.8940809965133667,0.9020000100135803,0.6358720064163208,0.24301554262638092,0.0004124820698052645,0.16554585099220276,0.7065145373344421,0.8940809965133667,0.9020000100135803,0.2016417235136032,0.23391161859035492,0.00021989134256727993,0.015127034857869148,0.13027708232402802,0.6037789583206177,2.6787233352661133,0.0002746561076492071,0.0002746561076492071,0.6358720064163208,0.36698538064956665
SC-INR,urban100,img_001.png,x4,x4,all,131072,True,0.4581712484359741,0.4524802565574646,4.579107917379588e-05,0.021126706153154373,0.3155810534954071,1.425480842590332,2.124957799911499,0.3095227777957916,0.2936621904373169,0.0005690744146704674,0.04250270873308182,0.2284248322248459,0.8382829427719116,4.946295261383057,0.9597011208534241,0.06877145916223526,0.6018875241279602,0.8041921257972717,0.9897999167442322,0.999954104423523,1.0,0.9597011208534241,0.06877145916223526,0.6018875241279602,0.8041921257972717,0.9897999167442322,0.999954104423523,1.0,0.9597011208534241,0.06877145916223526,0.6018875241279602,0.8041921257972717,0.9897999167442322,0.999954104423523,1.0,0.9597011208534241,0.06877145916223526,0.6018875241279602,0.8041921257972717,0.9897999167442322,0.999954104423523,1.0,0.29531511664390564,0.27088090777397156,0.0005026577855460346,0.039903346449136734,0.21991202235221863,0.8020984530448914,4.268734931945801,0.0,0.0,0.9597011208534241,0.8821461200714111
SC-INR,urban100,img_001.png,x4,x4,low,43691,True,0.07166212052106857,0.04697786271572113,4.579107917379588e-05,0.009956872090697289,0.0627104863524437,0.15929728746414185,0.17568670213222504,0.3317084014415741,0.24348905682563782,0.0017443200340494514,0.05503144860267639,0.2691904604434967,0.8482908010482788,2.1423184871673584,0.9992455840110779,0.0008316119783557951,0.9968301653862,0.9973936676979065,0.9995957016944885,0.9999898076057434,1.0,0.9992455840110779,0.0008316119783557951,0.9968301653862,0.9973936676979065,0.9995957016944885,0.9999898076057434,1.0,0.9992455840110779,0.0008316119783557951,0.9968301653862,0.9973936676979065,0.9995957016944885,0.9999898076057434,1.0,0.9992455840110779,0.0008316119783557951,0.9968301653862,0.9973936676979065,0.9995957016944885,0.9999898076057434,1.0,0.33150023221969604,0.24340364336967468,0.0017393770394846797,0.054944589734077454,0.2689855992794037,0.8480606079101562,2.140252113342285,0.0,0.0,0.9992455840110779,0.9989389181137085
SC-INR,urban100,img_001.png,x4,x4,mid,43690,True,0.3234235644340515,0.08611040562391281,0.17569512128829956,0.19337938725948334,0.3155810534954071,0.47693732380867004,0.4981623589992523,0.26348355412483215,0.21794024109840393,0.0009746983996592462,0.04101577773690224,0.20424717664718628,0.6915407180786133,2.7133078575134277,0.9885416030883789,0.005930975079536438,0.9746837019920349,0.9768055081367493,0.9897999167442322,0.9961606860160828,0.9968299865722656,0.9885416030883789,0.005930975079536438,0.9746837019920349,0.9768055081367493,0.9897999167442322,0.9961606860160828,0.9968299865722656,0.9885416030883789,0.005930975079536438,0.9746837019920349,0.9768055081367493,0.9897999167442322,0.9961606860160828,0.9968299865722656,0.9885416030883789,0.005930975079536438,0.9746837019920349,0.9768055081367493,0.9897999167442322,0.9961606860160828,0.9968299865722656,0.260389506816864,0.21519681811332703,0.0009686439298093319,0.040563903748989105,0.2019125074148178,0.6819680333137512,2.6844918727874756,0.0,0.0,0.9885416030883789,0.9759737849235535
SC-INR,urban100,img_001.png,x4,x4,high,43691,True,0.9794251322746277,0.4066169559955597,0.49817344546318054,0.517064094543457,0.8935080170631409,1.7670446634292603,2.124957799911499,0.33337530493736267,0.3856760263442993,0.0005690744146704674,0.03599437326192856,0.21885477006435394,1.003741979598999,4.946295261383057,0.8913166522979736,0.0841464176774025,0.6018875241279602,0.7130380868911743,0.9201626777648926,0.9727683663368225,0.9747416973114014,0.8913166522979736,0.0841464176774025,0.6018875241279602,0.7130380868911743,0.9201626777648926,0.9727683663368225,0.9747416973114014,0.8913166522979736,0.0841464176774025,0.6018875241279602,0.7130380868911743,0.9201626777648926,0.9727683663368225,0.9747416973114014,0.8913166522979736,0.0841464176774025,0.6018875241279602,0.7130380868911743,0.9201626777648926,0.9727683663368225,0.9747416973114014,0.29405486583709717,0.33472833037376404,0.0005026577855460346,0.03130147606134415,0.19572842121124268,0.8611404299736023,4.268734931945801,0.0,0.0,0.8913166522979736,0.7638425827026367
SC-INR,urban100,img_001.png,x4,x8,all,131072,True,0.4581712484359741,0.4524802565574646,4.579107917379588e-05,0.021126706153154373,0.3155810534954071,1.425480842590332,2.124957799911499,0.3095227777957916,0.2936621904373169,0.0005690744146704674,0.04250270873308182,0.2284248322248459,0.8382829427719116,4.946295261383057,0.9894927144050598,0.018365921452641487,0.8883249759674072,0.9486406445503235,0.9974427819252014,0.9999884963035583,1.0,0.9894927144050598,0.018365921452641487,0.8883249759674072,0.9486406445503235,0.9974427819252014,0.9999884963035583,1.0,0.9894927144050598,0.018365921452641487,0.8883249759674072,0.9486406445503235,0.9974427819252014,0.9999884963035583,1.0,0.9894927144050598,0.018365921452641487,0.8883249759674072,0.9486406445503235,0.9974427819252014,0.9999884963035583,1.0,0.3058154582977295,0.28727754950523376,0.0005520110134966671,0.04190150275826454,0.22616049647331238,0.8291125893592834,4.77089786529541,0.0,0.0,0.9894927144050598,0.9670935273170471
SC-INR,urban100,img_001.png,x4,x8,low,43691,True,0.07166212052106857,0.04697786271572113,4.579107917379588e-05,0.009956872090697289,0.0627104863524437,0.15929728746414185,0.17568670213222504,0.3317084014415741,0.24348905682563782,0.0017443200340494514,0.05503144860267639,0.2691904604434967,0.8482908010482788,2.1423184871673584,0.9998113512992859,0.00020804315863642842,0.9992069005966187,0.9993479251861572,0.9998989105224609,0.9999974370002747,1.0,0.9998113512992859,0.00020804315863642842,0.9992069005966187,0.9993479251861572,0.9998989105224609,0.9999974370002747,1.0,0.9998113512992859,0.00020804315863642842,0.9992069005966187,0.9993479251861572,0.9998989105224609,0.9999974370002747,1.0,0.9998113512992859,0.00020804315863642842,0.9992069005966187,0.9993479251861572,0.9998989105224609,0.9999974370002747,1.0,0.3316563367843628,0.24346765875816345,0.001743083237670362,0.05500752478837967,0.26914578676223755,0.8482187986373901,2.141801595687866,0.0,0.0,0.9998113512992859,0.9997344017028809
SC-INR,urban100,img_001.png,x4,x8,mid,43690,True,0.3234235644340515,0.08611040562391281,0.17569512128829956,0.19337938725948334,0.3155810534954071,0.47693732380867004,0.4981623589992523,0.26348355412483215,0.21794024109840393,0.0009746983996592462,0.04101577773690224,0.20424717664718628,0.6915407180786133,2.7133078575134277,0.997124433517456,0.0014930563047528267,0.9936339855194092,0.994166374206543,0.9974427819252014,0.9990392327308655,0.9992068409919739,0.997124433517456,0.0014930563047528267,0.9936339855194092,0.994166374206543,0.9974427819252014,0.9990392327308655,0.9992068409919739,0.997124433517456,0.0014930563047528267,0.9936339855194092,0.994166374206543,0.9974427819252014,0.9990392327308655,0.9992068409919739,0.997124433517456,0.0014930563047528267,0.9936339855194092,0.994166374206543,0.9974427819252014,0.9990392327308655,0.9992068409919739,0.2627071440219879,0.21725012362003326,0.0009731824393384159,0.04093513265252113,0.20363029837608337,0.6892425417900085,2.706085681915283,0.0,0.0,0.9971246123313904,0.9939371943473816
SC-INR,urban100,img_001.png,x4,x8,high,43691,True,0.9794251322746277,0.4066169559955597,0.49817344546318054,0.517064094543457,0.8935080170631409,1.7670446634292603,2.124957799911499,0.33337530493736267,0.3856760263442993,0.0005690744146704674,0.03599437326192856,0.21885477006435394,1.003741979598999,4.946295261383057,0.9715425372123718,0.022862911224365234,0.8883249759674072,0.921979546546936,0.9796192646026611,0.9931440949440002,0.9936370253562927,0.9715425372123718,0.022862911224365234,0.8883249759674072,0.921979546546936,0.9796192646026611,0.9931440949440002,0.9936370253562927,0.9715425372123718,0.022862911224365234,0.8883249759674072,0.921979546546936,0.9796192646026611,0.9931440949440002,0.9936370253562927,0.9715425372123718,0.022862911224365234,0.8883249759674072,0.921979546546936,0.9796192646026611,0.9931440949440002,0.9936370253562927,0.32308194041252136,0.3718683421611786,0.0005520110134966671,0.03491106629371643,0.2130759358406067,0.9672243595123291,4.77089786529541,0.0,0.0,0.9715425372123718,0.9337510466575623
SC-INR,urban100,img_001.png,x4,x16,all,131072,True,0.4581712484359741,0.4524802565574646,4.579107917379588e-05,0.021126706153154373,0.3155810534954071,1.425480842590332,2.124957799911499,0.3095227777957916,0.2936621904373169,0.0005690744146704674,0.04250270873308182,0.2284248322248459,0.8382829427719116,4.946295261383057,0.9973450303077698,0.004668830428272486,0.9712638854980469,0.9869958758354187,0.9993602633476257,0.9999971389770508,1.0,0.9973450303077698,0.004668830428272486,0.9712638854980469,0.9869958758354187,0.9993602633476257,0.9999971389770508,1.0,0.9973450303077698,0.004668830428272486,0.9712638854980469,0.9869958758354187,0.9993602633476257,0.9999971389770508,1.0,0.9973450303077698,0.004668830428272486,0.9712638854980469,0.9869958758354187,0.9993602633476257,0.9999971389770508,1.0,0.30858585238456726,0.2920195758342743,0.0005647793877869844,0.042343512177467346,0.2278791069984436,0.8359436392784119,4.902061939239502,0.0,0.0,0.9973450303077698,0.9915341734886169
SC-INR,urban100,img_001.png,x4,x16,low,43691,True,0.07166212052106857,0.04697786271572113,4.579107917379588e-05,0.009956872090697289,0.0627104863524437,0.15929728746414185,0.17568670213222504,0.3317084014415741,0.24348905682563782,0.0017443200340494514,0.05503144860267639,0.2691904604434967,0.8482908010482788,2.1423184871673584,0.9999527931213379,5.202136526349932e-05,0.9998016357421875,0.9998369216918945,0.9999747276306152,0.9999994039535522,1.0,0.9999527931213379,5.202136526349932e-05,0.9998016357421875,0.9998369216918945,0.9999747276306152,0.9999994039535522,1.0,0.9999527931213379,5.202136526349932e-05,0.9998016357421875,0.9998369216918945,0.9999747276306152,0.9999994039535522,1.0,0.9999527931213379,5.202136526349932e-05,0.9998016357421875,0.9998369216918945,0.9999747276306152,0.9999994039535522,1.0,0.3316953778266907,0.24348370730876923,0.0017440107185393572,0.05502387508749962,0.2691810131072998,0.8482762575149536,2.1421890258789062,0.0,0.0,0.9999527931213379,0.999933660030365
SC-INR,urban100,img_001.png,x4,x16,mid,43690,True,0.3234235644340515,0.08611040562391281,0.17569512128829956,0.19337938725948334,0.3155810534954071,0.47693732380867004,0.4981623589992523,0.26348355412483215,0.21794024109840393,0.0009746983996592462,0.04101577773690224,0.20424717664718628,0.6915407180786133,2.7133078575134277,0.9992804527282715,0.0003739096864592284,0.9984062314033508,0.9985391497612,0.9993602633476257,0.9997597336769104,0.9998016357421875,0.9992804527282715,0.0003739096864592284,0.9984062314033508,0.9985391497612,0.9993602633476257,0.9997597336769104,0.9998016357421875,0.9992804527282715,0.0003739096864592284,0.9984062314033508,0.9985391497612,0.9993602633476257,0.9997597336769104,0.9998016357421875,0.9992804527282715,0.0003739096864592284,0.9984062314033508,0.9985391497612,0.9993602633476257,0.9997597336769104,0.9998016357421875,0.26328927278518677,0.21776744723320007,0.0009743192349560559,0.04099702462553978,0.20411044359207153,0.6910581588745117,2.711501121520996,0.0,0.0,0.9992804527282715,0.9984807968139648
SC-INR,urban100,img_001.png,x4,x16,high,43691,True,0.9794251322746277,0.4066169559955597,0.49817344546318054,0.517064094543457,0.8935080170631409,1.7670446634292603,2.124957799911499,0.33337530493736267,0.3856760263442993,0.0005690744146704674,0.03599437326192856,0.21885477006435394,1.003741979598999,4.946295261383057,0.9928019642829895,0.00583653524518013,0.9712638854980469,0.9800840616226196,0.9948790073394775,0.9982831478118896,0.9984063506126404,0.9928019642829895,0.00583653524518013,0.9712638854980469,0.9800840616226196,0.9948790073394775,0.9982831478118896,0.9984063506126404,0.9928019642829895,0.00583653524518013,0.9712638854980469,0.9800840616226196,0.9948790073394775,0.9982831478118896,0.9984063506126404,0.9928019642829895,0.00583653524518013,0.9712638854980469,0.9800840616226196,0.9948790073394775,0.9982831478118896,0.9984063506126404,0.33077186346054077,0.3821524381637573,0.0005647793877869844,0.03577040135860443,0.21752481162548065,0.9941519498825073,4.902061939239502,0.0,0.0,0.992802083492279,0.9829363822937012
SC-INR,urban100,img_001.png,x4,x30,all,131072,True,0.4581712484359741,0.4524802565574646,4.579107917379588e-05,0.021126706153154373,0.3155810534954071,1.425480842590332,2.124957799911499,0.3095227777957916,0.2936621904373169,0.0005690744146704674,0.04250270873308182,0.2284248322248459,0.8382829427719116,4.946295261383057,0.999242901802063,0.0013333418173715472,0.9917697310447693,0.9962902665138245,0.999817967414856,0.9999991655349731,1.0,0.999242901802063,0.0013333418173715472,0.9917697310447693,0.9962902665138245,0.999817967414856,0.9999991655349731,1.0,0.999242901802063,0.0013333418173715472,0.9917697310447693,0.9962902665138245,0.999817967414856,0.9999991655349731,1.0,0.999242901802063,0.0013333418173715472,0.9917697310447693,0.9962902665138245,0.999817967414856,0.9999991655349731,1.0,0.30925559997558594,0.2931917607784271,0.0005678507150150836,0.04247342422604561,0.22827079892158508,0.8375573754310608,4.933687210083008,0.0,0.0,0.999242901802063,0.9975752830505371
SC-INR,urban100,img_001.png,x4,x30,low,43691,True,0.07166212052106857,0.04697786271572113,4.579107917379588e-05,0.009956872090697289,0.0627104863524437,0.15929728746414185,0.17568670213222504,0.3317084014415741,0.24348905682563782,0.0017443200340494514,0.05503144860267639,0.2691904604434967,0.8482908010482788,2.1423184871673584,0.9999865889549255,1.4799480595684145e-05,0.9999435544013977,0.9999536275863647,0.9999927878379822,0.9999998211860657,1.0,0.9999865889549255,1.4799480595684145e-05,0.9999435544013977,0.9999536275863647,0.9999927878379822,0.9999998211860657,1.0,0.9999865889549255,1.4799480595684145e-05,0.9999435544013977,0.9999536275863647,0.9999927878379822,0.9999998211860657,1.0,0.9999865889549255,1.4799480595684145e-05,0.9999435544013977,0.9999536275863647,0.9999927878379822,0.9999998211860657,1.0,0.331704705953598,0.24348753690719604,0.0017442320240661502,0.05502918362617493,0.2691890597343445,0.8482867479324341,2.1422815322875977,0.0,0.0,0.9999865889549255,0.9999811053276062
SC-INR,urban100,img_001.png,x4,x30,mid,43690,True,0.3234235644340515,0.08611040562391281,0.17569512128829956,0.19337938725948334,0.3155810534954071,0.47693732380867004,0.4981623589992523,0.26348355412483215,0.21794024109840393,0.0009746983996592462,0.04101577773690224,0.20424717664718628,0.6915407180786133,2.7133078575134277,0.9997953176498413,0.00010640190885169432,0.999546468257904,0.9995843172073364,0.999817967414856,0.9999316334724426,0.9999436140060425,0.9997953176498413,0.00010640190885169432,0.999546468257904,0.9995843172073364,0.999817967414856,0.9999316334724426,0.9999436140060425,0.9997953176498413,0.00010640190885169432,0.999546468257904,0.9995843172073364,0.999817967414856,0.9999316334724426,0.9999436140060425,0.9997953176498413,0.00010640190885169432,0.999546468257904,0.9995843172073364,0.999817967414856,0.9999316334724426,0.9999436140060425,0.263428270816803,0.21789106726646423,0.0009745905990712345,0.04101044684648514,0.20419642329216003,0.6913671493530273,2.7127935886383057,0.0,0.0,0.9997953176498413,0.9995677471160889
SC-INR,urban100,img_001.png,x4,x30,high,43691,True,0.9794251322746277,0.4066169559955597,0.49817344546318054,0.517064094543457,0.8935080170631409,1.7670446634292603,2.124957799911499,0.33337530493736267,0.3856760263442993,0.0005690744146704674,0.03599437326192856,0.21885477006435394,1.003741979598999,4.946295261383057,0.9979468584060669,0.0016684819711372256,0.9917697310447693,0.9943048357963562,0.9985415935516357,0.9995114803314209,0.999546468257904,0.9979468584060669,0.0016684819711372256,0.9917697310447693,0.9943048357963562,0.9985415935516357,0.9995114803314209,0.999546468257904,0.9979468584060669,0.0016684819711372256,0.9917697310447693,0.9943048357963562,0.9985415935516357,0.9995114803314209,0.999546468257904,0.9979468584060669,0.0016684819711372256,0.9917697310447693,0.9943048357963562,0.9985415935516357,0.9995114803314209,0.999546468257904,0.33263272047042847,0.3846687972545624,0.0005678507150150836,0.035910241305828094,0.2185056209564209,1.0002176761627197,4.933687210083008,0.0,0.0,0.9979468584060669,0.9951114058494568
SC-INR,urban100,img_002.png,x4,x2,all,131072,True,0.47322404384613037,0.4533715844154358,0.00011288536916254088,0.028295695781707764,0.3269045352935791,1.4347524642944336,2.0934274196624756,0.34435659646987915,0.3098420202732086,0.00034534389851614833,0.05359480157494545,0.26525017619132996,0.8532784581184387,5.192033767700195,0.858021080493927,0.21583817899227142,-0.011379633098840714,0.3471916615962982,0.9567250609397888,0.9996707439422607,1.0,0.8580215573310852,0.2158363312482834,0.0013300504069775343,0.3471916615962982,0.9567250609397888,0.9996707439422607,1.0,0.858021080493927,0.21583817899227142,-0.011379633098840714,0.3471916615962982,0.9567250609397888,0.9996707439422607,1.0,0.8580215573310852,0.2158363312482834,0.0013300504069775343,0.3471916615962982,0.9567250609397888,0.9996707439422607,1.0,0.2867578864097595,0.2378908395767212,7.8311022662092e-05,0.03317854553461075,0.22725725173950195,0.7319536209106445,2.964094877243042,5.340576171875e-05,5.340576171875e-05,0.8580215573310852,0.6469374299049377
SC-INR,urban100,img_002.png,x4,x2,low,43691,True,0.08523648977279663,0.05233936756849289,0.00011288536916254088,0.0141804413869977,0.07648780196905136,0.18024498224258423,0.19615627825260162,0.3411397933959961,0.22847187519073486,0.0011866919230669737,0.06650388240814209,0.28522592782974243,0.792356014251709,2.3005917072296143,0.9958980679512024,0.004242377355694771,0.9842596054077148,0.986703634262085,0.997596025466919,0.9999172687530518,1.0,0.9958980679512024,0.004242377355694771,0.9842596054077148,0.986703634262085,0.997596025466919,0.9999172687530518,1.0,0.9958980679512024,0.004242377355694771,0.9842596054077148,0.986703634262085,0.997596025466919,0.9999172687530518,1.0,0.9958980679512024,0.004242377355694771,0.9842596054077148,0.986703634262085,0.997596025466919,0.9999172687530518,1.0,0.33992841839790344,0.22801047563552856,0.0011772733414545655,0.06608466804027557,0.28414565324783325,0.7911128997802734,2.291517972946167,0.0,0.0,0.9958980679512024,0.99385666847229
SC-INR,urban100,img_002.png,x4,x2,mid,43690,True,0.3360438048839569,0.08655812591314316,0.1961582452058792,0.2117816060781479,0.3269045352935791,0.4908161759376526,0.5127572417259216,0.30261245369911194,0.22493192553520203,0.0011375538306310773,0.05437736213207245,0.2493133842945099,0.7373871207237244,2.7284724712371826,0.9515290856361389,0.02416742593050003,0.8953783512115479,0.9042748808860779,0.9567250609397888,0.9816794991493225,0.9842756986618042,0.9515290856361389,0.02416742593050003,0.8953783512115479,0.9042748808860779,0.9567250609397888,0.9816794991493225,0.9842756986618042,0.9515290856361389,0.02416742593050003,0.8953783512115479,0.9042748808860779,0.9567250609397888,0.9816794991493225,0.9842756986618042,0.9515290856361389,0.02416742593050003,0.8953783512115479,0.9042748808860779,0.9567250609397888,0.9816794991493225,0.9842756986618042,0.28769394755363464,0.2131534218788147,0.0010626822477206588,0.051618874073028564,0.23685747385025024,0.6954445242881775,2.6078248023986816,0.0,0.0,0.9515290856361389,0.9017611742019653
SC-INR,urban100,img_002.png,x4,x2,high,43691,True,0.9983888268470764,0.4015604555606842,0.5127597451210022,0.5335153937339783,0.9085883498191833,1.782689094543457,2.0934274196624756,0.3893166184425354,0.4259544014930725,0.00034534389851614833,0.045017391443252563,0.2611251175403595,1.1055033206939697,5.192033767700195,0.6266384720802307,0.24054881930351257,-0.011379633098840714,0.1574110984802246,0.697297990322113,0.88743656873703,0.8964205384254456,0.6266397833824158,0.24054518342018127,0.0013300504069775343,0.1574110984802246,0.697297990322113,0.88743656873703,0.8964205384254456,0.6266384720802307,0.24054881930351257,-0.011379633098840714,0.1574110984802246,0.697297990322113,0.88743656873703,0.8964205384254456,0.6266397833824158,0.24054518342018127,0.0013300504069775343,0.1574110984802246,0.697297990322113,0.88743656873703,0.8964205384254456,0.23265129327774048,0.2580644190311432,7.8311022662092e-05,0.017671599984169006,0.15425127744674683,0.6490910053253174,2.964094877243042,0.00016021606279537082,0.00016021606279537082,0.6266397833824158,0.3625291585922241
SC-INR,urban100,img_002.png,x4,x4,all,131072,True,0.47322404384613037,0.4533715844154358,0.00011288536916254088,0.028295695781707764,0.3269045352935791,1.4347524642944336,2.0934274196624756,0.34435659646987915,0.3098420202732086,0.00034534389851614833,0.05359480157494545,0.26525017619132996,0.8532784581184387,5.192033767700195,0.9582921862602234,0.06969805061817169,0.6154297590255737,0.8015636801719666,0.9890574216842651,0.9999176859855652,1.0,0.9582921862602234,0.06969805061817169,0.6154297590255737,0.8015636801719666,0.9890574216842651,0.9999176859855652,1.0,0.9582921862602234,0.06969805061817169,0.6154297590255737,0.8015636801719666,0.9890574216842651,0.9999176859855652,1.0,0.9582921862602234,0.06969805061817169,0.6154297590255737,0.8015636801719666,0.9890574216842651,0.9999176859855652,1.0,0.32738012075424194,0.2825325131416321,0.00026030480512417853,0.04997172951698303,0.25649338960647583,0.8097262382507324,4.567603588104248,0.0,0.0,0.9582921862602234,0.8714665174484253
SC-INR,urban100,img_002.png,x4,x4,low,43691,True,0.08523648977279663,0.05233936756849289,0.00011288536916254088,0.0141804413869977,0.07648780196905136,0.18024498224258423,0.19615627825260162,0.3411397933959961,0.22847187519073486,0.0011866919230669737,0.06650388240814209,0.28522592782974243,0.792356014251709,2.3005917072296143,0.9989722967147827,0.0010641823755577207,0.9960498213768005,0.9966635704040527,0.9993987083435059,0.9999793767929077,1.0,0.9989722967147827,0.0010641823755577207,0.9960498213768005,0.9966635704040527,0.9993987083435059,0.9999793767929077,1.0,0.9989722967147827,0.0010641823755577207,0.9960498213768005,0.9966635704040527,0.9993987083435059,0.9999793767929077,1.0,0.9989722967147827,0.0010641823755577207,0.9960498213768005,0.9966635704040527,0.9993987083435059,0.9999793767929077,1.0,0.3408362865447998,0.22835542261600494,0.001184332650154829,0.06638133525848389,0.28491196036338806,0.7919597625732422,2.298321008682251,0.0,0.0,0.9989721775054932,0.9984566569328308
SC-INR,urban100,img_002.png,x4,x4,mid,43690,True,0.3360438048839569,0.08655812591314316,0.1961582452058792,0.2117816060781479,0.3269045352935791,0.4908161759376526,0.5127572417259216,0.30261245369911194,0.22493192553520203,0.0011375538306310773,0.05437736213207245,0.2493133842945099,0.7373871207237244,2.7284724712371826,0.9876863360404968,0.006224894896149635,0.9731911420822144,0.975436270236969,0.9890574216842651,0.9953967928886414,0.9960503578186035,0.9876863360404968,0.006224894896149635,0.9731911420822144,0.975436270236969,0.9890574216842651,0.9953967928886414,0.9960503578186035,0.9876863360404968,0.006224894896149635,0.9731911420822144,0.975436270236969,0.9890574216842651,0.9953967928886414,0.9960503578186035,0.9876863360404968,0.006224894896149635,0.9731911420822144,0.975436270236969,0.9890574216842651,0.9953967928886414,0.9960503578186035,0.29882293939590454,0.2219059318304062,0.0011322743957862258,0.053780924528837204,0.24644261598587036,0.7260822653770447,2.6979641914367676,0.0,0.0,0.9876863360404968,0.9744579792022705
SC-INR,urban100,img_002.png,x4,x4,high,43691,True,0.9983888268470764,0.4015604555606842,0.5127597451210022,0.5335153937339783,0.9085883498191833,1.782689094543457,2.0934274196624756,0.3893166184425354,0.4259544014930725,0.00034534389851614833,0.045017391443252563,0.2611251175403595,1.1055033206939697,5.192033767700195,0.888218879699707,0.08428727835416794,0.6154297590255737,0.7080926895141602,0.917517900466919,0.9710216522216797,0.9732545614242554,0.888218879699707,0.08428727835416794,0.6154297590255737,0.7080926895141602,0.917517900466919,0.9710216522216797,0.9732545614242554,0.888218879699707,0.08428727835416794,0.6154297590255737,0.7080926895141602,0.917517900466919,0.9710216522216797,0.9732545614242554,0.888218879699707,0.08428727835416794,0.6154297590255737,0.7080926895141602,0.917517900466919,0.9710216522216797,0.9732545614242554,0.3424805700778961,0.369946151971817,0.00026030480512417853,0.039295874536037445,0.2346499264240265,0.9364067912101746,4.567603588104248,0.0,0.0,0.888218879699707,0.7632119655609131
SC-INR,urban100,img_002.png,x4,x8,all,131072,True,0.47322404384613037,0.4533715844154358,0.00011288536916254088,0.028295695781707764,0.3269045352935791,1.4347524642944336,2.0934274196624756,0.34435659646987915,0.3098420202732086,0.00034534389851614833,0.05359480157494545,0.26525017619132996,0.8532784581184387,5.192033767700195,0.9891191720962524,0.01864292100071907,0.8917497396469116,0.9479377865791321,0.9972559213638306,0.9999794363975525,1.0,0.9891191720962524,0.01864292100071907,0.8917497396469116,0.9479377865791321,0.9972559213638306,0.9999794363975525,1.0,0.9891191720962524,0.01864292100071907,0.8917497396469116,0.9479377865791321,0.9972559213638306,0.9999794363975525,1.0,0.9891191720962524,0.01864292100071907,0.8917497396469116,0.9479377865791321,0.9972559213638306,0.9999794363975525,1.0,0.33992546796798706,0.3022381365299225,0.000322765699820593,0.05283445492386818,0.2629120945930481,0.8421146869659424,5.0314106941223145,0.0,0.0,0.989119291305542,0.9641802310943604
SC-INR,urban100,img_002.png,x4,x8,low,43691,True,0.08523648977279663,0.05233936756849289,0.00011288536916254088,0.0141804413869977,0.07648780196905136,0.18024498224258423,0.19615627825260162,0.3411397933959961,0.22847187519073486,0.0011866919230669737,0.06650388240814209,0.28522592782974243,0.792356014251709,2.3005917072296143,0.9997429847717285,0.0002662717888597399,0.9990114569664001,0.9991652369499207,0.9998496174812317,0.9999948143959045,1.0,0.9997429847717285,0.0002662717888597399,0.9990114569664001,0.9991652369499207,0.9998496174812317,0.9999948143959045,1.0,0.9997429847717285,0.0002662717888597399,0.9990114569664001,0.9991652369499207,0.9998496174812317,0.9999948143959045,1.0,0.9997429847717285,0.0002662717888597399,0.9990114569664001,0.9991652369499207,0.9998496174812317,0.9999948143959045,1.0,0.34106388688087463,0.2284426987171173,0.0011861019302159548,0.06647180020809174,0.2851511836051941,0.7923386096954346,2.3000237941741943,0.0,0.0,0.9997429847717285,0.9996136426925659
SC-INR,urban100,img_002.png,x4,x8,mid,43690,True,0.3360438048839569,0.08655812591314316,0.1961582452058792,0.2117816060781479,0.3269045352935791,0.4908161759376526,0.5127572417259216,0.30261245369911194,0.22493192553520203,0.0011375538306310773,0.05437736213207245,0.2493133842945099,0.7373871207237244,2.7284724712371826,0.9969091415405273,0.001567866769619286,0.9932563304901123,0.9938206672668457,0.9972559213638306,0.9988477230072021,0.9990114569664001,0.9969091415405273,0.001567866769619286,0.9932563304901123,0.9938206672668457,0.9972559213638306,0.9988477230072021,0.9990114569664001,0.9969091415405273,0.001567866769619286,0.9932563304901123,0.9938206672668457,0.9972559213638306,0.9988477230072021,0.9990114569664001,0.9969091415405273,0.001567866769619286,0.9932563304901123,0.9938206672668457,0.9972559213638306,0.9988477230072021,0.9990114569664001,0.30166128277778625,0.2241702526807785,0.0011362324003130198,0.05420268699526787,0.24854767322540283,0.7346451878547668,2.7208237648010254,0.0,0.0,0.9969091415405273,0.9935511350631714
SC-INR,urban100,img_002.png,x4,x8,high,43691,True,0.9983888268470764,0.4015604555606842,0.5127597451210022,0.5335153937339783,0.9085883498191833,1.782689094543457,2.0934274196624756,0.3893166184425354,0.4259544014930725,0.00034534389851614833,0.045017391443252563,0.2611251175403595,1.1055033206939697,5.192033767700195,0.9707056879997253,0.0229681134223938,0.8917497396469116,0.9205440282821655,0.9789301156997681,0.9927027225494385,0.9932595491409302,0.9707056879997253,0.0229681134223938,0.8917497396469116,0.9205440282821655,0.9789301156997681,0.9927027225494385,0.9932595491409302,0.9707056879997253,0.0229681134223938,0.8917497396469116,0.9205440282821655,0.9789301156997681,0.9927027225494385,0.9932595491409302,0.9707056879997253,0.0229681134223938,0.8917497396469116,0.9205440282821655,0.9789301156997681,0.9927027225494385,0.9932595491409302,0.3770504295825958,0.41080495715141296,0.000322765699820593,0.04357777535915375,0.25483861565589905,1.0573663711547852,5.0314106941223145,0.0,0.0,0.9707056879997253,0.933704137802124
SC-INR,urban100,img_002.png,x4,x16,all,131072,True,0.47322404384613037,0.4533715844154358,0.00011288536916254088,0.028295695781707764,0.3269045352935791,1.4347524642944336,2.0934274196624756,0.34435659646987915,0.3098420202732086,0.00034534389851614833,0.05359480157494545,0.26525017619132996,0.8532784581184387,5.192033767700195,0.9972503185272217,0.004741176497191191,0.9721190929412842,0.9868264198303223,0.999313473701477,0.9999948740005493,1.0,0.9972503185272217,0.004741176497191191,0.9721190929412842,0.9868264198303223,0.999313473701477,0.9999948740005493,1.0,0.9972503185272217,0.004741176497191191,0.9721190929412842,0.9868264198303223,0.999313473701477,0.9999948740005493,1.0,0.9972503185272217,0.004741176497191191,0.9721190929412842,0.9868264198303223,0.999313473701477,0.9999948740005493,1.0,0.34323668479919434,0.3078891336917877,0.0003396139945834875,0.05334630608558655,0.2645501494407654,0.850450873374939,5.151590824127197,0.0,0.0,0.9972503185272217,0.9907895922660828
SC-INR,urban100,img_002.png,x4,x16,low,43691,True,0.08523648977279663,0.05233936756849289,0.00011288536916254088,0.0141804413869977,0.07648780196905136,0.18024498224258423,0.19615627825260162,0.3411397933959961,0.22847187519073486,0.0011866919230669737,0.06650388240814209,0.28522592782974243,0.792356014251709,2.3005917072296143,0.9999357461929321,6.658468919340521e-05,0.9997527599334717,0.9997912645339966,0.9999624490737915,0.9999986886978149,1.0,0.9999357461929321,6.658468919340521e-05,0.9997527599334717,0.9997912645339966,0.9999624490737915,0.9999986886978149,1.0,0.9999357461929321,6.658468919340521e-05,0.9997527599334717,0.9997912645339966,0.9999624490737915,0.9999986886978149,1.0,0.9999357461929321,6.658468919340521e-05,0.9997527599334717,0.9997912645339966,0.9999624490737915,0.9999986886978149,1.0,0.34112077951431274,0.22846457362174988,0.0011865443084388971,0.06649576127529144,0.28521573543548584,0.7923516035079956,2.300449848175049,0.0,0.0,0.9999357461929321,0.9999033808708191
SC-INR,urban100,img_002.png,x4,x16,mid,43690,True,0.3360438048839569,0.08655812591314316,0.1961582452058792,0.2117816060781479,0.3269045352935791,0.4908161759376526,0.5127572417259216,0.30261245369911194,0.22493192553520203,0.0011375538306310773,0.05437736213207245,0.2493133842945099,0.7373871207237244,2.7284724712371826,0.9992265105247498,0.00039269583066925406,0.9983115196228027,0.9984528422355652,0.999313473701477,0.999711811542511,0.9997528195381165,0.9992265105247498,0.00039269583066925406,0.9983115196228027,0.9984528422355652,0.999313473701477,0.999711811542511,0.9997528195381165,0.9992265105247498,0.00039269583066925406,0.9983115196228027,0.9984528422355652,0.999313473701477,0.999711811542511,0.9997528195381165,0.9992265105247498,0.00039269583066925406,0.9983115196228027,0.9984528422355652,0.999313473701477,0.999711811542511,0.9997528195381165,0.3023744225502014,0.22474119067192078,0.0011372233275324106,0.05433610826730728,0.2491387128829956,0.7366083264350891,2.7265589237213135,0.0,0.0,0.9992265105247498,0.9983837604522705
SC-INR,urban100,img_002.png,x4,x16,high,43691,True,0.9983888268470764,0.4015604555606842,0.5127597451210022,0.5335153937339783,0.9085883498191833,1.782689094543457,2.0934274196624756,0.3893166184425354,0.4259544014930725,0.00034534389851614833,0.045017391443252563,0.2611251175403595,1.1055033206939697,5.192033767700195,0.9925885796546936,0.005867633502930403,0.9721190929412842,0.9797219038009644,0.994705080986023,0.9981721639633179,0.9983115792274475,0.9925885796546936,0.005867633502930403,0.9721190929412842,0.9797219038009644,0.994705080986023,0.9981721639633179,0.9983115792274475,0.9925885796546936,0.005867633502930403,0.9721190929412842,0.9797219038009644,0.994705080986023,0.9981721639633179,0.9983115792274475,0.9925885796546936,0.005867633502930403,0.9721190929412842,0.9797219038009644,0.994705080986023,0.9981721639633179,0.9983115792274475,0.38621386885643005,0.4220903813838959,0.0003396139945834875,0.04464602470397949,0.2594836950302124,1.09369695186615,5.151590824127197,0.0,0.0,0.9925885796546936,0.9829338788986206
SC-INR,urban100,img_002.png,x4,x30,all,131072,True,0.47322404384613037,0.4533715844154358,0.00011288536916254088,0.028295695781707764,0.3269045352935791,1.4347524642944336,2.0934274196624756,0.34435659646987915,0.3098420202732086,0.00034534389851614833,0.05359480157494545,0.26525017619132996,0.8532784581184387,5.192033767700195,0.999215841293335,0.0013541345251724124,0.9920128583908081,0.9962419271469116,0.999804675579071,0.9999985694885254,1.0,0.999215841293335,0.0013541345251724124,0.9920128583908081,0.9962419271469116,0.999804675579071,0.9999985694885254,1.0,0.999215841293335,0.0013541345251724124,0.9920128583908081,0.9962419271469116,0.999804675579071,0.9999985694885254,1.0,0.999215841293335,0.0013541345251724124,0.9920128583908081,0.9962419271469116,0.999804675579071,0.9999985694885254,1.0,0.3440372049808502,0.30928295850753784,0.000343708205036819,0.053541116416454315,0.26506146788597107,0.8522998690605164,5.180510520935059,0.0,0.0,0.999215841293335,0.9973622560501099
SC-INR,urban100,img_002.png,x4,x30,low,43691,True,0.08523648977279663,0.05233936756849289,0.00011288536916254088,0.0141804413869977,0.07648780196905136,0.18024498224258423,0.19615627825260162,0.3411397933959961,0.22847187519073486,0.0011866919230669737,0.06650388240814209,0.28522592782974243,0.792356014251709,2.3005917072296143,0.9999817609786987,1.89416987268487e-05,0.9999296069145203,0.9999406337738037,0.9999893307685852,0.9999996423721313,1.0,0.9999817609786987,1.89416987268487e-05,0.9999296069145203,0.9999406337738037,0.9999893307685852,0.9999996423721313,1.0,0.9999817609786987,1.89416987268487e-05,0.9999296069145203,0.9999406337738037,0.9999893307685852,0.9999996423721313,1.0,0.9999817609786987,1.89416987268487e-05,0.9999296069145203,0.9999406337738037,0.9999893307685852,0.9999996423721313,1.0,0.34113436937332153,0.22846980392932892,0.001186650013551116,0.06650157272815704,0.2852230370044708,0.7923548221588135,2.300551176071167,0.0,0.0,0.9999817609786987,0.9999725818634033
SC-INR,urban100,img_002.png,x4,x30,mid,43690,True,0.3360438048839569,0.08655812591314316,0.1961582452058792,0.2117816060781479,0.3269045352935791,0.4908161759376526,0.5127572417259216,0.30261245369911194,0.22493192553520203,0.0011375538306310773,0.05437736213207245,0.2493133842945099,0.7373871207237244,2.7284724712371826,0.9997798800468445,0.00011175168765475973,0.9995194673538208,0.9995597004890442,0.999804675579071,0.9999180436134338,0.9999297261238098,0.9997798800468445,0.00011175168765475973,0.9995194673538208,0.9995597004890442,0.999804675579071,0.9999180436134338,0.9999297261238098,0.9997798800468445,0.00011175168765475973,0.9995194673538208,0.9995597004890442,0.999804675579071,0.9999180436134338,0.9999297261238098,0.9997798800468445,0.00011175168765475973,0.9995194673538208,0.9995597004890442,0.999804675579071,0.9999180436134338,0.9999297261238098,0.3025447428226471,0.22487765550613403,0.001137459883466363,0.05436737835407257,0.24927368760108948,0.7372137904167175,2.7279279232025146,0.0,0.0,0.9997798800468445,0.9995399713516235
SC-INR,urban100,img_002.png,x4,x30,high,43691,True,0.9983888268470764,0.4015604555606842,0.5127597451210022,0.5335153937339783,0.9085883498191833,1.782689094543457,2.0934274196624756,0.3893166184425354,0.4259544014930725,0.00034534389851614833,0.045017391443252563,0.2611251175403595,1.1055033206939697,5.192033767700195,0.9978858828544617,0.0016776605043560266,0.9920128583908081,0.994202733039856,0.9984919428825378,0.9994798898696899,0.9995195269584656,0.9978858828544617,0.0016776605043560266,0.9920128583908081,0.994202733039856,0.9984919428825378,0.9994798898696899,0.9995195269584656,0.9978858828544617,0.0016776605043560266,0.9920128583908081,0.994202733039856,0.9984919428825378,0.9994798898696899,0.9995195269584656,0.9978858828544617,0.0016776605043560266,0.9920128583908081,0.994202733039856,0.9984919428825378,0.9994798898696899,0.9995195269584656,0.3884316086769104,0.4248500168323517,0.000343708205036819,0.04485785961151123,0.26059579849243164,1.1025066375732422,5.180510520935059,0.0,0.0,0.9978858828544617,0.9951114058494568
SC-INR,urban100,img_003.png,x4,x2,all,131072,True,0.47267502546310425,0.4495546519756317,0.000446963997092098,0.03392871469259262,0.325202614068985,1.4424344301223755,2.078608512878418,0.36929839849472046,0.3254855275154114,0.0005725820665247738,0.06359746307134628,0.28832265734672546,0.899177074432373,4.503686428070068,0.8590909242630005,0.21552491188049316,-0.014991077594459057,0.3431594967842102,0.9571534991264343,0.9995266795158386,0.9999998807907104,0.8590916991233826,0.21552172303199768,0.0006024654721841216,0.3431594967842102,0.9571534991264343,0.9995266795158386,0.9999998807907104,0.8590909242630005,0.21552491188049316,-0.014991077594459057,0.3431594967842102,0.9571534991264343,0.9995266795158386,0.9999998807907104,0.8590916991233826,0.21552172303199768,0.0006024654721841216,0.3431594967842102,0.9571534991264343,0.9995266795158386,0.9999998807907104,0.3068546652793884,0.249423086643219,0.00032401963835582137,0.03894286975264549,0.24637165665626526,0.7694196701049805,3.620624542236328,5.340576171875e-05,5.340576171875e-05,0.8590916991233826,0.6453048586845398
SC-INR,urban100,img_003.png,x4,x2,low,43691,True,0.09187068790197372,0.05228136107325554,0.000446963997092098,0.017451636493206024,0.08531166613101959,0.1840057373046875,0.19780078530311584,0.360853374004364,0.24535539746284485,0.002493694657459855,0.07121827453374863,0.3013359010219574,0.8324214220046997,3.6287848949432373,0.9954192042350769,0.004397519398480654,0.9839880466461182,0.9861444234848022,0.9970100522041321,0.9998748302459717,0.9999998807907104,0.9954192042350769,0.004397519398480654,0.9839880466461182,0.9861444234848022,0.9970100522041321,0.9998748302459717,0.9999998807907104,0.9954192042350769,0.004397519398480654,0.9839880466461182,0.9861444234848022,0.9970100522041321,0.9998748302459717,0.9999998807907104,0.9954192042350769,0.004397519398480654,0.9839880466461182,0.9861444234848022,0.9970100522041321,0.9998748302459717,0.9999998807907104,0.3593921661376953,0.2447163164615631,0.0024840624537318945,0.0708601251244545,0.30005908012390137,0.8298525810241699,3.620624542236328,0.0,0.0,0.9954192042350769,0.9928280115127563
SC-INR,urban100,img_003.png,x4,x2,mid,43690,True,0.33566585183143616,0.08718337118625641,0.19782230257987976,0.21236512064933777,0.325202614068985,0.49174946546554565,0.5138227343559265,0.3188135623931885,0.22639583051204681,0.0008689588285051286,0.06231941655278206,0.26541560888290405,0.7512130737304688,2.4555838108062744,0.951577365398407,0.024369601160287857,0.8949607014656067,0.9038447141647339,0.9571534991264343,0.9815787672996521,0.9840025305747986,0.951577365398407,0.024369601160287857,0.8949607014656067,0.9038447141647339,0.9571534991264343,0.9815787672996521,0.9840025305747986,0.951577365398407,0.024369601160287857,0.8949607014656067,0.9038447141647339,0.9571534991264343,0.9815787672996521,0.9840025305747986,0.951577365398407,0.024369601160287857,0.8949607014656067,0.9038447141647339,0.9571534991264343,0.9815787672996521,0.9840025305747986,0.3031204342842102,0.21447114646434784,0.0008442290709353983,0.059349678456783295,0.25264883041381836,0.711469829082489,2.2870736122131348,0.0,0.0,0.951577365398407,0.9017817974090576
SC-INR,urban100,img_003.png,x4,x2,high,43691,True,0.9904853701591492,0.40502944588661194,0.5138400197029114,0.5355329513549805,0.8813605308532715,1.7972753047943115,2.078608512878418,0.42822709679603577,0.4475202262401581,0.0005725820665247738,0.05843213200569153,0.30135974287986755,1.1753356456756592,4.503686428070068,0.6302782893180847,0.24340204894542694,-0.014991077594459057,0.15116648375988007,0.7122927904129028,0.8865505456924438,0.8960003852844238,0.6302806735038757,0.2433958202600479,0.0006024654721841216,0.15116648375988007,0.7122927904129028,0.8865505456924438,0.8960003852844238,0.6302782893180847,0.24340204894542694,-0.014991077594459057,0.15116648375988007,0.7122927904129028,0.8865505456924438,0.8960003852844238,0.6302806735038757,0.2433958202600479,0.0006024654721841216,0.15116648375988007,0.7122927904129028,0.8865505456924438,0.8960003852844238,0.2580513060092926,0.2749461829662323,0.00032401963835582137,0.02170565538108349,0.18281784653663635,0.7130779027938843,2.6075868606567383,0.00016021606279537082,0.00016021606279537082,0.6302806735038757,0.3706108629703522
SC-INR,urban100,img_003.png,x4,x4,all,131072,True,0.47267502546310425,0.4495546519756317,0.000446963997092098,0.03392871469259262,0.325202614068985,1.4424344301223755,2.078608512878418,0.36929839849472046,0.3254855275154114,0.0005725820665247738,0.06359746307134628,0.28832265734672546,0.899177074432373,4.503686428070068,0.9586593508720398,0.06963355839252472,0.6172285079956055,0.7996026277542114,0.9891679286956787,0.9998816847801208,1.0,0.9586593508720398,0.06963355839252472,0.6172285079956055,0.7996026277542114,0.9891679286956787,0.9998816847801208,1.0,0.9586593508720398,0.06963355839252472,0.6172285079956055,0.7996026277542114,0.9891679286956787,0.9998816847801208,1.0,0.9586593508720398,0.06963355839252472,0.6172285079956055,0.7996026277542114,0.9891679286956787,0.9998816847801208,1.0,0.35096609592437744,0.2968384325504303,0.0005134174134582281,0.059822820127010345,0.2777121365070343,0.8494037985801697,3.9744648933410645,0.0,0.0,0.9586593508720398,0.8719394207000732
SC-INR,urban100,img_003.png,x4,x4,low,43691,True,0.09187068790197372,0.05228136107325554,0.000446963997092098,0.017451636493206024,0.08531166613101959,0.1840057373046875,0.19780078530311584,0.360853374004364,0.24535539746284485,0.002493694657459855,0.07121827453374863,0.3013359010219574,0.8324214220046997,3.6287848949432373,0.9988521933555603,0.001103250659070909,0.9959824681282043,0.996523380279541,0.9992519617080688,0.9999686479568481,1.0,0.9988521933555603,0.001103250659070909,0.9959824681282043,0.996523380279541,0.9992519617080688,0.9999686479568481,1.0,0.9988521933555603,0.001103250659070909,0.9959824681282043,0.996523380279541,0.9992519617080688,0.9999686479568481,1.0,0.9988521933555603,0.001103250659070909,0.9959824681282043,0.996523380279541,0.9992519617080688,0.9999686479568481,1.0,0.3604872524738312,0.24519425630569458,0.0024912841618061066,0.0711517482995987,0.30092984437942505,0.8317961692810059,3.6267435550689697,0.0,0.0,0.9988521933555603,0.9981979727745056
SC-INR,urban100,img_003.png,x4,x4,mid,43690,True,0.33566585183143616,0.08718337118625641,0.19782230257987976,0.21236512064933777,0.325202614068985,0.49174946546554565,0.5138227343559265,0.3188135623931885,0.22639583051204681,0.0008689588285051286,0.06231941655278206,0.26541560888290405,0.7512130737304688,2.4555838108062744,0.9877004623413086,0.006274709012359381,0.973088264465332,0.9753522872924805,0.9891679286956787,0.9953712821006775,0.9959827661514282,0.9877004623413086,0.006274709012359381,0.973088264465332,0.9753522872924805,0.9891679286956787,0.9953712821006775,0.9959827661514282,0.9877004623413086,0.006274709012359381,0.973088264465332,0.9753522872924805,0.9891679286956787,0.9953712821006775,0.9959827661514282,0.9877004623413086,0.006274709012359381,0.973088264465332,0.9753522872924805,0.9891679286956787,0.9953712821006775,0.9959827661514282,0.31482836604118347,0.2233315110206604,0.0008627278730273247,0.06146370992064476,0.26194363832473755,0.7404872179031372,2.4127821922302246,0.0,0.0,0.9877004623413086,0.9744712710380554
SC-INR,urban100,img_003.png,x4,x4,high,43691,True,0.9904853701591492,0.40502944588661194,0.5138400197029114,0.5355329513549805,0.8813605308532715,1.7972753047943115,2.078608512878418,0.42822709679603577,0.4475202262401581,0.0005725820665247738,0.05843213200569153,0.30135974287986755,1.1753356456756592,4.503686428070068,0.8894261717796326,0.08516886830329895,0.6172285079956055,0.7035506963729858,0.9222114086151123,0.9708126187324524,0.9731409549713135,0.8894261717796326,0.08516886830329895,0.6172285079956055,0.7035506963729858,0.9222114086151123,0.9708126187324524,0.9731409549713135,0.8894261717796326,0.08516886830329895,0.6172285079956055,0.7035506963729858,0.9222114086151123,0.9708126187324524,0.9731409549713135,0.8894261717796326,0.08516886830329895,0.6172285079956055,0.7035506963729858,0.9222114086151123,0.9708126187324524,0.9731409549713135,0.37758174538612366,0.3901744782924652,0.0005134174134582281,0.05096098780632019,0.269732803106308,1.0031299591064453,3.9744648933410645,0.0,0.0,0.8894261717796326,0.7684138417243958
SC-INR,urban100,img_003.png,x4,x8,all,131072,True,0.47267502546310425,0.4495546519756317,0.000446963997092098,0.03392871469259262,0.325202614068985,1.4424344301223755,2.078608512878418,0.36929839849472046,0.3254855275154114,0.0005725820665247738,0.06359746307134628,0.28832265734672546,0.899177074432373,4.503686428070068,0.9892184734344482,0.018627233803272247,0.8930159211158752,0.9473955035209656,0.9972842931747437,0.9999704360961914,1.0,0.9892184734344482,0.018627233803272247,0.8930159211158752,0.9473955035209656,0.9972842931747437,0.9999704360961914,1.0,0.9892184734344482,0.018627233803272247,0.8930159211158752,0.9473955035209656,0.9972842931747437,0.9999704360961914,1.0,0.9892184734344482,0.018627233803272247,0.8930159211158752,0.9473955035209656,0.9972842931747437,0.9999704360961914,1.0,0.36451882123947144,0.3175342082977295,0.0005573087837547064,0.06279048323631287,0.28573817014694214,0.8849684000015259,4.367698669433594,0.0,0.0,0.9892184734344482,0.9644268155097961
SC-INR,urban100,img_003.png,x4,x8,low,43691,True,0.09187068790197372,0.05228136107325554,0.000446963997092098,0.017451636493206024,0.08531166613101959,0.1840057373046875,0.19780078530311584,0.360853374004364,0.24535539746284485,0.002493694657459855,0.07121827453374863,0.3013359010219574,0.8324214220046997,3.6287848949432373,0.9997128248214722,0.0002760563511401415,0.9989947080612183,0.9991300106048584,0.9998129606246948,0.9999921321868896,1.0,0.9997128248214722,0.0002760563511401415,0.9989947080612183,0.9991300106048584,0.9998129606246948,0.9999921321868896,1.0,0.9997128248214722,0.0002760563511401415,0.9989947080612183,0.9991300106048584,0.9998129606246948,0.9999921321868896,1.0,0.9997128248214722,0.0002760563511401415,0.9989947080612183,0.9991300106048584,0.9998129606246948,0.9999921321868896,1.0,0.3607617914676666,0.24531503021717072,0.002493091858923435,0.07120397686958313,0.30125123262405396,0.8323332071304321,3.62827467918396,0.0,0.0,0.9997129440307617,0.9995488524436951
SC-INR,urban100,img_003.png,x4,x8,mid,43690,True,0.33566585183143616,0.08718337118625641,0.19782230257987976,0.21236512064933777,0.325202614068985,0.49174946546554565,0.5138227343559265,0.3188135623931885,0.22639583051204681,0.0008689588285051286,0.06231941655278206,0.26541560888290405,0.7512130737304688,2.4555838108062744,0.9969128370285034,0.0015802704729139805,0.99322909116745,0.9937989115715027,0.9972842931747437,0.9988414645195007,0.9989945888519287,0.9969128370285034,0.0015802704729139805,0.99322909116745,0.9937989115715027,0.9972842931747437,0.9988414645195007,0.9989945888519287,0.9969128370285034,0.0015802704729139805,0.99322909116745,0.9937989115715027,0.9972842931747437,0.9988414645195007,0.9989945888519287,0.9969128370285034,0.0015802704729139805,0.99322909116745,0.9937989115715027,0.9972842931747437,0.9988414645195007,0.9989945888519287,0.31781336665153503,0.2256244719028473,0.0008673980482853949,0.06211196631193161,0.2644524574279785,0.7486027479171753,2.444840669631958,0.0,0.0,0.9969128370285034,0.9935550689697266
SC-INR,urban100,img_003.png,x4,x8,high,43691,True,0.9904853701591492,0.40502944588661194,0.5138400197029114,0.5355329513549805,0.8813605308532715,1.7972753047943115,2.078608512878418,0.42822709679603577,0.4475202262401581,0.0005725820665247738,0.05843213200569153,0.30135974287986755,1.1753356456756592,4.503686428070068,0.9710298776626587,0.023198720067739487,0.8930159211158752,0.9193171858787537,0.98015958070755,0.9926484823226929,0.993230402469635,0.9710298776626587,0.023198720067739487,0.8930159211158752,0.9193171858787537,0.98015958070755,0.9926484823226929,0.993230402469635,0.9710298776626587,0.023198720067739487,0.8930159211158752,0.9193171858787537,0.98015958070755,0.9926484823226929,0.993230402469635,0.9710298776626587,0.023198720067739487,0.8930159211158752,0.9193171858787537,0.98015958070755,0.9926484823226929,0.993230402469635,0.41498035192489624,0.4320359528064728,0.0005573087837547064,0.05676991492509842,0.2934111952781677,1.1259241104125977,4.367698669433594,0.0,0.0,0.9710298776626587,0.9353868961334229
SC-INR,urban100,img_003.png,x4,x16,all,131072,True,0.47267502546310425,0.4495546519756317,0.000446963997092098,0.03392871469259262,0.325202614068985,1.4424344301223755,2.078608512878418,0.36929839849472046,0.3254855275154114,0.0005725820665247738,0.06359746307134628,0.28832265734672546,0.899177074432373,4.503686428070068,0.9972755908966064,0.004737274721264839,0.9724955558776855,0.9866855144500732,0.9993206262588501,0.9999926090240479,1.0,0.9972755908966064,0.004737274721264839,0.9724955558776855,0.9866855144500732,0.9993206262588501,0.9999926090240479,1.0,0.9972755908966064,0.004737274721264839,0.9724955558776855,0.9866855144500732,0.9993206262588501,0.9999926090240479,1.0,0.9972755908966064,0.004737274721264839,0.9724955558776855,0.9866855144500732,0.9993206262588501,0.9999926090240479,1.0,0.36809077858924866,0.3234451413154602,0.000568732968531549,0.06344036012887955,0.2877165377140045,0.8954834342002869,4.469455718994141,0.0,0.0,0.9972755908966064,0.9908610582351685
SC-INR,urban100,img_003.png,x4,x16,low,43691,True,0.09187068790197372,0.05228136107325554,0.000446963997092098,0.017451636493206024,0.08531166613101959,0.1840057373046875,0.19780078530311584,0.360853374004364,0.24535539746284485,0.002493694657459855,0.07121827453374863,0.3013359010219574,0.8324214220046997,3.6287848949432373,0.9999281167984009,6.903183384565637e-05,0.9997486472129822,0.9997824430465698,0.9999532103538513,0.9999980330467224,1.0,0.9999281167984009,6.903183384565637e-05,0.9997486472129822,0.9997824430465698,0.9999532103538513,0.9999980330467224,1.0,0.9999281167984009,6.903183384565637e-05,0.9997486472129822,0.9997824430465698,0.9999532103538513,0.9999980330467224,1.0,0.9999281167984009,6.903183384565637e-05,0.9997486472129822,0.9997824430465698,0.9999532103538513,0.9999980330467224,1.0,0.36083048582077026,0.24534529447555542,0.0024935437832027674,0.07121708989143372,0.30131953954696655,0.8323820233345032,3.628657102584839,0.0,0.0,0.9999281167984009,0.9998870491981506
SC-INR,urban100,img_003.png,x4,x16,mid,43690,True,0.33566585183143616,0.08718337118625641,0.19782230257987976,0.21236512064933777,0.325202614068985,0.49174946546554565,0.5138227343559265,0.3188135623931885,0.22639583051204681,0.0008689588285051286,0.06231941655278206,0.26541560888290405,0.7512130737304688,2.4555838108062744,0.9992273449897766,0.00039579361327923834,0.998304545879364,0.9984471797943115,0.9993206262588501,0.9997102618217468,0.9997485876083374,0.9992273449897766,0.00039579361327923834,0.998304545879364,0.9984471797943115,0.9993206262588501,0.9997102618217468,0.9997485876083374,0.9992273449897766,0.00039579361327923834,0.998304545879364,0.9984471797943115,0.9993206262588501,0.9997102618217468,0.9997485876083374,0.9992273449897766,0.00039579361327923834,0.998304545879364,0.9984471797943115,0.9993206262588501,0.9997102618217468,0.9997485876083374,0.3185632824897766,0.22620265185832977,0.000868568429723382,0.062299732118844986,0.2651844024658203,0.7503300309181213,2.452895402908325,0.0,0.0,0.9992273449897766,0.9983848333358765
SC-INR,urban100,img_003.png,x4,x16,high,43691,True,0.9904853701591492,0.40502944588661194,0.5138400197029114,0.5355329513549805,0.8813605308532715,1.7972753047943115,2.078608512878418,0.42822709679603577,0.4475202262401581,0.0005725820665247738,0.05843213200569153,0.30135974287986755,1.1753356456756592,4.503686428070068,0.9926711916923523,0.0059259203262627125,0.9724955558776855,0.979388952255249,0.9950164556503296,0.99815833568573,0.9983042478561401,0.9926711916923523,0.0059259203262627125,0.9724955558776855,0.979388952255249,0.9950164556503296,0.99815833568573,0.9983042478561401,0.9926711916923523,0.0059259203262627125,0.9724955558776855,0.979388952255249,0.9950164556503296,0.99815833568573,0.9983042478561401,0.9926711916923523,0.0059259203262627125,0.9724955558776855,0.979388952255249,0.9950164556503296,0.99815833568573,0.9983042478561401,0.42487743496894836,0.44357267022132874,0.000568732968531549,0.05812756344676018,0.2993646264076233,1.1641557216644287,4.469455718994141,0.0,0.0,0.9926711916923523,0.9833827614784241
SC-INR,urban100,img_003.png,x4,x30,all,131072,True,0.47267502546310425,0.4495546519756317,0.000446963997092098,0.03392871469259262,0.325202614068985,1.4424344301223755,2.078608512878418,0.36929839849472046,0.3254855275154114,0.0005725820665247738,0.06359746307134628,0.28832265734672546,0.899177074432373,4.503686428070068,0.9992231130599976,0.00135302625130862,0.9921241402626038,0.9962016940116882,0.9998067021369934,0.9999979138374329,1.0,0.9992231130599976,0.00135302625130862,0.9921241402626038,0.9962016940116882,0.9998067021369934,0.9999979138374329,1.0,0.9992231130599976,0.00135302625130862,0.9921241402626038,0.9962016940116882,0.9998067021369934,0.9999979138374329,1.0,0.9992231130599976,0.00135302625130862,0.9921241402626038,0.9962016940116882,0.9998067021369934,0.9999979138374329,1.0,0.36895403265953064,0.3249015212059021,0.0005714850849471986,0.06357081979513168,0.2881327271461487,0.8980883359909058,4.49393367767334,0.0,0.0,0.9992231130599976,0.9973833560943604
SC-INR,urban100,img_003.png,x4,x30,low,43691,True,0.09187068790197372,0.05228136107325554,0.000446963997092098,0.017451636493206024,0.08531166613101959,0.1840057373046875,0.19780078530311584,0.360853374004364,0.24535539746284485,0.002493694657459855,0.07121827453374863,0.3013359010219574,0.8324214220046997,3.6287848949432373,0.9999796152114868,1.963832983165048e-05,0.9999284744262695,0.9999381303787231,0.9999867081642151,0.999999463558197,1.0,0.9999796152114868,1.963832983165048e-05,0.9999284744262695,0.9999381303787231,0.9999867081642151,0.999999463558197,1.0,0.9999796152114868,1.963832983165048e-05,0.9999284744262695,0.9999381303787231,0.9999867081642151,0.999999463558197,1.0,0.9999796152114868,1.963832983165048e-05,0.9999284744262695,0.9999381303787231,0.9999867081642151,0.999999463558197,1.0,0.3608468472957611,0.24535252153873444,0.0024936518166214228,0.07121793925762177,0.30133122205734253,0.8324081897735596,3.6287484169006348,0.0,0.0,0.9999796152114868,0.9999679327011108
SC-INR,urban100,img_003.png,x4,x30,mid,43690,True,0.33566585183143616,0.08718337118625641,0.19782230257987976,0.21236512064933777,0.325202614068985,0.49174946546554565,0.5138227343559265,0.3188135623931885,0.22639583051204681,0.0008689588285051286,0.06231941655278206,0.26541560888290405,0.7512130737304688,2.4555838108062744,0.9997802376747131,0.0001126318093156442,0.999517560005188,0.99955815076828,0.9998067021369934,0.9999175667762756,0.9999285340309143,0.9997802376747131,0.0001126318093156442,0.999517560005188,0.99955815076828,0.9998067021369934,0.9999175667762756,0.9999285340309143,0.9997802376747131,0.0001126318093156442,0.999517560005188,0.99955815076828,0.9998067021369934,0.9999175667762756,0.9999285340309143,0.9997802376747131,0.0001126318093156442,0.999517560005188,0.99955815076828,0.9998067021369934,0.9999175667762756,0.9999285340309143,0.3187423646450043,0.2263408601284027,0.0008688478847034276,0.06231475993990898,0.2653334140777588,0.751024067401886,2.4548189640045166,0.0,0.0,0.9997802376747131,0.9995402693748474
SC-INR,urban100,img_003.png,x4,x30,high,43691,True,0.9904853701591492,0.40502944588661194,0.5138400197029114,0.5355329513549805,0.8813605308532715,1.7972753047943115,2.078608512878418,0.42822709679603577,0.4475202262401581,0.0005725820665247738,0.05843213200569153,0.30135974287986755,1.1753356456756592,4.503686428070068,0.9979094862937927,0.0016942834481596947,0.9921241402626038,0.9941070079803467,0.9985808730125427,0.9994759559631348,0.9995175004005432,0.9979094862937927,0.0016942834481596947,0.9921241402626038,0.9941070079803467,0.9985808730125427,0.9994759559631348,0.9995175004005432,0.9979094862937927,0.0016942834481596947,0.9921241402626038,0.9941070079803467,0.9985808730125427,0.9994759559631348,0.9995175004005432,0.9979094862937927,0.0016942834481596947,0.9921241402626038,0.9941070079803467,0.9985808730125427,0.9994759559631348,0.9995175004005432,0.4272717535495758,0.44639208912849426,0.0005714850849471986,0.05836665630340576,0.30076032876968384,1.1720619201660156,4.49393367767334,0.0,0.0,0.9979094862937927,0.9952409863471985
SC-INR-NoSinc,bsd100,101085.png,x4,x2,all,131072,False,0.38977697491645813,0.4554496705532074,0.0001040179340634495,0.01950436644256115,0.27097851037979126,1.2932789325714111,2.7087581157684326,0.33670365810394287,0.27107080817222595,0.0008684828062541783,0.05884799361228943,0.26652616262435913,0.8535286784172058,2.879791259765625,0.8922488689422607,0.2115664929151535,-0.04671306163072586,0.4410777688026428,0.9701276421546936,0.9998435974121094,1.0,0.8941551446914673,0.20335878431797028,6.178639523568563e-06,0.4410777688026428,0.9701276421546936,0.9998435974121094,1.0,1.0,0.0,1.0,1.0,1.0,1.0,1.0,1.0,0.0,1.0,1.0,1.0,1.0,1.0,0.33670365810394287,0.27107080817222595,0.0008684828062541783,0.05884799361228943,0.26652616262435913,0.8535286784172058,2.879791259765625,0.03070831298828125,0.0,1.0,1.0
SC-INR-NoSinc,bsd100,101085.png,x4,x2,low,43691,False,0.056470248848199844,0.03360055387020111,0.0001040179340634495,0.009942924603819847,0.05149179697036743,0.11662457138299942,0.12740014493465424,0.41457992792129517,0.3093746304512024,0.001879203482531011,0.07044826447963715,0.33415693044662476,1.0814826488494873,2.165297746658325,0.998226523399353,0.0017797298496589065,0.9933395981788635,0.9944170117378235,0.9989100694656372,0.9999593496322632,1.0,0.998226523399353,0.0017797298496589065,0.9933395981788635,0.9944170117378235,0.9989100694656372,0.9999593496322632,1.0,1.0,0.0,1.0,1.0,1.0,1.0,1.0,1.0,0.0,1.0,1.0,1.0,1.0,1.0,0.41457992792129517,0.3093746304512024,0.001879203482531011,0.07044826447963715,0.33415693044662476,1.0814826488494873,2.165297746658325,0.0,0.0,1.0,1.0
SC-INR-NoSinc,bsd100,101085.png,x4,x2,mid,43690,False,0.2627434730529785,0.0730062797665596,0.12740164995193481,0.1397891640663147,0.27097851037979126,0.37207046151161194,0.3880859315395355,0.28987786173820496,0.19251041114330292,0.001077512395568192,0.060421835631132126,0.2531701922416687,0.6356589198112488,2.328616142272949,0.9698219895362854,0.015153298154473305,0.9392446875572205,0.9441631436347961,0.9701276421546936,0.9919857978820801,0.993341863155365,0.9698219895362854,0.015153298154473305,0.9392446875572205,0.9441631436347961,0.9701276421546936,0.9919857978820801,0.993341863155365,1.0,0.0,1.0,1.0,1.0,1.0,1.0,1.0,0.0,1.0,1.0,1.0,1.0,1.0,0.28987786173820496,0.19251041114330292,0.001077512395568192,0.060421835631132126,0.2531701922416687,0.6356589198112488,2.328616142272949,0.0,0.0,1.0,1.0
SC-INR-NoSinc,bsd100,101085.png,x4,x2,high,43691,False,0.8501142859458923,0.5260216593742371,0.38808637857437134,0.40422332286834717,0.6343141198158264,2.088334321975708,2.7087581157684326,0.30565205216407776,0.2800765633583069,0.0008684828062541783,0.04966257885098457,0.23263013362884521,0.7863257527351379,2.879791259765625,0.7086997628211975,0.28828516602516174,-0.04671306163072586,-0.03619245067238808,0.844086229801178,0.9343044757843018,0.9395713806152344,0.714418888092041,0.27380529046058655,6.178639523568563e-06,0.03886716067790985,0.844086229801178,0.9343044757843018,0.9395713806152344,1.0,0.0,1.0,1.0,1.0,1.0,1.0,1.0,0.0,1.0,1.0,1.0,1.0,1.0,0.30565205216407776,0.2800765633583069,0.0008684828062541783,0.04966257885098457,0.23263013362884521,0.7863257527351379,2.879791259765625,0.09212423861026764,0.0,1.0,1.0
SC-INR-NoSinc,bsd100,101085.png,x4,x4,all,131072,False,0.38977697491645813,0.4554496705532074,0.0001040179340634495,0.01950436644256115,0.27097851037979126,1.2932789325714111,2.7087581157684326,0.33670365810394287,0.27107080817222595,0.0008684828062541783,0.05884799361228943,0.26652616262435913,0.8535286784172058,2.879791259765625,0.9662105441093445,0.08021137118339539,0.43854156136512756,0.8367063999176025,0.9924718141555786,0.9999608993530273,1.0,0.9662105441093445,0.08021137118339539,0.43854156136512756,0.8367063999176025,0.9924718141555786,0.9999608993530273,1.0,1.0,0.0,1.0,1.0,1.0,1.0,1.0,1.0,0.0,1.0,1.0,1.0,1.0,1.0,0.33670365810394287,0.27107080817222595,0.0008684828062541783,0.05884799361228943,0.26652616262435913,0.8535286784172058,2.879791259765625,0.0,0.0,1.0,1.0
SC-INR-NoSinc,bsd100,101085.png,x4,x4,low,43691,False,0.056470248848199844,0.03360055387020111,0.0001040179340634495,0.009942924603819847,0.05149179697036743,0.11662457138299942,0.12740014493465424,0.41457992792129517,0.3093746304512024,0.001879203482531011,0.07044826447963715,0.33415693044662476,1.0814826488494873,2.165297746658325,0.9995561838150024,0.0004455576417967677,0.9983322024345398,0.9986023902893066,0.9997274279594421,0.9999898672103882,1.0,0.9995561838150024,0.0004455576417967677,0.9983322024345398,0.9986023902893066,0.9997274279594421,0.9999898672103882,1.0,1.0,0.0,1.0,1.0,1.0,1.0,1.0,1.0,0.0,1.0,1.0,1.0,1.0,1.0,0.41457992792129517,0.3093746304512024,0.001879203482531011,0.07044826447963715,0.33415693044662476,1.0814826488494873,2.165297746658325,0.0,0.0,1.0,1.0
SC-INR-NoSinc,bsd100,101085.png,x4,x4,mid,43690,False,0.2627434730529785,0.0730062797665596,0.12740164995193481,0.1397891640663147,0.27097851037979126,0.37207046151161194,0.3880859315395355,0.28987786173820496,0.19251041114330292,0.001077512395568192,0.060421835631132126,0.2531701922416687,0.6356589198112488,2.328616142272949,0.9923800230026245,0.0038507140707224607,0.9845936298370361,0.985834538936615,0.9924718141555786,0.9979923367500305,0.9983322620391846,0.9923800230026245,0.0038507140707224607,0.9845936298370361,0.985834538936615,0.9924718141555786,0.9979923367500305,0.9983322620391846,1.0,0.0,1.0,1.0,1.0,1.0,1.0,1.0,0.0,1.0,1.0,1.0,1.0,1.0,0.28987786173820496,0.19251041114330292,0.001077512395568192,0.060421835631132126,0.2531701922416687,0.6356589198112488,2.328616142272949,0.0,0.0,1.0,1.0
SC-INR-NoSinc,bsd100,101085.png,x4,x4,high,43691,False,0.8501142859458923,0.5260216593742371,0.38808637857437134,0.40422332286834717,0.6343141198158264,2.088334321975708,2.7087581157684326,0.30565205216407776,0.2800765633583069,0.0008684828062541783,0.04966257885098457,0.23263013362884521,0.7863257527351379,2.879791259765625,0.9066959619522095,0.11810023337602615,0.43854156136512756,0.6082338094711304,0.9592391848564148,0.9832983016967773,0.9846110343933105,0.9066959619522095,0.11810023337602615,0.43854156136512756,0.6082338094711304,0.9592391848564148,0.9832983016967773,0.9846110343933105,1.0,0.0,1.0,1.0,1.0,1.0,1.0,1.0,0.0,1.0,1.0,1.0,1.0,1.0,0.30565205216407776,0.2800765633583069,0.0008684828062541783,0.04966257885098457,0.23263013362884521,0.7863257527351379,2.879791259765625,0.0,0.0,1.0,1.0
SC-INR-NoSinc,bsd100,101085.png,x4,x8,all,131072,False,0.38977697491645813,0.4554496705532074,0.0001040179340634495,0.01950436644256115,0.27097851037979126,1.2932789325714111,2.7087581157684326,0.33670365810394287,0.27107080817222595,0.0008684828062541783,0.05884799361228943,0.26652616262435913,0.8535286784172058,2.879791259765625,0.9909740686416626,0.02267814241349697,0.8249678611755371,0.957563042640686,0.9981139898300171,0.9999902248382568,1.0,0.9909740686416626,0.02267814241349697,0.8249678611755371,0.957563042640686,0.9981139898300171,0.9999902248382568,1.0,1.0,0.0,1.0,1.0,1.0,1.0,1.0,1.0,0.0,1.0,1.0,1.0,1.0,1.0,0.33670365810394287,0.27107080817222595,0.0008684828062541783,0.05884799361228943,0.26652616262435913,0.8535286784172058,2.879791259765625,0.0,0.0,1.0,1.0
SC-INR-NoSinc,bsd100,101085.png,x4,x8,low,43691,False,0.056470248848199844,0.03360055387020111,0.0001040179340634495,0.009942924603819847,0.05149179697036743,0.11662457138299942,0.12740014493465424,0.41457992792129517,0.3093746304512024,0.001879203482531011,0.07044826447963715,0.33415693044662476,1.0814826488494873,2.165297746658325,0.9998891353607178,0.00011143209121655673,0.9995829463005066,0.9996504783630371,0.9999318718910217,0.9999974966049194,1.0,0.9998891353607178,0.00011143209121655673,0.9995829463005066,0.9996504783630371,0.9999318718910217,0.9999974966049194,1.0,1.0,0.0,1.0,1.0,1.0,1.0,1.0,1.0,0.0,1.0,1.0,1.0,1.0,1.0,0.41457992792129517,0.3093746304512024,0.001879203482531011,0.07044826447963715,0.33415693044662476,1.0814826488494873,2.165297746658325,0.0,0.0,1.0,1.0
SC-INR-NoSinc,bsd100,101085.png,x4,x8,mid,43690,False,0.2627434730529785,0.0730062797665596,0.12740164995193481,0.1397891640663147,0.27097851037979126,0.37207046151161194,0.3880859315395355,0.28987786173820496,0.19251041114330292,0.001077512395568192,0.060421835631132126,0.2531701922416687,0.6356589198112488,2.328616142272949,0.9980902671813965,0.0009666158584877849,0.9961344003677368,0.9964460134506226,0.9981139898300171,0.9994978904724121,0.9995829463005066,0.9980902671813965,0.0009666158584877849,0.9961344003677368,0.9964460134506226,0.9981139898300171,0.9994978904724121,0.9995829463005066,1.0,0.0,1.0,1.0,1.0,1.0,1.0,1.0,0.0,1.0,1.0,1.0,1.0,1.0,0.28987786173820496,0.19251041114330292,0.001077512395568192,0.060421835631132126,0.2531701922416687,0.6356589198112488,2.328616142272949,0.0,0.0,1.0,1.0
SC-INR-NoSinc,bsd100,101085.png,x4,x8,high,43691,False,0.8501142859458923,0.5260216593742371,0.38808637857437134,0.40422332286834717,0.6343141198158264,2.088334321975708,2.7087581157684326,0.30565205216407776,0.2800765633583069,0.0008684828062541783,0.04966257885098457,0.23263013362884521,0.7863257527351379,2.879791259765625,0.9749428033828735,0.03398265689611435,0.8249678611755371,0.8916195034980774,0.9896976947784424,0.9958059787750244,0.9961349964141846,0.9749428033828735,0.03398265689611435,0.8249678611755371,0.8916195034980774,0.9896976947784424,0.9958059787750244,0.9961349964141846,1.0,0.0,1.0,1.0,1.0,1.0,1.0,1.0,0.0,1.0,1.0,1.0,1.0,1.0,0.30565205216407776,0.2800765633583069,0.0008684828062541783,0.04966257885098457,0.23263013362884521,0.7863257527351379,2.879791259765625,0.0,0.0,1.0,1.0
SC-INR-NoSinc,bsd100,101085.png,x4,x16,all,131072,False,0.38977697491645813,0.4554496705532074,0.0001040179340634495,0.01950436644256115,0.27097851037979126,1.2932789325714111,2.7087581157684326,0.33670365810394287,0.27107080817222595,0.0008684828062541783,0.05884799361228943,0.26652616262435913,0.8535286784172058,2.879791259765625,0.997704267501831,0.0058542112819850445,0.9537263512611389,0.9892875552177429,0.9995282888412476,0.9999975562095642,1.0,0.997704267501831,0.0058542112819850445,0.9537263512611389,0.9892875552177429,0.9995282888412476,0.9999975562095642,1.0,1.0,0.0,1.0,1.0,1.0,1.0,1.0,1.0,0.0,1.0,1.0,1.0,1.0,1.0,0.33670365810394287,0.27107080817222595,0.0008684828062541783,0.05884799361228943,0.26652616262435913,0.8535286784172058,2.879791259765625,0.0,0.0,1.0,1.0
SC-INR-NoSinc,bsd100,101085.png,x4,x16,low,43691,False,0.056470248848199844,0.03360055387020111,0.0001040179340634495,0.009942924603819847,0.05149179697036743,0.11662457138299942,0.12740014493465424,0.41457992792129517,0.3093746304512024,0.001879203482531011,0.07044826447963715,0.33415693044662476,1.0814826488494873,2.165297746658325,0.9999722242355347,2.7861367925652303e-05,0.9998956322669983,0.9999126195907593,0.9999829530715942,0.9999994039535522,1.0,0.9999722242355347,2.7861367925652303e-05,0.9998956322669983,0.9999126195907593,0.9999829530715942,0.9999994039535522,1.0,1.0,0.0,1.0,1.0,1.0,1.0,1.0,1.0,0.0,1.0,1.0,1.0,1.0,1.0,0.41457992792129517,0.3093746304512024,0.001879203482531011,0.07044826447963715,0.33415693044662476,1.0814826488494873,2.165297746658325,0.0,0.0,1.0,1.0
SC-INR-NoSinc,bsd100,101085.png,x4,x16,mid,43690,False,0.2627434730529785,0.0730062797665596,0.12740164995193481,0.1397891640663147,0.27097851037979126,0.37207046151161194,0.3880859315395355,0.28987786173820496,0.19251041114330292,0.001077512395568192,0.060421835631132126,0.2531701922416687,0.6356589198112488,2.328616142272949,0.9995222687721252,0.00024190028489101678,0.9990325570106506,0.9991106986999512,0.9995282888412476,0.9998744130134583,0.9998957514762878,0.9995222687721252,0.00024190028489101678,0.9990325570106506,0.9991106986999512,0.9995282888412476,0.9998744130134583,0.9998957514762878,1.0,0.0,1.0,1.0,1.0,1.0,1.0,1.0,0.0,1.0,1.0,1.0,1.0,1.0,0.28987786173820496,0.19251041114330292,0.001077512395568192,0.060421835631132126,0.2531701922416687,0.6356589198112488,2.328616142272949,0.0,0.0,1.0,1.0
SC-INR-NoSinc,bsd100,101085.png,x4,x16,high,43691,False,0.8501142859458923,0.5260216593742371,0.38808637857437134,0.40422332286834717,0.6343141198158264,2.088334321975708,2.7087581157684326,0.30565205216407776,0.2800765633583069,0.0008684828062541783,0.04966257885098457,0.23263013362884521,0.7863257527351379,2.879791259765625,0.993618369102478,0.008809760212898254,0.9537263512611389,0.9722120761871338,0.9974170923233032,0.9989504814147949,0.9990326762199402,0.993618369102478,0.008809760212898254,0.9537263512611389,0.9722120761871338,0.9974170923233032,0.9989504814147949,0.9990326762199402,1.0,0.0,1.0,1.0,1.0,1.0,1.0,1.0,0.0,1.0,1.0,1.0,1.0,1.0,0.30565205216407776,0.2800765633583069,0.0008684828062541783,0.04966257885098457,0.23263013362884521,0.7863257527351379,2.879791259765625,0.0,0.0,1.0,1.0
SC-INR-NoSinc,bsd100,101085.png,x4,x30,all,131072,False,0.38977697491645813,0.4554496705532074,0.0001040179340634495,0.01950436644256115,0.27097851037979126,1.2932789325714111,2.7087581157684326,0.33670365810394287,0.27107080817222595,0.0008684828062541783,0.05884799361228943,0.26652616262435913,0.8535286784172058,2.879791259765625,0.9993442296981812,0.0016781080048531294,0.9866605997085571,0.996945858001709,0.9998658299446106,0.9999992847442627,1.0,0.9993442296981812,0.0016781080048531294,0.9866605997085571,0.996945858001709,0.9998658299446106,0.9999992847442627,1.0,1.0,0.0,1.0,1.0,1.0,1.0,1.0,1.0,0.0,1.0,1.0,1.0,1.0,1.0,0.33670365810394287,0.27107080817222595,0.0008684828062541783,0.05884799361228943,0.26652616262435913,0.8535286784172058,2.879791259765625,0.0,0.0,1.0,1.0
SC-INR-NoSinc,bsd100,101085.png,x4,x30,low,43691,False,0.056470248848199844,0.03360055387020111,0.0001040179340634495,0.009942924603819847,0.05149179697036743,0.11662457138299942,0.12740014493465424,0.41457992792129517,0.3093746304512024,0.001879203482531011,0.07044826447963715,0.33415693044662476,1.0814826488494873,2.165297746658325,0.9999921321868896,7.926996659080032e-06,0.9999703168869019,0.9999751448631287,0.9999951720237732,0.9999998211860657,1.0,0.9999921321868896,7.926996659080032e-06,0.9999703168869019,0.9999751448631287,0.9999951720237732,0.9999998211860657,1.0,1.0,0.0,1.0,1.0,1.0,1.0,1.0,1.0,0.0,1.0,1.0,1.0,1.0,1.0,0.41457992792129517,0.3093746304512024,0.001879203482531011,0.07044826447963715,0.33415693044662476,1.0814826488494873,2.165297746658325,0.0,0.0,1.0,1.0
SC-INR-NoSinc,bsd100,101085.png,x4,x30,mid,43690,False,0.2627434730529785,0.0730062797665596,0.12740164995193481,0.1397891640663147,0.27097851037979126,0.37207046151161194,0.3880859315395355,0.28987786173820496,0.19251041114330292,0.001077512395568192,0.060421835631132126,0.2531701922416687,0.6356589198112488,2.328616142272949,0.9998641014099121,6.88264481141232e-05,0.9997246861457825,0.9997469782829285,0.9998658299446106,0.9999642968177795,0.9999704360961914,0.9998641014099121,6.88264481141232e-05,0.9997246861457825,0.9997469782829285,0.9998658299446106,0.9999642968177795,0.9999704360961914,1.0,0.0,1.0,1.0,1.0,1.0,1.0,1.0,0.0,1.0,1.0,1.0,1.0,1.0,0.28987786173820496,0.19251041114330292,0.001077512395568192,0.060421835631132126,0.2531701922416687,0.6356589198112488,2.328616142272949,0.0,0.0,1.0,1.0
SC-INR-NoSinc,bsd100,101085.png,x4,x30,high,43691,False,0.8501142859458923,0.5260216593742371,0.38808637857437134,0.40422332286834717,0.6343141198158264,2.088334321975708,2.7087581157684326,0.30565205216407776,0.2800765633583069,0.0008684828062541783,0.04966257885098457,0.23263013362884521,0.7863257527351379,2.879791259765625,0.998176634311676,0.0025278518442064524,0.9866605997085571,0.9920482039451599,0.9992647767066956,0.9997013807296753,0.999724805355072,0.998176634311676,0.0025278518442064524,0.9866605997085571,0.9920482039451599,0.9992647767066956,0.9997013807296753,0.999724805355072,1.0,0.0,1.0,1.0,1.0,1.0,1.0,1.0,0.0,1.0,1.0,1.0,1.0,1.0,0.30565205216407776,0.2800765633583069,0.0008684828062541783,0.04966257885098457,0.23263013362884521,0.7863257527351379,2.879791259765625,0.0,0.0,1.0,1.0
SC-INR-NoSinc,bsd100,101087.png,x4,x2,all,131072,False,0.38143977522850037,0.45596277713775635,7.190306496340781e-05,0.010131188668310642,0.27186718583106995,1.2993881702423096,2.7021591663360596,0.30631303787231445,0.29200008511543274,0.0003021763695869595,0.03523803502321243,0.21904197335243225,0.9188316464424133,2.586599588394165,0.8932462334632874,0.21086308360099792,-0.046838048845529556,0.4368283748626709,0.9699321985244751,0.9999577403068542,1.0,0.8947233557701111,0.20450502634048462,2.3194963432615623e-05,0.4368283748626709,0.9699321985244751,0.9999577403068542,1.0,1.0,0.0,1.0,1.0,1.0,1.0,1.0,1.0,0.0,1.0,1.0,1.0,1.0,1.0,0.30631303787231445,0.29200008511543274,0.0003021763695869595,0.03523803502321243,0.21904197335243225,0.9188316464424133,2.586599588394165,0.028594970703125,0.0,1.0,1.0
SC-INR-NoSinc,bsd100,101087.png,x4,x2,low,43691,False,0.04065335541963577,0.029062651097774506,7.190306496340781e-05,0.004759572446346283,0.03380326181650162,0.09594875574111938,0.10784190893173218,0.4435088038444519,0.3749729096889496,0.0009030636865645647,0.04768293350934982,0.3333876132965088,1.2180819511413574,2.3180384635925293,0.9989739060401917,0.0012195075396448374,0.9952253699302673,0.9962189197540283,0.9995301961898804,0.999990701675415,1.0,0.9989739060401917,0.0012195075396448374,0.9952253699302673,0.9962189197540283,0.9995301961898804,0.999990701675415,1.0,1.0,0.0,1.0,1.0,1.0,1.0,1.0,1.0,0.0,1.0,1.0,1.0,1.0,1.0,0.4435088038444519,0.3749729096889496,0.0009030636865645647,0.04768293350934982,0.3333876132965088,1.2180819511413574,2.3180384635925293,0.0,0.0,1.0,1.0
SC-INR-NoSinc,bsd100,101087.png,x4,x2,mid,43690,False,0.2582052946090698,0.08071105182170868,0.10784684121608734,0.1223362386226654,0.27186718583106995,0.3739306628704071,0.39361873269081116,0.26065146923065186,0.2008776068687439,0.0008103375439532101,0.04158669337630272,0.22065730392932892,0.6224770545959473,2.2036657333374023,0.9703144431114197,0.01624455489218235,0.9374976754188538,0.9436022043228149,0.9699321985244751,0.993859052658081,0.9952245950698853,0.9703144431114197,0.01624455489218235,0.9374976754188538,0.9436022043228149,0.9699321985244751,0.993859052658081,0.9952245950698853,1.0,0.0,1.0,1.0,1.0,1.0,1.0,1.0,0.0,1.0,1.0,1.0,1.0,1.0,0.26065146923065186,0.2008776068687439,0.0008103375439532101,0.04158669337630272,0.22065730392932892,0.6224770545959473,2.2036657333374023,0.0,0.0,1.0,1.0
SC-INR-NoSinc,bsd100,101087.png,x4,x2,high,43691,False,0.8454578518867493,0.5193343162536621,0.3936200439929962,0.40944114327430725,0.6364104747772217,2.0762417316436768,2.7021591663360596,0.21477772295475006,0.21342049539089203,0.0003021763695869595,0.024988163262605667,0.1522015780210495,0.6050872802734375,2.586599588394165,0.7104521989822388,0.2873882055282593,-0.046838048845529556,-0.025324366986751556,0.8436049222946167,0.9326422214508057,0.9378550052642822,0.7148833870887756,0.27618134021759033,2.3194963432615623e-05,0.029825298115611076,0.8436049222946167,0.9326422214508057,0.9378550052642822,1.0,0.0,1.0,1.0,1.0,1.0,1.0,1.0,0.0,1.0,1.0,1.0,1.0,1.0,0.21477772295475006,0.21342049539089203,0.0003021763695869595,0.024988163262605667,0.1522015780210495,0.6050872802734375,2.586599588394165,0.08578425645828247,0.0,1.0,1.0
SC-INR-NoSinc,bsd100,101087.png,x4,x4,all,131072,False,0.38143977522850037,0.45596277713775635,7.190306496340781e-05,0.010131188668310642,0.27186718583106995,1.2993881702423096,2.7021591663360596,0.30631303787231445,0.29200008511543274,0.0003021763695869595,0.03523803502321243,0.21904197335243225,0.9188316464424133,2.586599588394165,0.9666751623153687,0.07888172566890717,0.4409264028072357,0.8352607488632202,0.9924217462539673,0.9999894499778748,1.0,0.9666751623153687,0.07888172566890717,0.4409264028072357,0.8352607488632202,0.9924217462539673,0.9999894499778748,1.0,1.0,0.0,1.0,1.0,1.0,1.0,1.0,1.0,0.0,1.0,1.0,1.0,1.0,1.0,0.30631303787231445,0.29200008511543274,0.0003021763695869595,0.03523803502321243,0.21904197335243225,0.9188316464424133,2.586599588394165,0.0,0.0,1.0,1.0
SC-INR-NoSinc,bsd100,101087.png,x4,x4,low,43691,False,0.04065335541963577,0.029062651097774506,7.190306496340781e-05,0.004759572446346283,0.03380326181650162,0.09594875574111938,0.10784190893173218,0.4435088038444519,0.3749729096889496,0.0009030636865645647,0.04768293350934982,0.3333876132965088,1.2180819511413574,2.3180384635925293,0.9997433423995972,0.00030516591505147517,0.9988048672676086,0.9990538358688354,0.9998825192451477,0.9999976754188538,1.0,0.9997433423995972,0.00030516591505147517,0.9988048672676086,0.9990538358688354,0.9998825192451477,0.9999976754188538,1.0,1.0,0.0,1.0,1.0,1.0,1.0,1.0,1.0,0.0,1.0,1.0,1.0,1.0,1.0,0.4435088038444519,0.3749729096889496,0.0009030636865645647,0.04768293350934982,0.3333876132965088,1.2180819511413574,2.3180384635925293,0.0,0.0,1.0,1.0
SC-INR-NoSinc,bsd100,101087.png,x4,x4,mid,43690,False,0.2582052946090698,0.08071105182170868,0.10784684121608734,0.1223362386226654,0.27186718583106995,0.3739306628704071,0.39361873269081116,0.26065146923065186,0.2008776068687439,0.0008103375439532101,0.04158669337630272,0.22065730392932892,0.6224770545959473,2.2036657333374023,0.9925018548965454,0.004127423744648695,0.984148383140564,0.9856951832771301,0.9924217462539673,0.9984622597694397,0.9988046884536743,0.9925018548965454,0.004127423744648695,0.984148383140564,0.9856951832771301,0.9924217462539673,0.9984622597694397,0.9988046884536743,1.0,0.0,1.0,1.0,1.0,1.0,1.0,1.0,0.0,1.0,1.0,1.0,1.0,1.0,0.26065146923065186,0.2008776068687439,0.0008103375439532101,0.04158669337630272,0.22065730392932892,0.6224770545959473,2.2036657333374023,0.0,0.0,1.0,1.0
SC-INR-NoSinc,bsd100,101087.png,x4,x4,high,43691,False,0.8454578518867493,0.5193343162536621,0.3936200439929962,0.40944114327430725,0.6364104747772217,2.0762417316436768,2.7021591663360596,0.21477772295475006,0.21342049539089203,0.0003021763695869595,0.024988163262605667,0.1522015780210495,0.6050872802734375,2.586599588394165,0.907780647277832,0.11584743857383728,0.4409264028072357,0.6121518611907959,0.9589998722076416,0.9828636646270752,0.984168291091919,0.907780647277832,0.11584743857383728,0.4409264028072357,0.6121518611907959,0.9589998722076416,0.9828636646270752,0.984168291091919,1.0,0.0,1.0,1.0,1.0,1.0,1.0,1.0,0.0,1.0,1.0,1.0,1.0,1.0,0.21477772295475006,0.21342049539089203,0.0003021763695869595,0.024988163262605667,0.1522015780210495,0.6050872802734375,2.586599588394165,0.0,0.0,1.0,1.0
SC-INR-NoSinc,bsd100,101087.png,x4,x8,all,131072,False,0.38143977522850037,0.45596277713775635,7.190306496340781e-05,0.010131188668310642,0.27186718583106995,1.2993881702423096,2.7021591663360596,0.30631303787231445,0.29200008511543274,0.0003021763695869595,0.03523803502321243,0.21904197335243225,0.9188316464424133,2.586599588394165,0.9911166429519653,0.02217528037726879,0.8257920145988464,0.9571658372879028,0.9981015920639038,0.9999973773956299,1.0,0.9911166429519653,0.02217528037726879,0.8257920145988464,0.9571658372879028,0.9981015920639038,0.9999973773956299,1.0,1.0,0.0,1.0,1.0,1.0,1.0,1.0,1.0,0.0,1.0,1.0,1.0,1.0,1.0,0.30631303787231445,0.29200008511543274,0.0003021763695869595,0.03523803502321243,0.21904197335243225,0.9188316464424133,2.586599588394165,0.0,0.0,1.0,1.0
SC-INR-NoSinc,bsd100,101087.png,x4,x8,low,43691,False,0.04065335541963577,0.029062651097774506,7.190306496340781e-05,0.004759572446346283,0.03380326181650162,0.09594875574111938,0.10784190893173218,0.4435088038444519,0.3749729096889496,0.0009030636865645647,0.04768293350934982,0.3333876132965088,1.2180819511413574,2.3180384635925293,0.9999358057975769,7.631233165739104e-05,0.9997011423110962,0.9997633695602417,0.9999706149101257,0.9999994039535522,1.0,0.9999358057975769,7.631233165739104e-05,0.9997011423110962,0.9997633695602417,0.9999706149101257,0.9999994039535522,1.0,1.0,0.0,1.0,1.0,1.0,1.0,1.0,1.0,0.0,1.0,1.0,1.0,1.0,1.0,0.4435088038444519,0.3749729096889496,0.0009030636865645647,0.04768293350934982,0.3333876132965088,1.2180819511413574,2.3180384635925293,0.0,0.0,1.0,1.0
SC-INR-NoSinc,bsd100,101087.png,x4,x8,mid,43690,False,0.2582052946090698,0.08071105182170868,0.10784684121608734,0.1223362386226654,0.27186718583106995,0.3739306628704071,0.39361873269081116,0.26065146923065186,0.2008776068687439,0.0008103375439532101,0.04158669337630272,0.22065730392932892,0.6224770545959473,2.2036657333374023,0.9981206655502319,0.0010360399028286338,0.9960227012634277,0.9964107275009155,0.9981015920639038,0.9996153712272644,0.9997011423110962,0.9981206655502319,0.0010360399028286338,0.9960227012634277,0.9964107275009155,0.9981015920639038,0.9996153712272644,0.9997011423110962,1.0,0.0,1.0,1.0,1.0,1.0,1.0,1.0,0.0,1.0,1.0,1.0,1.0,1.0,0.26065146923065186,0.2008776068687439,0.0008103375439532101,0.04158669337630272,0.22065730392932892,0.6224770545959473,2.2036657333374023,0.0,0.0,1.0,1.0
SC-INR-NoSinc,bsd100,101087.png,x4,x8,high,43691,False,0.8454578518867493,0.5193343162536621,0.3936200439929962,0.40944114327430725,0.6364104747772217,2.0762417316436768,2.7021591663360596,0.21477772295475006,0.21342049539089203,0.0003021763695869595,0.024988163262605667,0.1522015780210495,0.6050872802734375,2.586599588394165,0.975293755531311,0.03312007710337639,0.8257920145988464,0.8928301334381104,0.989630937576294,0.9956974983215332,0.9960238933563232,0.975293755531311,0.03312007710337639,0.8257920145988464,0.8928301334381104,0.989630937576294,0.9956974983215332,0.9960238933563232,1.0,0.0,1.0,1.0,1.0,1.0,1.0,1.0,0.0,1.0,1.0,1.0,1.0,1.0,0.21477772295475006,0.21342049539089203,0.0003021763695869595,0.024988163262605667,0.1522015780210495,0.6050872802734375,2.586599588394165,0.0,0.0,1.0,1.0
SC-INR-NoSinc,bsd100,101087.png,x4,x16,all,131072,False,0.38143977522850037,0.45596277713775635,7.190306496340781e-05,0.010131188668310642,0.27186718583106995,1.2993881702423096,2.7021591663360596,0.30631303787231445,0.29200008511543274,0.0003021763695869595,0.03523803502321243,0.21904197335243225,0.9188316464424133,2.586599588394165,0.9977419376373291,0.005715273320674896,0.9539496898651123,0.9891863465309143,0.9995251297950745,0.9999993443489075,1.0,0.9977419376373291,0.005715273320674896,0.9539496898651123,0.9891863465309143,0.9995251297950745,0.9999993443489075,1.0,1.0,0.0,1.0,1.0,1.0,1.0,1.0,1.0,0.0,1.0,1.0,1.0,1.0,1.0,0.30631303787231445,0.29200008511543274,0.0003021763695869595,0.03523803502321243,0.21904197335243225,0.9188316464424133,2.586599588394165,0.0,0.0,1.0,1.0
SC-INR-NoSinc,bsd100,101087.png,x4,x16,low,43691,False,0.04065335541963577,0.029062651097774506,7.190306496340781e-05,0.004759572446346283,0.03380326181650162,0.09594875574111938,0.10784190893173218,0.4435088038444519,0.3749729096889496,0.0009030636865645647,0.04768293350934982,0.3333876132965088,1.2180819511413574,2.3180384635925293,0.9999840259552002,1.9080454876529984e-05,0.9999251961708069,0.999940812587738,0.9999926686286926,0.9999998807907104,1.0,0.9999840259552002,1.9080454876529984e-05,0.9999251961708069,0.999940812587738,0.9999926686286926,0.9999998807907104,1.0,1.0,0.0,1.0,1.0,1.0,1.0,1.0,1.0,0.0,1.0,1.0,1.0,1.0,1.0,0.4435088038444519,0.3749729096889496,0.0009030636865645647,0.04768293350934982,0.3333876132965088,1.2180819511413574,2.3180384635925293,0.0,0.0,1.0,1.0
SC-INR-NoSinc,bsd100,101087.png,x4,x16,mid,43690,False,0.2582052946090698,0.08071105182170868,0.10784684121608734,0.1223362386226654,0.27186718583106995,0.3739306628704071,0.39361873269081116,0.26065146923065186,0.2008776068687439,0.0008103375439532101,0.04158669337630272,0.22065730392932892,0.6224770545959473,2.2036657333374023,0.9995298981666565,0.0002592722303234041,0.9990047812461853,0.9991018176078796,0.9995251297950745,0.9999037981033325,0.9999253153800964,0.9995298981666565,0.0002592722303234041,0.9990047812461853,0.9991018176078796,0.9995251297950745,0.9999037981033325,0.9999253153800964,1.0,0.0,1.0,1.0,1.0,1.0,1.0,1.0,0.0,1.0,1.0,1.0,1.0,1.0,0.26065146923065186,0.2008776068687439,0.0008103375439532101,0.04158669337630272,0.22065730392932892,0.6224770545959473,2.2036657333374023,0.0,0.0,1.0,1.0
SC-INR-NoSinc,bsd100,101087.png,x4,x16,high,43691,False,0.8454578518867493,0.5193343162536621,0.3936200439929962,0.40944114327430725,0.6364104747772217,2.0762417316436768,2.7021591663360596,0.21477772295475006,0.21342049539089203,0.0003021763695869595,0.024988163262605667,0.1522015780210495,0.6050872802734375,2.586599588394165,0.9937119483947754,0.008570926263928413,0.9539496898651123,0.9725302457809448,0.9973999261856079,0.9989231824874878,0.9990047812461853,0.9937119483947754,0.008570926263928413,0.9539496898651123,0.9725302457809448,0.9973999261856079,0.9989231824874878,0.9990047812461853,1.0,0.0,1.0,1.0,1.0,1.0,1.0,1.0,0.0,1.0,1.0,1.0,1.0,1.0,0.21477772295475006,0.21342049539089203,0.0003021763695869595,0.024988163262605667,0.1522015780210495,0.6050872802734375,2.586599588394165,0.0,0.0,1.0,1.0
SC-INR-NoSinc,bsd100,101087.png,x4,x30,all,131072,False,0.38143977522850037,0.45596277713775635,7.190306496340781e-05,0.010131188668310642,0.27186718583106995,1.2993881702423096,2.7021591663360596,0.30631303787231445,0.29200008511543274,0.0003021763695869595,0.03523803502321243,0.21904197335243225,0.9188316464424133,2.586599588394165,0.999355137348175,0.001637641224078834,0.9867253303527832,0.9969169497489929,0.999864935874939,0.9999998211860657,1.0,0.999355137348175,0.001637641224078834,0.9867253303527832,0.9969169497489929,0.999864935874939,0.9999998211860657,1.0,1.0,0.0,1.0,1.0,1.0,1.0,1.0,1.0,0.0,1.0,1.0,1.0,1.0,1.0,0.30631303787231445,0.29200008511543274,0.0003021763695869595,0.03523803502321243,0.21904197335243225,0.9188316464424133,2.586599588394165,0.0,0.0,1.0,1.0
SC-INR-NoSinc,bsd100,101087.png,x4,x30,low,43691,False,0.04065335541963577,0.029062651097774506,7.190306496340781e-05,0.004759572446346283,0.03380326181650162,0.09594875574111938,0.10784190893173218,0.4435088038444519,0.3749729096889496,0.0009030636865645647,0.04768293350934982,0.3333876132965088,1.2180819511413574,2.3180384635925293,0.9999954700469971,5.4288507271849085e-06,0.9999787211418152,0.9999831914901733,0.9999979138374329,1.0,1.0,0.9999954700469971,5.4288507271849085e-06,0.9999787211418152,0.9999831914901733,0.9999979138374329,1.0,1.0,1.0,0.0,1.0,1.0,1.0,1.0,1.0,1.0,0.0,1.0,1.0,1.0,1.0,1.0,0.4435088038444519,0.3749729096889496,0.0009030636865645647,0.04768293350934982,0.3333876132965088,1.2180819511413574,2.3180384635925293,0.0,0.0,1.0,1.0
SC-INR-NoSinc,bsd100,101087.png,x4,x30,mid,43690,False,0.2582052946090698,0.08071105182170868,0.10784684121608734,0.1223362386226654,0.27186718583106995,0.3739306628704071,0.39361873269081116,0.26065146923065186,0.2008776068687439,0.0008103375439532101,0.04158669337630272,0.22065730392932892,0.6224770545959473,2.2036657333374023,0.999866247177124,7.376912981271744e-05,0.9997168183326721,0.9997444748878479,0.999864935874939,0.9999726414680481,0.99997878074646,0.999866247177124,7.376912981271744e-05,0.9997168183326721,0.9997444748878479,0.999864935874939,0.9999726414680481,0.99997878074646,1.0,0.0,1.0,1.0,1.0,1.0,1.0,1.0,0.0,1.0,1.0,1.0,1.0,1.0,0.26065146923065186,0.2008776068687439,0.0008103375439532101,0.04158669337630272,0.22065730392932892,0.6224770545959473,2.2036657333374023,0.0,0.0,1.0,1.0
SC-INR-NoSinc,bsd100,101087.png,x4,x30,high,43691,False,0.8454578518867493,0.5193343162536621,0.3936200439929962,0.40944114327430725,0.6364104747772217,2.0762417316436768,2.7021591663360596,0.21477772295475006,0.21342049539089203,0.0003021763695869595,0.024988163262605667,0.1522015780210495,0.6050872802734375,2.586599588394165,0.9982037544250488,0.002458257367834449,0.9867253303527832,0.9921398162841797,0.9992599487304688,0.9996936321258545,0.9997168183326721,0.9982037544250488,0.002458257367834449,0.9867253303527832,0.9921398162841797,0.9992599487304688,0.9996936321258545,0.9997168183326721,1.0,0.0,1.0,1.0,1.0,1.0,1.0,1.0,0.0,1.0,1.0,1.0,1.0,1.0,0.21477772295475006,0.21342049539089203,0.0003021763695869595,0.024988163262605667,0.1522015780210495,0.6050872802734375,2.586599588394165,0.0,0.0,1.0,1.0
SC-INR-NoSinc,bsd100,102061.png,x4,x2,all,131072,False,0.38027289509773254,0.4546813666820526,7.947516860440373e-05,0.011880552396178246,0.2711021900177002,1.3048382997512817,2.6994264125823975,0.3000563085079193,0.27772414684295654,0.00021474510140251368,0.039149075746536255,0.21585965156555176,0.8391459584236145,2.6843645572662354,0.8938206434249878,0.21027542650699615,-0.0470842681825161,0.433261901140213,0.970105767250061,0.999941885471344,1.0,0.8951237797737122,0.20465701818466187,2.8551730792969465e-06,0.433261901140213,0.970105767250061,0.999941885471344,1.0,1.0,0.0,1.0,1.0,1.0,1.0,1.0,1.0,0.0,1.0,1.0,1.0,1.0,1.0,0.3000563085079193,0.27772414684295654,0.00021474510140251368,0.039149075746536255,0.21585965156555176,0.8391459584236145,2.6843645572662354,0.0273590087890625,0.0,1.0,1.0
SC-INR-NoSinc,bsd100,102061.png,x4,x2,low,43691,False,0.041757356375455856,0.028802279382944107,7.947516860440373e-05,0.00601131422445178,0.0350121445953846,0.09801848977804184,0.110334612429142,0.42462074756622314,0.35583585500717163,0.002131133573129773,0.05163067206740379,0.3206087648868561,1.1595382690429688,2.3899271488189697,0.9989426732063293,0.001249356078915298,0.9950025081634521,0.9960545301437378,0.9994959235191345,0.9999851584434509,1.0,0.9989426732063293,0.001249356078915298,0.9950025081634521,0.9960545301437378,0.9994959235191345,0.9999851584434509,1.0,1.0,0.0,1.0,1.0,1.0,1.0,1.0,1.0,0.0,1.0,1.0,1.0,1.0,1.0,0.42462074756622314,0.35583585500717163,0.002131133573129773,0.05163067206740379,0.3206087648868561,1.1595382690429688,2.3899271488189697,0.0,0.0,1.0,1.0
SC-INR-NoSinc,bsd100,102061.png,x4,x2,mid,43690,False,0.25733456015586853,0.07866764813661575,0.11033841222524643,0.12301003932952881,0.2711021900177002,0.3702133595943451,0.38674190640449524,0.2554446756839752,0.1961301863193512,0.0005603044992312789,0.04325319081544876,0.21225261688232422,0.6163461208343506,2.6843645572662354,0.9706193208694458,0.015747644007205963,0.9396270513534546,0.9447305798530579,0.970105767250061,0.9937902092933655,0.9950023293495178,0.9706193208694458,0.015747644007205963,0.9396270513534546,0.9447305798530579,0.970105767250061,0.9937902092933655,0.9950023293495178,1.0,0.0,1.0,1.0,1.0,1.0,1.0,1.0,0.0,1.0,1.0,1.0,1.0,1.0,0.2554446756839752,0.1961301863193512,0.0005603044992312789,0.04325319081544876,0.21225261688232422,0.6163461208343506,2.6843645572662354,0.0,0.0,1.0,1.0
SC-INR-NoSinc,bsd100,102061.png,x4,x2,high,43691,False,0.8417240381240845,0.520133912563324,0.3867729902267456,0.4025709927082062,0.6394814252853394,2.0681629180908203,2.6994264125823975,0.2201024293899536,0.2059270441532135,0.00021474510140251368,0.030588652938604355,0.15769259631633759,0.6219737529754639,2.236659526824951,0.7119015455245972,0.28697317838668823,-0.0470842681825161,-0.020632408559322357,0.841951847076416,0.934843122959137,0.9399337768554688,0.7158109545707703,0.2770777642726898,2.8551730792969465e-06,0.026110809296369553,0.841951847076416,0.934843122959137,0.9399337768554688,1.0,0.0,1.0,1.0,1.0,1.0,1.0,1.0,0.0,1.0,1.0,1.0,1.0,1.0,0.2201024293899536,0.2059270441532135,0.00021474510140251368,0.030588652938604355,0.15769259631633759,0.6219737529754639,2.236659526824951,0.08207640051841736,0.0,1.0,1.0
SC-INR-NoSinc,bsd100,102061.png,x4,x4,all,131072,False,0.38027289509773254,0.4546813666820526,7.947516860440373e-05,0.011880552396178246,0.2711021900177002,1.3048382997512817,2.6994264125823975,0.3000563085079193,0.27772414684295654,0.00021474510140251368,0.039149075746536255,0.21585965156555176,0.8391459584236145,2.6843645572662354,0.9668678641319275,0.07859931141138077,0.44172847270965576,0.8339277505874634,0.9924652576446533,0.9999855160713196,1.0,0.9668678641319275,0.07859931141138077,0.44172847270965576,0.8339277505874634,0.9924652576446533,0.9999855160713196,1.0,1.0,0.0,1.0,1.0,1.0,1.0,1.0,1.0,0.0,1.0,1.0,1.0,1.0,1.0,0.3000563085079193,0.27772414684295654,0.00021474510140251368,0.039149075746536255,0.21585965156555176,0.8391459584236145,2.6843645572662354,0.0,0.0,1.0,1.0
SC-INR-NoSinc,bsd100,102061.png,x4,x4,low,43691,False,0.041757356375455856,0.028802279382944107,7.947516860440373e-05,0.00601131422445178,0.0350121445953846,0.09801848977804184,0.110334612429142,0.42462074756622314,0.35583585500717163,0.002131133573129773,0.05163067206740379,0.3206087648868561,1.1595382690429688,2.3899271488189697,0.9997355341911316,0.0003126510709989816,0.9987488985061646,0.9990126490592957,0.9998739957809448,0.9999963045120239,1.0,0.9997355341911316,0.0003126510709989816,0.9987488985061646,0.9990126490592957,0.9998739957809448,0.9999963045120239,1.0,1.0,0.0,1.0,1.0,1.0,1.0,1.0,1.0,0.0,1.0,1.0,1.0,1.0,1.0,0.42462074756622314,0.35583585500717163,0.002131133573129773,0.05163067206740379,0.3206087648868561,1.1595382690429688,2.3899271488189697,0.0,0.0,1.0,1.0
SC-INR-NoSinc,bsd100,102061.png,x4,x4,mid,43690,False,0.25733456015586853,0.07866764813661575,0.11033841222524643,0.12301003932952881,0.2711021900177002,0.3702133595943451,0.38674190640449524,0.2554446756839752,0.1961301863193512,0.0005603044992312789,0.04325319081544876,0.21225261688232422,0.6163461208343506,2.6843645572662354,0.9925806522369385,0.003999857231974602,0.9846950769424438,0.9859809279441833,0.9924652576446533,0.9984450936317444,0.9987488985061646,0.9925806522369385,0.003999857231974602,0.9846950769424438,0.9859809279441833,0.9924652576446533,0.9984450936317444,0.9987488985061646,1.0,0.0,1.0,1.0,1.0,1.0,1.0,1.0,0.0,1.0,1.0,1.0,1.0,1.0,0.2554446756839752,0.1961301863193512,0.0005603044992312789,0.04325319081544876,0.21225261688232422,0.6163461208343506,2.6843645572662354,0.0,0.0,1.0,1.0
SC-INR-NoSinc,bsd100,102061.png,x4,x4,high,43691,False,0.8417240381240845,0.520133912563324,0.3867729902267456,0.4025709927082062,0.6394814252853394,2.0681629180908203,2.6994264125823975,0.2201024293899536,0.2059270441532135,0.00021474510140251368,0.030588652938604355,0.15769259631633759,0.6219737529754639,2.236659526824951,0.9082881212234497,0.11551758646965027,0.44172847270965576,0.614761233329773,0.9586174488067627,0.9834308624267578,0.9847075939178467,0.9082881212234497,0.11551758646965027,0.44172847270965576,0.614761233329773,0.9586174488067627,0.9834308624267578,0.9847075939178467,1.0,0.0,1.0,1.0,1.0,1.0,1.0,1.0,0.0,1.0,1.0,1.0,1.0,1.0,0.2201024293899536,0.2059270441532135,0.00021474510140251368,0.030588652938604355,0.15769259631633759,0.6219737529754639,2.236659526824951,0.0,0.0,1.0,1.0
SC-INR-NoSinc,bsd100,102061.png,x4,x8,all,131072,False,0.38027289509773254,0.4546813666820526,7.947516860440373e-05,0.011880552396178246,0.2711021900177002,1.3048382997512817,2.6994264125823975,0.3000563085079193,0.27772414684295654,0.00021474510140251368,0.039149075746536255,0.21585965156555176,0.8391459584236145,2.6843645572662354,0.9911682605743408,0.02209918200969696,0.8261477947235107,0.9568107724189758,0.9981123208999634,0.9999963641166687,1.0,0.9911682605743408,0.02209918200969696,0.8261477947235107,0.9568107724189758,0.9981123208999634,0.9999963641166687,1.0,1.0,0.0,1.0,1.0,1.0,1.0,1.0,1.0,0.0,1.0,1.0,1.0,1.0,1.0,0.3000563085079193,0.27772414684295654,0.00021474510140251368,0.039149075746536255,0.21585965156555176,0.8391459584236145,2.6843645572662354,0.0,0.0,1.0,1.0
SC-INR-NoSinc,bsd100,102061.png,x4,x8,low,43691,False,0.041757356375455856,0.028802279382944107,7.947516860440373e-05,0.00601131422445178,0.0350121445953846,0.09801848977804184,0.110334612429142,0.42462074756622314,0.35583585500717163,0.002131133573129773,0.05163067206740379,0.3206087648868561,1.1595382690429688,2.3899271488189697,0.9999338388442993,7.818506128387526e-05,0.999687135219574,0.9997531175613403,0.9999685287475586,0.9999991059303284,1.0,0.9999338388442993,7.818506128387526e-05,0.999687135219574,0.9997531175613403,0.9999685287475586,0.9999991059303284,1.0,1.0,0.0,1.0,1.0,1.0,1.0,1.0,1.0,0.0,1.0,1.0,1.0,1.0,1.0,0.42462074756622314,0.35583585500717163,0.002131133573129773,0.05163067206740379,0.3206087648868561,1.1595382690429688,2.3899271488189697,0.0,0.0,1.0,1.0
SC-INR-NoSinc,bsd100,102061.png,x4,x8,mid,43690,False,0.25733456015586853,0.07866764813661575,0.11033841222524643,0.12301003932952881,0.2711021900177002,0.3702133595943451,0.38674190640449524,0.2554446756839752,0.1961301863193512,0.0005603044992312789,0.04325319081544876,0.21225261688232422,0.6163461208343506,2.6843645572662354,0.9981405138969421,0.0010039361659437418,0.9961603879928589,0.9964817762374878,0.9981123208999634,0.9996111989021301,0.999687135219574,0.9981405138969421,0.0010039361659437418,0.9961603879928589,0.9964817762374878,0.9981123208999634,0.9996111989021301,0.999687135219574,1.0,0.0,1.0,1.0,1.0,1.0,1.0,1.0,0.0,1.0,1.0,1.0,1.0,1.0,0.2554446756839752,0.1961301863193512,0.0005603044992312789,0.04325319081544876,0.21225261688232422,0.6163461208343506,2.6843645572662354,0.0,0.0,1.0,1.0
SC-INR-NoSinc,bsd100,102061.png,x4,x8,high,43691,False,0.8417240381240845,0.520133912563324,0.3867729902267456,0.4025709927082062,0.6394814252853394,2.0681629180908203,2.6994264125823975,0.2201024293899536,0.2059270441532135,0.00021474510140251368,0.030588652938604355,0.15769259631633759,0.6219737529754639,2.236659526824951,0.9754307270050049,0.03302999585866928,0.8261477947235107,0.8936338424682617,0.9895322918891907,0.9958404302597046,0.9961605072021484,0.9754307270050049,0.03302999585866928,0.8261477947235107,0.8936338424682617,0.9895322918891907,0.9958404302597046,0.9961605072021484,1.0,0.0,1.0,1.0,1.0,1.0,1.0,1.0,0.0,1.0,1.0,1.0,1.0,1.0,0.2201024293899536,0.2059270441532135,0.00021474510140251368,0.030588652938604355,0.15769259631633759,0.6219737529754639,2.236659526824951,0.0,0.0,1.0,1.0
SC-INR-NoSinc,bsd100,102061.png,x4,x16,all,131072,False,0.38027289509773254,0.4546813666820526,7.947516860440373e-05,0.011880552396178246,0.2711021900177002,1.3048382997512817,2.6994264125823975,0.3000563085079193,0.27772414684295654,0.00021474510140251368,0.039149075746536255,0.21585965156555176,0.8391459584236145,2.6843645572662354,0.9977550506591797,0.005696000996977091,0.9540430903434753,0.9890958070755005,0.9995278120040894,0.9999991059303284,1.0,0.9977550506591797,0.005696000996977091,0.9540430903434753,0.9890958070755005,0.9995278120040894,0.9999991059303284,1.0,1.0,0.0,1.0,1.0,1.0,1.0,1.0,1.0,0.0,1.0,1.0,1.0,1.0,1.0,0.3000563085079193,0.27772414684295654,0.00021474510140251368,0.039149075746536255,0.21585965156555176,0.8391459584236145,2.6843645572662354,0.0,0.0,1.0,1.0
SC-INR-NoSinc,bsd100,102061.png,x4,x16,low,43691,False,0.041757356375455856,0.028802279382944107,7.947516860440373e-05,0.00601131422445178,0.0350121445953846,0.09801848977804184,0.110334612429142,0.42462074756622314,0.35583585500717163,0.002131133573129773,0.05163067206740379,0.3206087648868561,1.1595382690429688,2.3899271488189697,0.9999834895133972,1.9548775526345707e-05,0.9999217391014099,0.9999382495880127,0.9999921321868896,0.9999997615814209,1.0,0.9999834895133972,1.9548775526345707e-05,0.9999217391014099,0.9999382495880127,0.9999921321868896,0.9999997615814209,1.0,1.0,0.0,1.0,1.0,1.0,1.0,1.0,1.0,0.0,1.0,1.0,1.0,1.0,1.0,0.42462074756622314,0.35583585500717163,0.002131133573129773,0.05163067206740379,0.3206087648868561,1.1595382690429688,2.3899271488189697,0.0,0.0,1.0,1.0
SC-INR-NoSinc,bsd100,102061.png,x4,x16,mid,43690,False,0.25733456015586853,0.07866764813661575,0.11033841222524643,0.12301003932952881,0.2711021900177002,0.3702133595943451,0.38674190640449524,0.2554446756839752,0.1961301863193512,0.0005603044992312789,0.04325319081544876,0.21225261688232422,0.6163461208343506,2.6843645572662354,0.9995347261428833,0.0002512329665478319,0.9990392327308655,0.9991195797920227,0.9995278120040894,0.9999027848243713,0.9999217987060547,0.9995347261428833,0.0002512329665478319,0.9990392327308655,0.9991195797920227,0.9995278120040894,0.9999027848243713,0.9999217987060547,1.0,0.0,1.0,1.0,1.0,1.0,1.0,1.0,0.0,1.0,1.0,1.0,1.0,1.0,0.2554446756839752,0.1961301863193512,0.0005603044992312789,0.04325319081544876,0.21225261688232422,0.6163461208343506,2.6843645572662354,0.0,0.0,1.0,1.0
SC-INR-NoSinc,bsd100,102061.png,x4,x16,high,43691,False,0.8417240381240845,0.520133912563324,0.3867729902267456,0.4025709927082062,0.6394814252853394,2.0681629180908203,2.6994264125823975,0.2201024293899536,0.2059270441532135,0.00021474510140251368,0.030588652938604355,0.15769259631633759,0.6219737529754639,2.236659526824951,0.9937469363212585,0.008548113517463207,0.9540430903434753,0.9727418422698975,0.9973751902580261,0.998958945274353,0.9990391135215759,0.9937469363212585,0.008548113517463207,0.9540430903434753,0.9727418422698975,0.9973751902580261,0.998958945274353,0.9990391135215759,1.0,0.0,1.0,1.0,1.0,1.0,1.0,1.0,0.0,1.0,1.0,1.0,1.0,1.0,0.2201024293899536,0.2059270441532135,0.00021474510140251368,0.030588652938604355,0.15769259631633759,0.6219737529754639,2.236659526824951,0.0,0.0,1.0,1.0
SC-INR-NoSinc,bsd100,102061.png,x4,x30,all,131072,False,0.38027289509773254,0.4546813666820526,7.947516860440373e-05,0.011880552396178246,0.2711021900177002,1.3048382997512817,2.6994264125823975,0.3000563085079193,0.27772414684295654,0.00021474510140251368,0.039149075746536255,0.21585965156555176,0.8391459584236145,2.6843645572662354,0.9993588924407959,0.0016321445582434535,0.9867521524429321,0.9968910217285156,0.9998656511306763,0.9999997615814209,1.0,0.9993588924407959,0.0016321445582434535,0.9867521524429321,0.9968910217285156,0.9998656511306763,0.9999997615814209,1.0,1.0,0.0,1.0,1.0,1.0,1.0,1.0,1.0,0.0,1.0,1.0,1.0,1.0,1.0,0.3000563085079193,0.27772414684295654,0.00021474510140251368,0.039149075746536255,0.21585965156555176,0.8391459584236145,2.6843645572662354,0.0,0.0,1.0,1.0
SC-INR-NoSinc,bsd100,102061.png,x4,x30,low,43691,False,0.041757356375455856,0.028802279382944107,7.947516860440373e-05,0.00601131422445178,0.0350121445953846,0.09801848977804184,0.110334612429142,0.42462074756622314,0.35583585500717163,0.002131133573129773,0.05163067206740379,0.3206087648868561,1.1595382690429688,2.3899271488189697,0.9999953508377075,5.5621994761168025e-06,0.9999776482582092,0.9999824166297913,0.9999977946281433,0.9999999403953552,1.0,0.9999953508377075,5.5621994761168025e-06,0.9999776482582092,0.9999824166297913,0.9999977946281433,0.9999999403953552,1.0,1.0,0.0,1.0,1.0,1.0,1.0,1.0,1.0,0.0,1.0,1.0,1.0,1.0,1.0,0.42462074756622314,0.35583585500717163,0.002131133573129773,0.05163067206740379,0.3206087648868561,1.1595382690429688,2.3899271488189697,0.0,0.0,1.0,1.0
SC-INR-NoSinc,bsd100,102061.png,x4,x30,mid,43690,False,0.25733456015586853,0.07866764813661575,0.11033841222524643,0.12301003932952881,0.2711021900177002,0.3702133595943451,0.38674190640449524,0.2554446756839752,0.1961301863193512,0.0005603044992312789,0.04325319081544876,0.21225261688232422,0.6163461208343506,2.6843645572662354,0.9998676776885986,7.148143777158111e-05,0.9997265934944153,0.999749481678009,0.9998656511306763,0.9999723434448242,0.9999778270721436,0.9998676776885986,7.148143777158111e-05,0.9997265934944153,0.999749481678009,0.9998656511306763,0.9999723434448242,0.9999778270721436,1.0,0.0,1.0,1.0,1.0,1.0,1.0,1.0,0.0,1.0,1.0,1.0,1.0,1.0,0.2554446756839752,0.1961301863193512,0.0005603044992312789,0.04325319081544876,0.21225261688232422,0.6163461208343506,2.6843645572662354,0.0,0.0,1.0,1.0
SC-INR-NoSinc,bsd100,102061.png,x4,x30,high,43691,False,0.8417240381240845,0.520133912563324,0.3867729902267456,0.4025709927082062,0.6394814252853394,2.0681629180908203,2.6994264125823975,0.2201024293899536,0.2059270441532135,0.00021474510140251368,0.030588652938604355,0.15769259631633759,0.6219737529754639,2.236659526824951,0.9982136487960815,0.0024517523124814034,0.9867521524429321,0.9922006726264954,0.9992527961730957,0.9997037649154663,0.9997266530990601,0.9982136487960815,0.0024517523124814034,0.9867521524429321,0.9922006726264954,0.9992527961730957,0.9997037649154663,0.9997266530990601,1.0,0.0,1.0,1.0,1.0,1.0,1.0,1.0,0.0,1.0,1.0,1.0,1.0,1.0,0.2201024293899536,0.2059270441532135,0.00021474510140251368,0.030588652938604355,0.15769259631633759,0.6219737529754639,2.236659526824951,0.0,0.0,1.0,1.0
SC-INR-NoSinc,urban100,img_001.png,x4,x2,all,131072,False,0.39015811681747437,0.4488644301891327,7.093626481946558e-05,0.016511108726263046,0.27543607354164124,1.2503520250320435,2.6844370365142822,0.32829833030700684,0.26950669288635254,0.00031112704891711473,0.048295434564352036,0.25465625524520874,0.8551859259605408,2.6379895210266113,0.8925790190696716,0.20795294642448425,-0.04687392711639404,0.47112470865249634,0.9691476821899414,0.9998878836631775,1.0,0.8936420679092407,0.2033361792564392,6.660200142505346e-06,0.47112470865249634,0.9691476821899414,0.9998878836631775,1.0,1.0,0.0,1.0,1.0,1.0,1.0,1.0,1.0,0.0,1.0,1.0,1.0,1.0,1.0,0.32829833030700684,0.26950669288635254,0.00031112704891711473,0.048295434564352036,0.25465625524520874,0.8551859259605408,2.6379895210266113,0.02288818359375,0.0,1.0,1.0
SC-INR-NoSinc,urban100,img_001.png,x4,x2,low,43691,False,0.05500579625368118,0.035903360694646835,7.093626481946558e-05,0.007836621254682541,0.04792780801653862,0.12183434516191483,0.13410119712352753,0.43272659182548523,0.3283337652683258,0.0023451056331396103,0.06937670707702637,0.34749314188957214,1.1140189170837402,2.2962746620178223,0.9982280731201172,0.001943581155501306,0.9926235675811768,0.9939084649085999,0.9990556240081787,0.9999747276306152,1.0,0.9982280731201172,0.001943581155501306,0.9926235675811768,0.9939084649085999,0.9990556240081787,0.9999747276306152,1.0,1.0,0.0,1.0,1.0,1.0,1.0,1.0,1.0,0.0,1.0,1.0,1.0,1.0,1.0,0.43272659182548523,0.3283337652683258,0.0023451056331396103,0.06937670707702637,0.34749314188957214,1.1140189170837402,2.2962746620178223,0.0,0.0,1.0,1.0
SC-INR-NoSinc,urban100,img_001.png,x4,x2,mid,43690,False,0.26723676919937134,0.07156117260456085,0.1341024488210678,0.14716824889183044,0.27543607354164124,0.3744625747203827,0.38970986008644104,0.299692302942276,0.21413180232048035,0.00031112704891711473,0.05357351899147034,0.2556670308113098,0.6885926723480225,2.6379895210266113,0.9689524173736572,0.015107418410480022,0.9387292265892029,0.9434400200843811,0.9691476821899414,0.9911189675331116,0.9926255345344543,0.9689524173736572,0.015107418410480022,0.9387292265892029,0.9434400200843811,0.9691476821899414,0.9911189675331116,0.9926255345344543,1.0,0.0,1.0,1.0,1.0,1.0,1.0,1.0,0.0,1.0,1.0,1.0,1.0,1.0,0.299692302942276,0.21413180232048035,0.00031112704891711473,0.05357351899147034,0.2556670308113098,0.6885926723480225,2.6379895210266113,0.0,0.0,1.0,1.0
SC-INR-NoSinc,urban100,img_001.png,x4,x2,high,43691,False,0.8482290506362915,0.5106446146965027,0.3897210657596588,0.40654847025871277,0.6555012464523315,2.0638952255249023,2.6844370365142822,0.25247544050216675,0.21627025306224823,0.0006101265316829085,0.03506992757320404,0.1918521672487259,0.6761156320571899,2.5636563301086426,0.7105581760406494,0.28173431754112244,-0.04687392711639404,-0.007653558626770973,0.8340501189231873,0.9336018562316895,0.9390494227409363,0.7137472629547119,0.27355432510375977,6.660200142505346e-06,0.02134791389107704,0.8340501189231873,0.9336018562316895,0.9390494227409363,1.0,0.0,1.0,1.0,1.0,1.0,1.0,1.0,0.0,1.0,1.0,1.0,1.0,1.0,0.25247544050216675,0.21627025306224823,0.0006101265316829085,0.03506992757320404,0.1918521672487259,0.6761156320571899,2.5636563301086426,0.06866402924060822,0.0,1.0,1.0
SC-INR-NoSinc,urban100,img_001.png,x4,x4,all,131072,False,0.39015811681747437,0.4488644301891327,7.093626481946558e-05,0.016511108726263046,0.27543607354164124,1.2503520250320435,2.6844370365142822,0.32829833030700684,0.26950669288635254,0.00031112704891711473,0.048295434564352036,0.25465625524520874,0.8551859259605408,2.6379895210266113,0.9666094779968262,0.07785457372665405,0.4459054172039032,0.846878170967102,0.9922220706939697,0.9999719858169556,1.0,0.9666094779968262,0.07785457372665405,0.4459054172039032,0.846878170967102,0.9922220706939697,0.9999719858169556,1.0,1.0,0.0,1.0,1.0,1.0,1.0,1.0,1.0,0.0,1.0,1.0,1.0,1.0,1.0,0.32829833030700684,0.26950669288635254,0.00031112704891711473,0.048295434564352036,0.25465625524520874,0.8551859259605408,2.6379895210266113,0.0,0.0,1.0,1.0
SC-INR-NoSinc,urban100,img_001.png,x4,x4,low,43691,False,0.05500579625368118,0.035903360694646835,7.093626481946558e-05,0.007836621254682541,0.04792780801653862,0.12183434516191483,0.13410119712352753,0.43272659182548523,0.3283337652683258,0.0023451056331396103,0.06937670707702637,0.34749314188957214,1.1140189170837402,2.2962746620178223,0.9995565414428711,0.00048663970665074885,0.9981524348258972,0.9984747767448425,0.9997638463973999,0.9999936819076538,1.0,0.9995565414428711,0.00048663970665074885,0.9981524348258972,0.9984747767448425,0.9997638463973999,0.9999936819076538,1.0,1.0,0.0,1.0,1.0,1.0,1.0,1.0,1.0,0.0,1.0,1.0,1.0,1.0,1.0,0.43272659182548523,0.3283337652683258,0.0023451056331396103,0.06937670707702637,0.34749314188957214,1.1140189170837402,2.2962746620178223,0.0,0.0,1.0,1.0
SC-INR-NoSinc,urban100,img_001.png,x4,x4,mid,43690,False,0.26723676919937134,0.07156117260456085,0.1341024488210678,0.14716824889183044,0.27543607354164124,0.3744625747203827,0.38970986008644104,0.299692302942276,0.21413180232048035,0.00031112704891711473,0.05357351899147034,0.2556670308113098,0.6885926723480225,2.6379895210266113,0.9921581745147705,0.0038416858296841383,0.9844655394554138,0.9856551885604858,0.9922220706939697,0.9977748990058899,0.9981523752212524,0.9921581745147705,0.0038416858296841383,0.9844655394554138,0.9856551885604858,0.9922220706939697,0.9977748990058899,0.9981523752212524,1.0,0.0,1.0,1.0,1.0,1.0,1.0,1.0,0.0,1.0,1.0,1.0,1.0,1.0,0.299692302942276,0.21413180232048035,0.00031112704891711473,0.05357351899147034,0.2556670308113098,0.6885926723480225,2.6379895210266113,0.0,0.0,1.0,1.0
SC-INR-NoSinc,urban100,img_001.png,x4,x4,high,43691,False,0.8482290506362915,0.5106446146965027,0.3897210657596588,0.40654847025871277,0.6555012464523315,2.0638952255249023,2.6844370365142822,0.25247544050216675,0.21627025306224823,0.0006101265316829085,0.03506992757320404,0.1918521672487259,0.6761156320571899,2.5636563301086426,0.9081143140792847,0.1140567809343338,0.4459054172039032,0.6161446571350098,0.9564991593360901,0.9831050634384155,0.9844747185707092,0.9081143140792847,0.1140567809343338,0.4459054172039032,0.6161446571350098,0.9564991593360901,0.9831050634384155,0.9844747185707092,1.0,0.0,1.0,1.0,1.0,1.0,1.0,1.0,0.0,1.0,1.0,1.0,1.0,1.0,0.25247544050216675,0.21627025306224823,0.0006101265316829085,0.03506992757320404,0.1918521672487259,0.6761156320571899,2.5636563301086426,0.0,0.0,1.0,1.0
SC-INR-NoSinc,urban100,img_001.png,x4,x8,all,131072,False,0.39015811681747437,0.4488644301891327,7.093626481946558e-05,0.016511108726263046,0.27543607354164124,1.2503520250320435,2.6844370365142822,0.32829833030700684,0.26950669288635254,0.00031112704891711473,0.048295434564352036,0.25465625524520874,0.8551859259605408,2.6379895210266113,0.9911067485809326,0.021915849298238754,0.8278841376304626,0.9603021144866943,0.9980515241622925,0.9999930262565613,1.0,0.9911067485809326,0.021915849298238754,0.8278841376304626,0.9603021144866943,0.9980515241622925,0.9999930262565613,1.0,1.0,0.0,1.0,1.0,1.0,1.0,1.0,1.0,0.0,1.0,1.0,1.0,1.0,1.0,0.32829833030700684,0.26950669288635254,0.00031112704891711473,0.048295434564352036,0.25465625524520874,0.8551859259605408,2.6379895210266113,0.0,0.0,1.0,1.0
SC-INR-NoSinc,urban100,img_001.png,x4,x8,low,43691,False,0.05500579625368118,0.035903360694646835,7.093626481946558e-05,0.007836621254682541,0.04792780801653862,0.12183434516191483,0.13410119712352753,0.43272659182548523,0.3283337652683258,0.0023451056331396103,0.06937670707702637,0.34749314188957214,1.1140189170837402,2.2962746620178223,0.9998891353607178,0.00012170986155979335,0.9995378255844116,0.9996185302734375,0.9999409317970276,0.9999984502792358,1.0,0.9998891353607178,0.00012170986155979335,0.9995378255844116,0.9996185302734375,0.9999409317970276,0.9999984502792358,1.0,1.0,0.0,1.0,1.0,1.0,1.0,1.0,1.0,0.0,1.0,1.0,1.0,1.0,1.0,0.43272659182548523,0.3283337652683258,0.0023451056331396103,0.06937670707702637,0.34749314188957214,1.1140189170837402,2.2962746620178223,0.0,0.0,1.0,1.0
SC-INR-NoSinc,urban100,img_001.png,x4,x8,mid,43690,False,0.26723676919937134,0.07156117260456085,0.1341024488210678,0.14716824889183044,0.27543607354164124,0.3744625747203827,0.38970986008644104,0.299692302942276,0.21413180232048035,0.00031112704891711473,0.05357351899147034,0.2556670308113098,0.6885926723480225,2.6379895210266113,0.9980345368385315,0.0009645140962675214,0.996101975440979,0.9964005947113037,0.9980515241622925,0.9994434118270874,0.9995378851890564,0.9980345368385315,0.0009645140962675214,0.996101975440979,0.9964005947113037,0.9980515241622925,0.9994434118270874,0.9995378851890564,1.0,0.0,1.0,1.0,1.0,1.0,1.0,1.0,0.0,1.0,1.0,1.0,1.0,1.0,0.299692302942276,0.21413180232048035,0.00031112704891711473,0.05357351899147034,0.2556670308113098,0.6885926723480225,2.6379895210266113,0.0,0.0,1.0,1.0
SC-INR-NoSinc,urban100,img_001.png,x4,x8,high,43691,False,0.8482290506362915,0.5106446146965027,0.3897210657596588,0.40654847025871277,0.6555012464523315,2.0638952255249023,2.6844370365142822,0.25247544050216675,0.21627025306224823,0.0006101265316829085,0.03506992757320404,0.1918521672487259,0.6761156320571899,2.5636563301086426,0.9753967523574829,0.03268073499202728,0.8278841376304626,0.894058108329773,0.9890016913414001,0.9957581758499146,0.9961016774177551,0.9753967523574829,0.03268073499202728,0.8278841376304626,0.894058108329773,0.9890016913414001,0.9957581758499146,0.9961016774177551,1.0,0.0,1.0,1.0,1.0,1.0,1.0,1.0,0.0,1.0,1.0,1.0,1.0,1.0,0.25247544050216675,0.21627025306224823,0.0006101265316829085,0.03506992757320404,0.1918521672487259,0.6761156320571899,2.5636563301086426,0.0,0.0,1.0,1.0
SC-INR-NoSinc,urban100,img_001.png,x4,x16,all,131072,False,0.39015811681747437,0.4488644301891327,7.093626481946558e-05,0.016511108726263046,0.27543607354164124,1.2503520250320435,2.6844370365142822,0.32829833030700684,0.26950669288635254,0.00031112704891711473,0.048295434564352036,0.25465625524520874,0.8551859259605408,2.6379895210266113,0.997739851474762,0.005650784354656935,0.9545394778251648,0.989984929561615,0.9995126724243164,0.9999982714653015,1.0,0.997739851474762,0.005650784354656935,0.9545394778251648,0.989984929561615,0.9995126724243164,0.9999982714653015,1.0,1.0,0.0,1.0,1.0,1.0,1.0,1.0,1.0,0.0,1.0,1.0,1.0,1.0,1.0,0.32829833030700684,0.26950669288635254,0.00031112704891711473,0.048295434564352036,0.25465625524520874,0.8551859259605408,2.6379895210266113,0.0,0.0,1.0,1.0
SC-INR-NoSinc,urban100,img_001.png,x4,x16,low,43691,False,0.05500579625368118,0.035903360694646835,7.093626481946558e-05,0.007836621254682541,0.04792780801653862,0.12183434516191483,0.13410119712352753,0.43272659182548523,0.3283337652683258,0.0023451056331396103,0.06937670707702637,0.34749314188957214,1.1140189170837402,2.2962746620178223,0.9999722838401794,3.0431263439822942e-05,0.9998844265937805,0.9999046325683594,0.9999852776527405,0.9999995827674866,1.0,0.9999722838401794,3.0431263439822942e-05,0.9998844265937805,0.9999046325683594,0.9999852776527405,0.9999995827674866,1.0,1.0,0.0,1.0,1.0,1.0,1.0,1.0,1.0,0.0,1.0,1.0,1.0,1.0,1.0,0.43272659182548523,0.3283337652683258,0.0023451056331396103,0.06937670707702637,0.34749314188957214,1.1140189170837402,2.2962746620178223,0.0,0.0,1.0,1.0
SC-INR-NoSinc,urban100,img_001.png,x4,x16,mid,43690,False,0.26723676919937134,0.07156117260456085,0.1341024488210678,0.14716824889183044,0.27543607354164124,0.3744625747203827,0.38970986008644104,0.299692302942276,0.21413180232048035,0.00031112704891711473,0.05357351899147034,0.2556670308113098,0.6885926723480225,2.6379895210266113,0.9995083212852478,0.00024138373555615544,0.999024510383606,0.9990992546081543,0.9995126724243164,0.9998608231544495,0.9998844861984253,0.9995083212852478,0.00024138373555615544,0.999024510383606,0.9990992546081543,0.9995126724243164,0.9998608231544495,0.9998844861984253,1.0,0.0,1.0,1.0,1.0,1.0,1.0,1.0,0.0,1.0,1.0,1.0,1.0,1.0,0.299692302942276,0.21413180232048035,0.00031112704891711473,0.05357351899147034,0.2556670308113098,0.6885926723480225,2.6379895210266113,0.0,0.0,1.0,1.0
SC-INR-NoSinc,urban100,img_001.png,x4,x16,high,43691,False,0.8482290506362915,0.5106446146965027,0.3897210657596588,0.40654847025871277,0.6555012464523315,2.0638952255249023,2.6844370365142822,0.25247544050216675,0.21627025306224823,0.0006101265316829085,0.03506992757320404,0.1918521672487259,0.6761156320571899,2.5636563301086426,0.9937388896942139,0.008462599478662014,0.9545394778251648,0.9728533029556274,0.9972418546676636,0.9989383220672607,0.9990243911743164,0.9937388896942139,0.008462599478662014,0.9545394778251648,0.9728533029556274,0.9972418546676636,0.9989383220672607,0.9990243911743164,1.0,0.0,1.0,1.0,1.0,1.0,1.0,1.0,0.0,1.0,1.0,1.0,1.0,1.0,0.25247544050216675,0.21627025306224823,0.0006101265316829085,0.03506992757320404,0.1918521672487259,0.6761156320571899,2.5636563301086426,0.0,0.0,1.0,1.0
SC-INR-NoSinc,urban100,img_001.png,x4,x30,all,131072,False,0.39015811681747437,0.4488644301891327,7.093626481946558e-05,0.016511108726263046,0.27543607354164124,1.2503520250320435,2.6844370365142822,0.32829833030700684,0.26950669288635254,0.00031112704891711473,0.048295434564352036,0.25465625524520874,0.8551859259605408,2.6379895210266113,0.9993546009063721,0.0016193334013223648,0.986897885799408,0.9971451163291931,0.9998613595962524,0.9999995231628418,1.0,0.9993546009063721,0.0016193334013223648,0.986897885799408,0.9971451163291931,0.9998613595962524,0.9999995231628418,1.0,1.0,0.0,1.0,1.0,1.0,1.0,1.0,1.0,0.0,1.0,1.0,1.0,1.0,1.0,0.32829833030700684,0.26950669288635254,0.00031112704891711473,0.048295434564352036,0.25465625524520874,0.8551859259605408,2.6379895210266113,0.0,0.0,1.0,1.0
SC-INR-NoSinc,urban100,img_001.png,x4,x30,low,43691,False,0.05500579625368118,0.035903360694646835,7.093626481946558e-05,0.007836621254682541,0.04792780801653862,0.12183434516191483,0.13410119712352753,0.43272659182548523,0.3283337652683258,0.0023451056331396103,0.06937670707702637,0.34749314188957214,1.1140189170837402,2.2962746620178223,0.9999921321868896,8.658090337121394e-06,0.999967098236084,0.9999728798866272,0.999995768070221,0.9999998807907104,1.0,0.9999921321868896,8.658090337121394e-06,0.999967098236084,0.9999728798866272,0.999995768070221,0.9999998807907104,1.0,1.0,0.0,1.0,1.0,1.0,1.0,1.0,1.0,0.0,1.0,1.0,1.0,1.0,1.0,0.43272659182548523,0.3283337652683258,0.0023451056331396103,0.06937670707702637,0.34749314188957214,1.1140189170837402,2.2962746620178223,0.0,0.0,1.0,1.0
SC-INR-NoSinc,urban100,img_001.png,x4,x30,mid,43690,False,0.26723676919937134,0.07156117260456085,0.1341024488210678,0.14716824889183044,0.27543607354164124,0.3744625747203827,0.38970986008644104,0.299692302942276,0.21413180232048035,0.00031112704891711473,0.05357351899147034,0.2556670308113098,0.6885926723480225,2.6379895210266113,0.9998600482940674,6.868097261758521e-05,0.999722421169281,0.9997437000274658,0.9998613595962524,0.9999604225158691,0.9999672174453735,0.9998600482940674,6.868097261758521e-05,0.999722421169281,0.9997437000274658,0.9998613595962524,0.9999604225158691,0.9999672174453735,1.0,0.0,1.0,1.0,1.0,1.0,1.0,1.0,0.0,1.0,1.0,1.0,1.0,1.0,0.299692302942276,0.21413180232048035,0.00031112704891711473,0.05357351899147034,0.2556670308113098,0.6885926723480225,2.6379895210266113,0.0,0.0,1.0,1.0
SC-INR-NoSinc,urban100,img_001.png,x4,x30,high,43691,False,0.8482290506362915,0.5106446146965027,0.3897210657596588,0.40654847025871277,0.6555012464523315,2.0638952255249023,2.6844370365142822,0.25247544050216675,0.21627025306224823,0.0006101265316829085,0.03506992757320404,0.1918521672487259,0.6761156320571899,2.5636563301086426,0.9982114434242249,0.0024275663308799267,0.986897885799408,0.9922327399253845,0.9992149472236633,0.9996979236602783,0.999722421169281,0.9982114434242249,0.0024275663308799267,0.986897885799408,0.9922327399253845,0.9992149472236633,0.9996979236602783,0.999722421169281,1.0,0.0,1.0,1.0,1.0,1.0,1.0,1.0,0.0,1.0,1.0,1.0,1.0,1.0,0.25247544050216675,0.21627025306224823,0.0006101265316829085,0.03506992757320404,0.1918521672487259,0.6761156320571899,2.5636563301086426,0.0,0.0,1.0,1.0
SC-INR-NoSinc,urban100,img_002.png,x4,x2,all,131072,False,0.4009740352630615,0.4513539969921112,0.00021488478523679078,0.02258985862135887,0.2756248414516449,1.2443023920059204,2.726205825805664,0.35317879915237427,0.26186197996139526,0.0003457740822341293,0.05853285267949104,0.28887566924095154,0.8673060536384583,2.6768574714660645,0.8900490999221802,0.20949755609035492,-0.04669474437832832,0.47662442922592163,0.9691109657287598,0.9997901320457458,1.0,0.8915683031082153,0.202935129404068,4.6571140046580695e-06,0.47662442922592163,0.9691109657287598,0.9997901320457458,1.0,1.0,0.0,1.0,1.0,1.0,1.0,1.0,1.0,0.0,1.0,1.0,1.0,1.0,1.0,0.35317879915237427,0.26186197996139526,0.0003457740822341293,0.05853285267949104,0.28887566924095154,0.8673060536384583,2.6768574714660645,0.0286865234375,0.0,1.0,1.0
SC-INR-NoSinc,urban100,img_002.png,x4,x2,low,43691,False,0.06775154918432236,0.04096149280667305,0.00021488478523679078,0.011152148246765137,0.06177577003836632,0.14059406518936157,0.15257173776626587,0.43047231435775757,0.30004754662513733,0.0014184992760419846,0.07932955026626587,0.3576637804508209,1.038395881652832,2.1003410816192627,0.9974270462989807,0.002597969491034746,0.9904555678367615,0.9918951392173767,0.998431384563446,0.9999488592147827,1.0,0.9974270462989807,0.002597969491034746,0.9904555678367615,0.9918951392173767,0.998431384563446,0.9999488592147827,1.0,1.0,0.0,1.0,1.0,1.0,1.0,1.0,1.0,0.0,1.0,1.0,1.0,1.0,1.0,0.43047231435775757,0.30004754662513733,0.0014184992760419846,0.07932955026626587,0.3576637804508209,1.038395881652832,2.1003410816192627,0.0,0.0,1.0,1.0
SC-INR-NoSinc,urban100,img_002.png,x4,x2,mid,43690,False,0.27389392256736755,0.06945586949586868,0.1525733470916748,0.16477622091770172,0.2756248414516449,0.38558557629585266,0.40075090527534485,0.3290909230709076,0.2202693074941635,0.0003457740822341293,0.06480038911104202,0.28341376781463623,0.7434249520301819,2.311701536178589,0.9676245450973511,0.015387787483632565,0.9352763891220093,0.9401388168334961,0.9691109657287598,0.9888758063316345,0.9904630780220032,0.9676245450973511,0.015387787483632565,0.9352763891220093,0.9401388168334961,0.9691109657287598,0.9888758063316345,0.9904630780220032,1.0,0.0,1.0,1.0,1.0,1.0,1.0,1.0,0.0,1.0,1.0,1.0,1.0,1.0,0.3290909230709076,0.2202693074941635,0.0003457740822341293,0.06480038911104202,0.28341376781463623,0.7434249520301819,2.311701536178589,0.0,0.0,1.0,1.0
SC-INR-NoSinc,urban100,img_002.png,x4,x2,high,43691,False,0.8612736463546753,0.5153570175170898,0.40075913071632385,0.4161410629749298,0.6643003821372986,2.079751491546631,2.726205825805664,0.29997262358665466,0.24037915468215942,0.0012098674196749926,0.04466013237833977,0.23574689030647278,0.7734344601631165,2.6768574714660645,0.7050976753234863,0.28225573897361755,-0.04669474437832832,-0.02557467855513096,0.8298197388648987,0.930525541305542,0.9356583952903748,0.7096551060676575,0.27059313654899597,4.6571140046580695e-06,0.029851730912923813,0.8298197388648987,0.930525541305542,0.9356583952903748,1.0,0.0,1.0,1.0,1.0,1.0,1.0,1.0,0.0,1.0,1.0,1.0,1.0,1.0,0.29997262358665466,0.24037915468215942,0.0012098674196749926,0.04466013237833977,0.23574689030647278,0.7734344601631165,2.6768574714660645,0.08605891466140747,0.0,1.0,1.0
SC-INR-NoSinc,urban100,img_002.png,x4,x4,all,131072,False,0.4009740352630615,0.4513539969921112,0.00021488478523679078,0.02258985862135887,0.2756248414516449,1.2443023920059204,2.726205825805664,0.35317879915237427,0.26186197996139526,0.0003457740822341293,0.05853285267949104,0.28887566924095154,0.8673060536384583,2.6768574714660645,0.9656805992126465,0.07950202375650406,0.43391403555870056,0.8485558032989502,0.9922114610671997,0.9999475479125977,1.0,0.9656805992126465,0.07950202375650406,0.43391403555870056,0.8485558032989502,0.9922114610671997,0.9999475479125977,1.0,1.0,0.0,1.0,1.0,1.0,1.0,1.0,1.0,0.0,1.0,1.0,1.0,1.0,1.0,0.35317879915237427,0.26186197996139526,0.0003457740822341293,0.05853285267949104,0.28887566924095154,0.8673060536384583,2.6768574714660645,0.0,0.0,1.0,1.0
SC-INR-NoSinc,urban100,img_002.png,x4,x4,low,43691,False,0.06775154918432236,0.04096149280667305,0.00021488478523679078,0.011152148246765137,0.06177577003836632,0.14059406518936157,0.15257173776626587,0.43047231435775757,0.30004754662513733,0.0014184992760419846,0.07932955026626587,0.3576637804508209,1.038395881652832,2.1003410816192627,0.9993559122085571,0.0006508201477117836,0.9976086020469666,0.997969388961792,0.9996076822280884,0.9999872446060181,1.0,0.9993559122085571,0.0006508201477117836,0.9976086020469666,0.997969388961792,0.9996076822280884,0.9999872446060181,1.0,1.0,0.0,1.0,1.0,1.0,1.0,1.0,1.0,0.0,1.0,1.0,1.0,1.0,1.0,0.43047231435775757,0.30004754662513733,0.0014184992760419846,0.07932955026626587,0.3576637804508209,1.038395881652832,2.1003410816192627,0.0,0.0,1.0,1.0
SC-INR-NoSinc,urban100,img_002.png,x4,x4,mid,43690,False,0.27389392256736755,0.06945586949586868,0.1525733470916748,0.16477622091770172,0.2756248414516449,0.38558557629585266,0.40075090527534485,0.3290909230709076,0.2202693074941635,0.0003457740822341293,0.06480038911104202,0.28341376781463623,0.7434249520301819,2.311701536178589,0.9918203949928284,0.003917917609214783,0.9835761189460754,0.9847930073738098,0.9922114610671997,0.997211217880249,0.99760901927948,0.9918203949928284,0.003917917609214783,0.9835761189460754,0.9847930073738098,0.9922114610671997,0.997211217880249,0.99760901927948,1.0,0.0,1.0,1.0,1.0,1.0,1.0,1.0,0.0,1.0,1.0,1.0,1.0,1.0,0.3290909230709076,0.2202693074941635,0.0003457740822341293,0.06480038911104202,0.28341376781463623,0.7434249520301819,2.311701536178589,0.0,0.0,1.0,1.0
SC-INR-NoSinc,urban100,img_002.png,x4,x4,high,43691,False,0.8612736463546753,0.5153570175170898,0.40075913071632385,0.4161410629749298,0.6643003821372986,2.079751491546631,2.726205825805664,0.29997262358665466,0.24037915468215942,0.0012098674196749926,0.04466013237833977,0.23574689030647278,0.7734344601631165,2.6768574714660645,0.905866265296936,0.11640766263008118,0.43391403555870056,0.6110260486602783,0.955354630947113,0.9823077917098999,0.9835935831069946,0.905866265296936,0.11640766263008118,0.43391403555870056,0.6110260486602783,0.955354630947113,0.9823077917098999,0.9835935831069946,1.0,0.0,1.0,1.0,1.0,1.0,1.0,1.0,0.0,1.0,1.0,1.0,1.0,1.0,0.29997262358665466,0.24037915468215942,0.0012098674196749926,0.04466013237833977,0.23574689030647278,0.7734344601631165,2.6768574714660645,0.0,0.0,1.0,1.0
SC-INR-NoSinc,urban100,img_002.png,x4,x8,all,131072,False,0.4009740352630615,0.4513539969921112,0.00021488478523679078,0.02258985862135887,0.2756248414516449,1.2443023920059204,2.726205825805664,0.35317879915237427,0.26186197996139526,0.0003457740822341293,0.05853285267949104,0.28887566924095154,0.8673060536384583,2.6768574714660645,0.9908419251441956,0.022507382556796074,0.8229159116744995,0.9606791734695435,0.998048722743988,0.9999868869781494,1.0,0.9908419251441956,0.022507382556796074,0.8229159116744995,0.9606791734695435,0.998048722743988,0.9999868869781494,1.0,1.0,0.0,1.0,1.0,1.0,1.0,1.0,1.0,0.0,1.0,1.0,1.0,1.0,1.0,0.35317879915237427,0.26186197996139526,0.0003457740822341293,0.05853285267949104,0.28887566924095154,0.8673060536384583,2.6768574714660645,0.0,0.0,1.0,1.0
SC-INR-NoSinc,urban100,img_002.png,x4,x8,low,43691,False,0.06775154918432236,0.04096149280667305,0.00021488478523679078,0.011152148246765137,0.06177577003836632,0.14059406518936157,0.15257173776626587,0.43047231435775757,0.30004754662513733,0.0014184992760419846,0.07932955026626587,0.3576637804508209,1.038395881652832,2.1003410816192627,0.9998388886451721,0.00016279063129331917,0.9994018077850342,0.9994920492172241,0.9999019503593445,0.9999967813491821,1.0,0.9998388886451721,0.00016279063129331917,0.9994018077850342,0.9994920492172241,0.9999019503593445,0.9999967813491821,1.0,1.0,0.0,1.0,1.0,1.0,1.0,1.0,1.0,0.0,1.0,1.0,1.0,1.0,1.0,0.43047231435775757,0.30004754662513733,0.0014184992760419846,0.07932955026626587,0.3576637804508209,1.038395881652832,2.1003410816192627,0.0,0.0,1.0,1.0
SC-INR-NoSinc,urban100,img_002.png,x4,x8,mid,43690,False,0.27389392256736755,0.06945586949586868,0.1525733470916748,0.16477622091770172,0.2756248414516449,0.38558557629585266,0.40075090527534485,0.3290909230709076,0.2202693074941635,0.0003457740822341293,0.06480038911104202,0.28341376781463623,0.7434249520301819,2.311701536178589,0.9979496598243713,0.0009839630220085382,0.9958780407905579,0.9961841702461243,0.998048722743988,0.999302327632904,0.9994018077850342,0.9979496598243713,0.0009839630220085382,0.9958780407905579,0.9961841702461243,0.998048722743988,0.999302327632904,0.9994018077850342,1.0,0.0,1.0,1.0,1.0,1.0,1.0,1.0,0.0,1.0,1.0,1.0,1.0,1.0,0.3290909230709076,0.2202693074941635,0.0003457740822341293,0.06480038911104202,0.28341376781463623,0.7434249520301819,2.311701536178589,0.0,0.0,1.0,1.0
SC-INR-NoSinc,urban100,img_002.png,x4,x8,high,43691,False,0.8612736463546753,0.5153570175170898,0.40075913071632385,0.4161410629749298,0.6643003821372986,2.079751491546631,2.726205825805664,0.29997262358665466,0.24037915468215942,0.0012098674196749926,0.04466013237833977,0.23574689030647278,0.7734344601631165,2.6768574714660645,0.9747373461723328,0.03358451649546623,0.8229159116744995,0.8924789428710938,0.9887051582336426,0.9955559968948364,0.9958780407905579,0.9747373461723328,0.03358451649546623,0.8229159116744995,0.8924789428710938,0.9887051582336426,0.9955559968948364,0.9958780407905579,1.0,0.0,1.0,1.0,1.0,1.0,1.0,1.0,0.0,1.0,1.0,1.0,1.0,1.0,0.29997262358665466,0.24037915468215942,0.0012098674196749926,0.04466013237833977,0.23574689030647278,0.7734344601631165,2.6768574714660645,0.0,0.0,1.0,1.0
SC-INR-NoSinc,urban100,img_002.png,x4,x16,all,131072,False,0.4009740352630615,0.4513539969921112,0.00021488478523679078,0.02258985862135887,0.2756248414516449,1.2443023920059204,2.726205825805664,0.35317879915237427,0.26186197996139526,0.0003457740822341293,0.05853285267949104,0.28887566924095154,0.8673060536384583,2.6768574714660645,0.9976712465286255,0.00581256253644824,0.9531423449516296,0.9900813102722168,0.9995119571685791,0.9999967217445374,1.0,0.9976712465286255,0.00581256253644824,0.9531423449516296,0.9900813102722168,0.9995119571685791,0.9999967217445374,1.0,1.0,0.0,1.0,1.0,1.0,1.0,1.0,1.0,0.0,1.0,1.0,1.0,1.0,1.0,0.35317879915237427,0.26186197996139526,0.0003457740822341293,0.05853285267949104,0.28887566924095154,0.8673060536384583,2.6768574714660645,0.0,0.0,1.0,1.0
SC-INR-NoSinc,urban100,img_002.png,x4,x16,low,43691,False,0.06775154918432236,0.04096149280667305,0.00021488478523679078,0.011152148246765137,0.06177577003836632,0.14059406518936157,0.15257173776626587,0.43047231435775757,0.30004754662513733,0.0014184992760419846,0.07932955026626587,0.3576637804508209,1.038395881652832,2.1003410816192627,0.9999597668647766,4.070427530677989e-05,0.9998503923416138,0.9998729825019836,0.9999755024909973,0.9999992251396179,1.0,0.9999597668647766,4.070427530677989e-05,0.9998503923416138,0.9998729825019836,0.9999755024909973,0.9999992251396179,1.0,1.0,0.0,1.0,1.0,1.0,1.0,1.0,1.0,0.0,1.0,1.0,1.0,1.0,1.0,0.43047231435775757,0.30004754662513733,0.0014184992760419846,0.07932955026626587,0.3576637804508209,1.038395881652832,2.1003410816192627,0.0,0.0,1.0,1.0
SC-INR-NoSinc,urban100,img_002.png,x4,x16,mid,43690,False,0.27389392256736755,0.06945586949586868,0.1525733470916748,0.16477622091770172,0.2756248414516449,0.38558557629585266,0.40075090527534485,0.3290909230709076,0.2202693074941635,0.0003457740822341293,0.06480038911104202,0.28341376781463623,0.7434249520301819,2.311701536178589,0.9994871616363525,0.0002462704142089933,0.9989684224128723,0.9990450143814087,0.9995119571685791,0.9998255372047424,0.9998505115509033,0.9994871616363525,0.0002462704142089933,0.9989684224128723,0.9990450143814087,0.9995119571685791,0.9998255372047424,0.9998505115509033,1.0,0.0,1.0,1.0,1.0,1.0,1.0,1.0,0.0,1.0,1.0,1.0,1.0,1.0,0.3290909230709076,0.2202693074941635,0.0003457740822341293,0.06480038911104202,0.28341376781463623,0.7434249520301819,2.311701536178589,0.0,0.0,1.0,1.0
SC-INR-NoSinc,urban100,img_002.png,x4,x16,high,43691,False,0.8612736463546753,0.5153570175170898,0.40075913071632385,0.4161410629749298,0.6643003821372986,2.079751491546631,2.726205825805664,0.29997262358665466,0.24037915468215942,0.0012098674196749926,0.04466013237833977,0.23574689030647278,0.7734344601631165,2.6768574714660645,0.9935670495033264,0.008712952956557274,0.9531423449516296,0.9724380970001221,0.9971675276756287,0.9988876581192017,0.9989684224128723,0.9935670495033264,0.008712952956557274,0.9531423449516296,0.9724380970001221,0.9971675276756287,0.9988876581192017,0.9989684224128723,1.0,0.0,1.0,1.0,1.0,1.0,1.0,1.0,0.0,1.0,1.0,1.0,1.0,1.0,0.29997262358665466,0.24037915468215942,0.0012098674196749926,0.04466013237833977,0.23574689030647278,0.7734344601631165,2.6768574714660645,0.0,0.0,1.0,1.0
SC-INR-NoSinc,urban100,img_002.png,x4,x30,all,131072,False,0.4009740352630615,0.4513539969921112,0.00021488478523679078,0.02258985862135887,0.2756248414516449,1.2443023920059204,2.726205825805664,0.35317879915237427,0.26186197996139526,0.0003457740822341293,0.05853285267949104,0.28887566924095154,0.8673060536384583,2.6768574714660645,0.9993349313735962,0.0016663441201671958,0.9864892959594727,0.9971725940704346,0.9998611807823181,0.9999990463256836,1.0,0.9993349313735962,0.0016663441201671958,0.9864892959594727,0.9971725940704346,0.9998611807823181,0.9999990463256836,1.0,1.0,0.0,1.0,1.0,1.0,1.0,1.0,1.0,0.0,1.0,1.0,1.0,1.0,1.0,0.35317879915237427,0.26186197996139526,0.0003457740822341293,0.05853285267949104,0.28887566924095154,0.8673060536384583,2.6768574714660645,0.0,0.0,1.0,1.0
SC-INR-NoSinc,urban100,img_002.png,x4,x30,low,43691,False,0.06775154918432236,0.04096149280667305,0.00021488478523679078,0.011152148246765137,0.06177577003836632,0.14059406518936157,0.15257173776626587,0.43047231435775757,0.30004754662513733,0.0014184992760419846,0.07932955026626587,0.3576637804508209,1.038395881652832,2.1003410816192627,0.9999885559082031,1.1579892998270225e-05,0.9999574422836304,0.9999638795852661,0.9999930262565613,0.9999997615814209,1.0,0.9999885559082031,1.1579892998270225e-05,0.9999574422836304,0.9999638795852661,0.9999930262565613,0.9999997615814209,1.0,1.0,0.0,1.0,1.0,1.0,1.0,1.0,1.0,0.0,1.0,1.0,1.0,1.0,1.0,0.43047231435775757,0.30004754662513733,0.0014184992760419846,0.07932955026626587,0.3576637804508209,1.038395881652832,2.1003410816192627,0.0,0.0,1.0,1.0
SC-INR-NoSinc,urban100,img_002.png,x4,x30,mid,43690,False,0.27389392256736755,0.06945586949586868,0.1525733470916748,0.16477622091770172,0.2756248414516449,0.38558557629585266,0.40075090527534485,0.3290909230709076,0.2202693074941635,0.0003457740822341293,0.06480038911104202,0.28341376781463623,0.7434249520301819,2.311701536178589,0.9998540878295898,7.007217936916277e-05,0.9997064471244812,0.999728262424469,0.9998611807823181,0.9999503493309021,0.9999575018882751,0.9998540878295898,7.007217936916277e-05,0.9997064471244812,0.999728262424469,0.9998611807823181,0.9999503493309021,0.9999575018882751,1.0,0.0,1.0,1.0,1.0,1.0,1.0,1.0,0.0,1.0,1.0,1.0,1.0,1.0,0.3290909230709076,0.2202693074941635,0.0003457740822341293,0.06480038911104202,0.28341376781463623,0.7434249520301819,2.311701536178589,0.0,0.0,1.0,1.0
SC-INR-NoSinc,urban100,img_002.png,x4,x30,high,43691,False,0.8612736463546753,0.5153570175170898,0.40075913071632385,0.4161410629749298,0.6643003821372986,2.079751491546631,2.726205825805664,0.29997262358665466,0.24037915468215942,0.0012098674196749926,0.04466013237833977,0.23574689030647278,0.7734344601631165,2.6768574714660645,0.9981620907783508,0.0025005231145769358,0.9864892959594727,0.9921132326126099,0.9991936683654785,0.9996834993362427,0.999706506729126,0.9981620907783508,0.0025005231145769358,0.9864892959594727,0.9921132326126099,0.9991936683654785,0.9996834993362427,0.999706506729126,1.0,0.0,1.0,1.0,1.0,1.0,1.0,1.0,0.0,1.0,1.0,1.0,1.0,1.0,0.29997262358665466,0.24037915468215942,0.0012098674196749926,0.04466013237833977,0.23574689030647278,0.7734344601631165,2.6768574714660645,0.0,0.0,1.0,1.0
SC-INR-NoSinc,urban100,img_003.png,x4,x2,all,131072,False,0.4020872712135315,0.4431855380535126,0.0002286917733727023,0.02690485119819641,0.2770840525627136,1.2387267351150513,2.697474956512451,0.3718263506889343,0.26670485734939575,0.00013232910714577883,0.0659741535782814,0.30927959084510803,0.8936200141906738,3.486074447631836,0.8905708193778992,0.20732364058494568,-0.04719502851366997,0.47894933819770813,0.9687806367874146,0.9997022747993469,1.0,0.8916639089584351,0.20257070660591125,6.098938683862798e-06,0.47894933819770813,0.9687806367874146,0.9997022747993469,1.0,1.0,0.0,1.0,1.0,1.0,1.0,1.0,1.0,0.0,1.0,1.0,1.0,1.0,1.0,0.3718263506889343,0.26670485734939575,0.00013232910714577883,0.0659741535782814,0.30927959084510803,0.8936200141906738,3.486074447631836,0.021209716796875,0.0,1.0,1.0
SC-INR-NoSinc,urban100,img_003.png,x4,x2,low,43691,False,0.07413911074399948,0.04211842268705368,0.0002286917733727023,0.013995284214615822,0.06915745139122009,0.14759452641010284,0.1588142216205597,0.4559170603752136,0.30367833375930786,0.001125302049331367,0.08728840947151184,0.3914148211479187,1.0667665004730225,3.486074447631836,0.9970159530639648,0.0028421052265912294,0.9896628856658936,0.9910728931427002,0.9980347156524658,0.9999194741249084,1.0,0.9970159530639648,0.0028421052265912294,0.9896628856658936,0.9910728931427002,0.9980347156524658,0.9999194741249084,1.0,1.0,0.0,1.0,1.0,1.0,1.0,1.0,1.0,0.0,1.0,1.0,1.0,1.0,1.0,0.4559170603752136,0.30367833375930786,0.001125302049331367,0.08728840947151184,0.3914148211479187,1.0667665004730225,3.486074447631836,0.0,0.0,1.0,1.0
SC-INR-NoSinc,urban100,img_003.png,x4,x2,mid,43690,False,0.2764340341091156,0.06789205223321915,0.158823162317276,0.1698712557554245,0.2770840525627136,0.385684072971344,0.4022741913795471,0.355689138174057,0.232042595744133,0.00036880632978864014,0.07439335435628891,0.3124307096004486,0.7826578617095947,2.22003436088562,0.9671432375907898,0.01519346609711647,0.9347772598266602,0.9401084780693054,0.9687806367874146,0.9881837964057922,0.9896661043167114,0.9671432375907898,0.01519346609711647,0.9347772598266602,0.9401084780693054,0.9687806367874146,0.9881837964057922,0.9896661043167114,1.0,0.0,1.0,1.0,1.0,1.0,1.0,1.0,0.0,1.0,1.0,1.0,1.0,1.0,0.355689138174057,0.232042595744133,0.00036880632978864014,0.07439335435628891,0.3124307096004486,0.7826578617095947,2.22003436088562,0.0,0.0,1.0,1.0
SC-INR-NoSinc,urban100,img_003.png,x4,x2,high,43691,False,0.8556857109069824,0.5037485361099243,0.40227609872817993,0.41998404264450073,0.6619402170181274,2.069659948348999,2.697474956512451,0.3038724362850189,0.23533034324645996,0.00013232910714577883,0.05043594911694527,0.24170325696468353,0.7655777335166931,2.4880692958831787,0.7075548768043518,0.27932196855545044,-0.04719502851366997,-0.007393789477646351,0.83085697889328,0.9292060136795044,0.935178816318512,0.710834264755249,0.27086782455444336,6.098938683862798e-06,0.024001218378543854,0.83085697889328,0.9292060136795044,0.935178816318512,1.0,0.0,1.0,1.0,1.0,1.0,1.0,1.0,0.0,1.0,1.0,1.0,1.0,1.0,0.3038724362850189,0.23533034324645996,0.00013232910714577883,0.05043594911694527,0.24170325696468353,0.7655777335166931,2.4880692958831787,0.0636286661028862,0.0,1.0,1.0
SC-INR-NoSinc,urban100,img_003.png,x4,x4,all,131072,False,0.4020872712135315,0.4431855380535126,0.0002286917733727023,0.02690485119819641,0.2770840525627136,1.2387267351150513,2.697474956512451,0.3718263506889343,0.26670485734939575,0.00013232910714577883,0.0659741535782814,0.30927959084510803,0.8936200141906738,3.486074447631836,0.9661350846290588,0.07745318114757538,0.44170063734054565,0.8496112823486328,0.9921293258666992,0.9999255537986755,1.0,0.9661350846290588,0.07745318114757538,0.44170063734054565,0.8496112823486328,0.9921293258666992,0.9999255537986755,1.0,1.0,0.0,1.0,1.0,1.0,1.0,1.0,1.0,0.0,1.0,1.0,1.0,1.0,1.0,0.3718263506889343,0.26670485734939575,0.00013232910714577883,0.0659741535782814,0.30927959084510803,0.8936200141906738,3.486074447631836,0.0,0.0,1.0,1.0
SC-INR-NoSinc,urban100,img_003.png,x4,x4,low,43691,False,0.07413911074399948,0.04211842268705368,0.0002286917733727023,0.013995284214615822,0.06915745139122009,0.14759452641010284,0.1588142216205597,0.4559170603752136,0.30367833375930786,0.001125302049331367,0.08728840947151184,0.3914148211479187,1.0667665004730225,3.486074447631836,0.9992529153823853,0.0007121231174096465,0.9974095225334167,0.9977624416351318,0.9995083212852478,0.9999798536300659,1.0,0.9992529153823853,0.0007121231174096465,0.9974095225334167,0.9977624416351318,0.9995083212852478,0.9999798536300659,1.0,1.0,0.0,1.0,1.0,1.0,1.0,1.0,1.0,0.0,1.0,1.0,1.0,1.0,1.0,0.4559170603752136,0.30367833375930786,0.001125302049331367,0.08728840947151184,0.3914148211479187,1.0667665004730225,3.486074447631836,0.0,0.0,1.0,1.0
SC-INR-NoSinc,urban100,img_003.png,x4,x4,mid,43690,False,0.2764340341091156,0.06789205223321915,0.158823162317276,0.1698712557554245,0.2770840525627136,0.385684072971344,0.4022741913795471,0.355689138174057,0.232042595744133,0.00036880632978864014,0.07439335435628891,0.3124307096004486,0.7826578617095947,2.22003436088562,0.9916991591453552,0.0038689987268298864,0.9834480881690979,0.9847849011421204,0.9921293258666992,0.9970365166664124,0.997408926486969,0.9916991591453552,0.0038689987268298864,0.9834480881690979,0.9847849011421204,0.9921293258666992,0.9970365166664124,0.997408926486969,1.0,0.0,1.0,1.0,1.0,1.0,1.0,1.0,0.0,1.0,1.0,1.0,1.0,1.0,0.355689138174057,0.232042595744133,0.00036880632978864014,0.07439335435628891,0.3124307096004486,0.7826578617095947,2.22003436088562,0.0,0.0,1.0,1.0
SC-INR-NoSinc,urban100,img_003.png,x4,x4,high,43691,False,0.8556857109069824,0.5037485361099243,0.40227609872817993,0.41998404264450073,0.6619402170181274,2.069659948348999,2.697474956512451,0.3038724362850189,0.23533034324645996,0.00013232910714577883,0.05043594911694527,0.24170325696468353,0.7655777335166931,2.4880692958831787,0.9074538350105286,0.11308223009109497,0.44170063734054565,0.6142972707748413,0.9556547999382019,0.9819754362106323,0.9834693074226379,0.9074538350105286,0.11308223009109497,0.44170063734054565,0.6142972707748413,0.9556547999382019,0.9819754362106323,0.9834693074226379,1.0,0.0,1.0,1.0,1.0,1.0,1.0,1.0,0.0,1.0,1.0,1.0,1.0,1.0,0.3038724362850189,0.23533034324645996,0.00013232910714577883,0.05043594911694527,0.24170325696468353,0.7655777335166931,2.4880692958831787,0.0,0.0,1.0,1.0
SC-INR-NoSinc,urban100,img_003.png,x4,x8,all,131072,False,0.4020872712135315,0.4431855380535126,0.0002286917733727023,0.02690485119819641,0.2770840525627136,1.2387267351150513,2.697474956512451,0.3718263506889343,0.26670485734939575,0.00013232910714577883,0.0659741535782814,0.30927959084510803,0.8936200141906738,3.486074447631836,0.9909923672676086,0.021781189367175102,0.8263028860092163,0.9610259532928467,0.9980281591415405,0.9999814033508301,1.0,0.9909923672676086,0.021781189367175102,0.8263028860092163,0.9610259532928467,0.9980281591415405,0.9999814033508301,1.0,1.0,0.0,1.0,1.0,1.0,1.0,1.0,1.0,0.0,1.0,1.0,1.0,1.0,1.0,0.3718263506889343,0.26670485734939575,0.00013232910714577883,0.0659741535782814,0.30927959084510803,0.8936200141906738,3.486074447631836,0.0,0.0,1.0,1.0
SC-INR-NoSinc,urban100,img_003.png,x4,x8,low,43691,False,0.07413911074399948,0.04211842268705368,0.0002286917733727023,0.013995284214615822,0.06915745139122009,0.14759452641010284,0.1588142216205597,0.4559170603752136,0.30367833375930786,0.001125302049331367,0.08728840947151184,0.3914148211479187,1.0667665004730225,3.486074447631836,0.9998131394386292,0.00017813329759519547,0.9993518590927124,0.9994401931762695,0.9998770952224731,0.9999949932098389,1.0,0.9998131394386292,0.00017813329759519547,0.9993518590927124,0.9994401931762695,0.9998770952224731,0.9999949932098389,1.0,1.0,0.0,1.0,1.0,1.0,1.0,1.0,1.0,0.0,1.0,1.0,1.0,1.0,1.0,0.4559170603752136,0.30367833375930786,0.001125302049331367,0.08728840947151184,0.3914148211479187,1.0667665004730225,3.486074447631836,0.0,0.0,1.0,1.0
SC-INR-NoSinc,urban100,img_003.png,x4,x8,mid,43690,False,0.2764340341091156,0.06789205223321915,0.158823162317276,0.1698712557554245,0.2770840525627136,0.385684072971344,0.4022741913795471,0.355689138174057,0.232042595744133,0.00036880632978864014,0.07439335435628891,0.3124307096004486,0.7826578617095947,2.22003436088562,0.9979192614555359,0.0009717115899547935,0.9958460927009583,0.9961814880371094,0.9980281591415405,0.9992585182189941,0.9993517994880676,0.9979192614555359,0.0009717115899547935,0.9958460927009583,0.9961814880371094,0.9980281591415405,0.9992585182189941,0.9993517994880676,1.0,0.0,1.0,1.0,1.0,1.0,1.0,1.0,0.0,1.0,1.0,1.0,1.0,1.0,0.355689138174057,0.232042595744133,0.00036880632978864014,0.07439335435628891,0.3124307096004486,0.7826578617095947,2.22003436088562,0.0,0.0,1.0,1.0
SC-INR-NoSinc,urban100,img_003.png,x4,x8,high,43691,False,0.8556857109069824,0.5037485361099243,0.40227609872817993,0.41998404264450073,0.6619402170181274,2.069659948348999,2.697474956512451,0.3038724362850189,0.23533034324645996,0.00013232910714577883,0.05043594911694527,0.24170325696468353,0.7655777335166931,2.4880692958831787,0.9752446413040161,0.03238048404455185,0.8263028860092163,0.8934856057167053,0.9887819290161133,0.9954732060432434,0.9958471655845642,0.9752446413040161,0.03238048404455185,0.8263028860092163,0.8934856057167053,0.9887819290161133,0.9954732060432434,0.9958471655845642,1.0,0.0,1.0,1.0,1.0,1.0,1.0,1.0,0.0,1.0,1.0,1.0,1.0,1.0,0.3038724362850189,0.23533034324645996,0.00013232910714577883,0.05043594911694527,0.24170325696468353,0.7655777335166931,2.4880692958831787,0.0,0.0,1.0,1.0
SC-INR-NoSinc,urban100,img_003.png,x4,x16,all,131072,False,0.4020872712135315,0.4431855380535126,0.0002286917733727023,0.02690485119819641,0.2770840525627136,1.2387267351150513,2.697474956512451,0.3718263506889343,0.26670485734939575,0.00013232910714577883,0.0659741535782814,0.30927959084510803,0.8936200141906738,3.486074447631836,0.9977114796638489,0.005614470224827528,0.9541031122207642,0.9901695847511292,0.9995067715644836,0.9999953508377075,1.0,0.9977114796638489,0.005614470224827528,0.9541031122207642,0.9901695847511292,0.9995067715644836,0.9999953508377075,1.0,1.0,0.0,1.0,1.0,1.0,1.0,1.0,1.0,0.0,1.0,1.0,1.0,1.0,1.0,0.3718263506889343,0.26670485734939575,0.00013232910714577883,0.0659741535782814,0.30927959084510803,0.8936200141906738,3.486074447631836,0.0,0.0,1.0,1.0
SC-INR-NoSinc,urban100,img_003.png,x4,x16,low,43691,False,0.07413911074399948,0.04211842268705368,0.0002286917733727023,0.013995284214615822,0.06915745139122009,0.14759452641010284,0.1588142216205597,0.4559170603752136,0.30367833375930786,0.001125302049331367,0.08728840947151184,0.3914148211479187,1.0667665004730225,3.486074447631836,0.9999533295631409,4.4540684029925615e-05,0.9998379349708557,0.9998600482940674,0.9999692440032959,0.9999987483024597,1.0,0.9999533295631409,4.4540684029925615e-05,0.9998379349708557,0.9998600482940674,0.9999692440032959,0.9999987483024597,1.0,1.0,0.0,1.0,1.0,1.0,1.0,1.0,1.0,0.0,1.0,1.0,1.0,1.0,1.0,0.4559170603752136,0.30367833375930786,0.001125302049331367,0.08728840947151184,0.3914148211479187,1.0667665004730225,3.486074447631836,0.0,0.0,1.0,1.0
SC-INR-NoSinc,urban100,img_003.png,x4,x16,mid,43690,False,0.2764340341091156,0.06789205223321915,0.158823162317276,0.1698712557554245,0.2770840525627136,0.385684072971344,0.4022741913795471,0.355689138174057,0.232042595744133,0.00036880632978864014,0.07439335435628891,0.3124307096004486,0.7826578617095947,2.22003436088562,0.9994794726371765,0.00024320597003679723,0.998960554599762,0.9990444183349609,0.9995067715644836,0.9998145699501038,0.9998379945755005,0.9994794726371765,0.00024320597003679723,0.998960554599762,0.9990444183349609,0.9995067715644836,0.9998145699501038,0.9998379945755005,1.0,0.0,1.0,1.0,1.0,1.0,1.0,1.0,0.0,1.0,1.0,1.0,1.0,1.0,0.355689138174057,0.232042595744133,0.00036880632978864014,0.07439335435628891,0.3124307096004486,0.7826578617095947,2.22003436088562,0.0,0.0,1.0,1.0
SC-INR-NoSinc,urban100,img_003.png,x4,x16,high,43691,False,0.8556857109069824,0.5037485361099243,0.40227609872817993,0.41998404264450073,0.6619402170181274,2.069659948348999,2.697474956512451,0.3038724362850189,0.23533034324645996,0.00013232910714577883,0.05043594911694527,0.24170325696468353,0.7655777335166931,2.4880692958831787,0.9937018752098083,0.008383117616176605,0.9541031122207642,0.9727027416229248,0.997187077999115,0.9988670349121094,0.9989606142044067,0.9937018752098083,0.008383117616176605,0.9541031122207642,0.9727027416229248,0.997187077999115,0.9988670349121094,0.9989606142044067,1.0,0.0,1.0,1.0,1.0,1.0,1.0,1.0,0.0,1.0,1.0,1.0,1.0,1.0,0.3038724362850189,0.23533034324645996,0.00013232910714577883,0.05043594911694527,0.24170325696468353,0.7655777335166931,2.4880692958831787,0.0,0.0,1.0,1.0
SC-INR-NoSinc,urban100,img_003.png,x4,x30,all,131072,False,0.4020872712135315,0.4431855380535126,0.0002286917733727023,0.02690485119819641,0.2770840525627136,1.2387267351150513,2.697474956512451,0.3718263506889343,0.26670485734939575,0.00013232910714577883,0.0659741535782814,0.30927959084510803,0.8936200141906738,3.486074447631836,0.9993464946746826,0.001608814811334014,0.9867708683013916,0.9971978068351746,0.9998596906661987,0.9999986886978149,1.0,0.9993464946746826,0.001608814811334014,0.9867708683013916,0.9971978068351746,0.9998596906661987,0.9999986886978149,1.0,1.0,0.0,1.0,1.0,1.0,1.0,1.0,1.0,0.0,1.0,1.0,1.0,1.0,1.0,0.3718263506889343,0.26670485734939575,0.00013232910714577883,0.0659741535782814,0.30927959084510803,0.8936200141906738,3.486074447631836,0.0,0.0,1.0,1.0
SC-INR-NoSinc,urban100,img_003.png,x4,x30,low,43691,False,0.07413911074399948,0.04211842268705368,0.0002286917733727023,0.013995284214615822,0.06915745139122009,0.14759452641010284,0.1588142216205597,0.4559170603752136,0.30367833375930786,0.001125302049331367,0.08728840947151184,0.3914148211479187,1.0667665004730225,3.486074447631836,0.9999867677688599,1.267139487026725e-05,0.9999538660049438,0.99996018409729,0.999991238117218,0.9999996423721313,1.0,0.9999867677688599,1.267139487026725e-05,0.9999538660049438,0.99996018409729,0.999991238117218,0.9999996423721313,1.0,1.0,0.0,1.0,1.0,1.0,1.0,1.0,1.0,0.0,1.0,1.0,1.0,1.0,1.0,0.4559170603752136,0.30367833375930786,0.001125302049331367,0.08728840947151184,0.3914148211479187,1.0667665004730225,3.486074447631836,0.0,0.0,1.0,1.0
SC-INR-NoSinc,urban100,img_003.png,x4,x30,mid,43690,False,0.2764340341091156,0.06789205223321915,0.158823162317276,0.1698712557554245,0.2770840525627136,0.385684072971344,0.4022741913795471,0.355689138174057,0.232042595744133,0.00036880632978864014,0.07439335435628891,0.3124307096004486,0.7826578617095947,2.22003436088562,0.9998519420623779,6.92007815814577e-05,0.9997041821479797,0.9997281432151794,0.9998596906661987,0.9999472498893738,0.9999539852142334,0.9998519420623779,6.92007815814577e-05,0.9997041821479797,0.9997281432151794,0.9998596906661987,0.9999472498893738,0.9999539852142334,1.0,0.0,1.0,1.0,1.0,1.0,1.0,1.0,0.0,1.0,1.0,1.0,1.0,1.0,0.355689138174057,0.232042595744133,0.00036880632978864014,0.07439335435628891,0.3124307096004486,0.7826578617095947,2.22003436088562,0.0,0.0,1.0,1.0
SC-INR-NoSinc,urban100,img_003.png,x4,x30,high,43691,False,0.8556857109069824,0.5037485361099243,0.40227609872817993,0.41998404264450073,0.6619402170181274,2.069659948348999,2.697474956512451,0.3038724362850189,0.23533034324645996,0.00013232910714577883,0.05043594911694527,0.24170325696468353,0.7655777335166931,2.4880692958831787,0.9982009530067444,0.002404641592875123,0.9867708683013916,0.9921894073486328,0.9991993308067322,0.9996776580810547,0.9997042417526245,0.9982009530067444,0.002404641592875123,0.9867708683013916,0.9921894073486328,0.9991993308067322,0.9996776580810547,0.9997042417526245,1.0,0.0,1.0,1.0,1.0,1.0,1.0,1.0,0.0,1.0,1.0,1.0,1.0,1.0,0.3038724362850189,0.23533034324645996,0.00013232910714577883,0.05043594911694527,0.24170325696468353,0.7655777335166931,2.4880692958831787,0.0,0.0,1.0,1.0
