model,dataset,image,scale,psnr_y,ssim_y,rmse_y,edge_rmse,texture_rmse,flat_rmse,highpass_rmse,fft_low_power,fft_mid_power,fft_high_power
Bicubic,bsd100,101085.png,x4,23.14095907867879,0.6260880482852127,0.0696549598241498,0.10918517410755157,0.11682140082120895,0.02798020839691162,0.19998350739479065,6.58643579319272e-08,6.379931307105641e-08,1.3412096074939207e-08
LTE,bsd100,101085.png,x4,24.0695213414414,0.6934728503105696,0.06259273563273465,0.09612035751342773,0.09945949167013168,0.026586471125483513,0.19465719163417816,2.6371972895698862e-08,5.334532603082375e-08,1.2979299378620228e-08
SC-INR-NoPhi,bsd100,101085.png,x4,24.028379078384198,0.6920806870701138,0.06288992055060076,0.09675262123346329,0.10049799084663391,0.026560110971331596,0.19519689679145813,2.617341724932304e-08,5.407041209076743e-08,1.3043566346043331e-08
SC-INR-NoPhi-Signed,bsd100,101085.png,x4,24.043093162762137,0.6915634884045556,0.06278347385577752,0.09665810316801071,0.10013904422521591,0.0265815369784832,0.19502799212932587,2.651897395316096e-08,5.371925035921535e-08,1.3035465130056812e-08
SC-INR,bsd100,101085.png,x4,24.070917333876615,0.6940559432190891,0.06258267656363485,0.09617125988006592,0.09958592802286148,0.02658284455537796,0.19472970068454742,2.5980016383312217e-08,5.33738429285605e-08,1.2995890811398975e-08
SC-INR-NoSinc,bsd100,101085.png,x4,24.008781025739083,0.6908329988551477,0.06303197986112132,0.09723515063524246,0.10078327357769012,0.026592915877699852,0.19615048170089722,2.6324234670053112e-08,5.4038456614622754e-08,1.3239984074407799e-08
Bicubic,bsd100,101085.png,x8,21.47672037303222,0.4423888763765017,0.08436532450760677,0.1252794712781906,0.14217878878116608,0.03507884591817856,0.19826318323612213,3.021271313806222e-07,6.580944829915418e-08,1.3660233988936236e-08
LTE,bsd100,101085.png,x8,22.414501356205854,0.5200717187432186,0.07573121633744567,0.11578357219696045,0.1231476292014122,0.0311663206666708,0.19682133197784424,1.804489277420055e-07,6.210452962129758e-08,1.3618690873745524e-08
SC-INR-NoPhi,bsd100,101085.png,x8,22.442716217873787,0.5208217568991315,0.075485613505611,0.11536512523889542,0.12262804061174393,0.030914491042494774,0.19695918262004852,1.7704194816970972e-07,6.196603819287716e-08,1.365332551072992e-08
SC-INR-NoPhi-Signed,bsd100,101085.png,x8,22.444455656526895,0.5206677665063815,0.07547049824938666,0.11523561924695969,0.12272735685110092,0.031065672636032104,0.1969490498304367,1.7659654791710828e-07,6.205064306594067e-08,1.3635036670326154e-08
SC-INR,bsd100,101085.png,x8,22.445981966478286,0.5221426482029281,0.07545723751766842,0.11521575599908829,0.1224871501326561,0.031081203371286392,0.19692549109458923,1.7666796211077198e-07,6.196901166015877e-08,1.364546091767981e-08
SC-INR-NoSinc,bsd100,101085.png,x8,22.404812705786586,0.5201734959410272,0.07581573763394361,0.11587589979171753,0.12360180914402008,0.031358752399683,0.19750097393989563,1.7553523350615874e-07,6.341849833118783e-08,1.3660332385596716e-08
Bicubic,bsd100,101085.png,x16,19.887023936000357,0.2935929931567525,0.10130918070569983,0.13905510306358337,0.16214574873447418,0.05901863053441048,0.1935408115386963,6.961781368563747e-07,6.847748111547622e-08,1.4305634771672694e-08
LTE,bsd100,101085.png,x16,20.867270391972713,0.35283009235371476,0.09049747883857276,0.13109737634658813,0.1465596705675125,0.04458420351147652,0.19342286884784698,4.6993532992138596e-07,6.827310253922097e-08,1.4292943227463742e-08
SC-INR-NoPhi,bsd100,101085.png,x16,21.007111373629957,0.3587208423356095,0.08905215454247455,0.12897783517837524,0.14424774050712585,0.04373931139707565,0.1933831125497818,4.4191961224306245e-07,6.81934396111074e-08,1.4284942065422626e-08
SC-INR-NoPhi-Signed,bsd100,101085.png,x16,20.975659282527985,0.35879697610213407,0.08937520189695962,0.1295691430568695,0.14472666382789612,0.04362377151846886,0.19340071082115173,4.483018997715316e-07,6.816299052928919e-08,1.4292948932610637e-08
SC-INR,bsd100,101085.png,x16,21.027040542845757,0.3611473513692369,0.08884806479651307,0.12886737287044525,0.14356377720832825,0.04424237087368965,0.19336403906345367,4.3859764889255267e-07,6.803672600988939e-08,1.4289447386730028e-08
SC-INR-NoSinc,bsd100,101085.png,x16,20.976103373727966,0.3575433061513219,0.08937063244838518,0.12882305681705475,0.14491263031959534,0.04407687857747078,0.19340923428535461,4.4771121514201465e-07,6.828883312707912e-08,1.4286304166345198e-08
Bicubic,bsd100,101085.png,x30,18.105211385579572,0.21792042494859862,0.12437681481939897,0.15623678267002106,0.18442636728286743,0.09985312074422836,0.18577143549919128,1.6586775109015883e-06,8.311702148590691e-08,1.7039028721989563e-08
LTE,bsd100,101085.png,x30,19.108435509981504,0.2572767259356643,0.11080981364519858,0.1508457511663437,0.1764143407344818,0.07081645727157593,0.18550269305706024,1.2147183857603117e-06,8.225073962022677e-08,1.687919623714233e-08
SC-INR-NoPhi,bsd100,101085.png,x30,19.333185051463193,0.2623091588015868,0.10797935959544025,0.14516131579875946,0.17088226974010468,0.07046753168106079,0.18546879291534424,1.127779972132632e-06,8.221475780435042e-08,1.6869370793879597e-08
SC-INR-NoPhi-Signed,bsd100,101085.png,x30,19.251366418393516,0.2591144881150028,0.10900130037939602,0.14638318121433258,0.17269785702228546,0.0715087354183197,0.1854930967092514,1.1585175920259125e-06,8.228920378004823e-08,1.6886384877625504e-08
SC-INR,bsd100,101085.png,x30,19.245782618670695,0.26096140545123375,0.10907139534184242,0.1457042396068573,0.17235612869262695,0.07274176925420761,0.18551404774188995,1.1608793180043429e-06,8.224372006808624e-08,1.6885574363258424e-08
SC-INR-NoSinc,bsd100,101085.png,x30,19.28364703493797,0.25875797351946117,0.10859695505311219,0.14442862570285797,0.1704530417919159,0.07366618514060974,0.18550167977809906,1.1460335733323861e-06,8.230103121429837e-08,1.6891454738006173e-08
Bicubic,bsd100,101087.png,x4,27.210830119651842,0.8108613733492648,0.0435971895714487,0.08077196776866913,0.08458974212408066,0.00020367794786579907,0.11463027447462082,3.1788457803590953e-08,2.583337636084738e-08,4.137533430659319e-09
LTE,bsd100,101087.png,x4,28.75713469642328,0.8541297040645194,0.03648742919029531,0.06597717851400375,0.06739024817943573,0.00019162477110512555,0.10816735774278641,1.0228940345132146e-08,1.88851281599837e-08,3.878008157534016e-09
SC-INR-NoPhi,bsd100,101087.png,x4,28.778675927036446,0.8548408689056446,0.03639705153940194,0.0658528208732605,0.06722239404916763,0.00018842791905626655,0.10801948606967926,1.0106589644295221e-08,1.8772213777078517e-08,3.877008929144775e-09
SC-INR-NoPhi-Signed,bsd100,101087.png,x4,28.76868102987562,0.854112207325653,0.036438957917109285,0.06593502312898636,0.06735172122716904,0.00019384572806302458,0.10798025876283646,1.0141446574574623e-08,1.8832475995973615e-08,3.875926328928109e-09
SC-INR,bsd100,101087.png,x4,28.767708652533575,0.8545017032167567,0.03644303745322016,0.06589760631322861,0.06733383238315582,0.00019165748381055892,0.10823965072631836,1.012967029102065e-08,1.8809177429833834e-08,3.8924565761634955e-09
SC-INR-NoSinc,bsd100,101087.png,x4,28.756021765794433,0.8544000990470715,0.03649210465600866,0.0660361647605896,0.06739893555641174,0.00019277469255030155,0.10862810164690018,1.0217352717259032e-08,1.8796264986052455e-08,3.928472605508684e-09
Bicubic,bsd100,101087.png,x8,24.92807349824534,0.6959657848850765,0.05670173201541022,0.10041970014572144,0.11091658473014832,0.0008435016497969627,0.11700798571109772,1.565360337589188e-07,2.8589414394610993e-08,4.443788384199576e-09
LTE,bsd100,101087.png,x8,26.538388895959475,0.762010310323941,0.04710646938264285,0.08612415194511414,0.08911687880754471,0.0004422484489623457,0.11496973782777786,7.224827608081588e-08,2.5157168577347115e-08,4.413125054529577e-09
SC-INR-NoPhi,bsd100,101087.png,x8,26.53898269220164,0.7620724095207102,0.0471032491381347,0.08627666532993317,0.08909370750188828,0.00036332246963866055,0.11474702507257462,7.192255861987214e-08,2.5238030086126327e-08,4.405791025324569e-09
SC-INR-NoPhi-Signed,bsd100,101087.png,x8,26.52120992743102,0.761240381349471,0.04719972883853518,0.0863204300403595,0.08932378888130188,0.0004096524207852781,0.11464552581310272,7.265933943565104e-08,2.5321378268202375e-08,4.383311344507252e-09
SC-INR,bsd100,101087.png,x8,26.575422537105133,0.7635597944651185,0.04690605118596298,0.08583922684192657,0.088605597615242,0.00018336775247007608,0.11468938738107681,7.058965169005975e-08,2.5123296736496912e-08,4.4040674855569195e-09
SC-INR-NoSinc,bsd100,101087.png,x8,26.499603482798,0.761438178403682,0.04731728591548441,0.08658605813980103,0.08951252698898315,0.00023527150915469974,0.11536793410778046,7.196877984337991e-08,2.5633200492012994e-08,4.431523726371869e-09
Bicubic,bsd100,101087.png,x16,22.80599338184999,0.5841358024891112,0.07239362618400276,0.11674191802740097,0.13242708146572113,0.010496254079043865,0.12053003162145615,3.829390565306186e-07,3.297619708108669e-08,5.164949624165818e-09
LTE,bsd100,101087.png,x16,24.317367900481702,0.6485903851058201,0.060831931335983476,0.10697217285633087,0.11478167772293091,0.0019102192018181086,0.12028912454843521,2.1533349804587392e-07,3.271883872935174e-08,5.158888013596724e-09
SC-INR-NoPhi,bsd100,101087.png,x16,24.3491082721666,0.6522500999097609,0.060610042200303145,0.10762889683246613,0.11488941311836243,0.0013978693168610334,0.12024462223052979,2.1388111137562413e-07,3.2379562142019144e-08,5.159619599062141e-09
SC-INR-NoPhi-Signed,bsd100,101087.png,x16,24.385946758730604,0.6528076179295088,0.06035352799384692,0.10686378180980682,0.11424348503351212,0.0019482404459267855,0.12010979652404785,2.110778489779019e-07,3.224904361093724e-08,5.157616929102397e-09
SC-INR,bsd100,101087.png,x16,24.347382765903763,0.6516803359904358,0.06062208396004081,0.10746125876903534,0.11466668546199799,0.0009253402822650969,0.12020538747310638,2.1477437633357362e-07,3.22084668228438e-08,5.1626896036141795e-09
SC-INR-NoSinc,bsd100,101087.png,x16,24.319730248431508,0.6515496605641581,0.060815388799322065,0.10736459493637085,0.11533033847808838,0.0009668493876233697,0.12025627493858337,2.1528234283810252e-07,3.269170698462115e-08,5.153270964516854e-09
Bicubic,bsd100,101087.png,x30,20.614776202673212,0.5048891658734951,0.09316680232403819,0.13074032962322235,0.14919696748256683,0.0481022410094738,0.12724043428897858,9.516427663967576e-07,4.58774275302213e-08,7.549721715651565e-09
LTE,bsd100,101087.png,x30,22.048320030216885,0.5552967101767712,0.07899216162638051,0.12399230152368546,0.13880130648612976,0.01063088234513998,0.12712757289409637,6.095206221953343e-07,4.5606348016270117e-08,7.523642000355223e-09
SC-INR-NoPhi,bsd100,101087.png,x30,22.049016264712506,0.5612540448278212,0.07898583010871688,0.1262122392654419,0.14134733378887177,0.005707778036594391,0.12718458473682404,6.088842401687598e-07,4.56790995766592e-08,7.543264791302216e-09
SC-INR-NoPhi-Signed,bsd100,101087.png,x30,22.15275938758415,0.5617351951686195,0.07804804528516954,0.12361139059066772,0.13874298334121704,0.006507731042802334,0.1271568238735199,5.882676052149708e-07,4.566735307890422e-08,7.535981280489815e-09
SC-INR,bsd100,101087.png,x30,22.1690253187204,0.5636957077309517,0.07790202268813477,0.12367936968803406,0.13858965039253235,0.005170613992959261,0.1271793097257614,5.84673729264812e-07,4.5746488614652755e-08,7.54001509007904e-09
SC-INR-NoSinc,bsd100,101087.png,x30,22.059815047529256,0.557002455068612,0.07888769153430579,0.12343387305736542,0.13900306820869446,0.007417093496769667,0.1271827667951584,6.065884347343195e-07,4.5715364101078876e-08,7.537882023816545e-09
Bicubic,bsd100,102061.png,x4,25.19109825464342,0.805277448034329,0.055010436023654456,0.1090775802731514,0.1148548498749733,0.0032306783832609653,0.14421676099300385,4.386730204037524e-08,4.1415370924541e-08,7.216571549463217e-09
LTE,bsd100,102061.png,x4,26.659550458489445,0.8604457678921261,0.04645393170090309,0.09215960651636124,0.09566336870193481,0.002918868325650692,0.13692031800746918,1.406657147569438e-08,2.991220331028858e-08,6.9315705655288735e-09
SC-INR-NoPhi,bsd100,102061.png,x4,26.599970246957287,0.859115417841455,0.04677367434912385,0.09287247806787491,0.09647016227245331,0.002906507346779108,0.13779081404209137,1.4744653906113031e-08,3.025230749607614e-08,7.0090299922906425e-09
SC-INR-NoPhi-Signed,bsd100,102061.png,x4,26.616011982207468,0.8578205123166834,0.046687369033809795,0.09261660277843475,0.09613753110170364,0.002914036624133587,0.13754327595233917,1.4360194709131028e-08,3.020625403914786e-08,6.9876951283456894e-09
SC-INR,bsd100,102061.png,x4,26.676575736473353,0.8604526189416468,0.04636296617820465,0.09201471507549286,0.09544824808835983,0.002920609200373292,0.13695944845676422,1.4141025193446406e-08,2.9693768904968727e-08,6.9413360035906425e-09
SC-INR-NoSinc,bsd100,102061.png,x4,26.593568538181135,0.8580823871090835,0.04680816037476342,0.09281718730926514,0.09643454849720001,0.002914413344115019,0.13819056749343872,1.4273038122126053e-08,3.0342946583299695e-08,7.052579993784417e-09
Bicubic,bsd100,102061.png,x8,23.17977220884284,0.6820752910920179,0.06934439916422899,0.13118821382522583,0.1429583579301834,0.005705296993255615,0.14718037843704224,2.1331519122631509e-07,4.5234161371209696e-08,7.776136118569801e-09
LTE,bsd100,102061.png,x8,23.965946890298802,0.7422709760875175,0.06334358738891062,0.12341564893722534,0.13086585700511932,0.00363137642852962,0.14613085985183716,1.4347179077427e-07,4.30211062832996e-08,7.764183209717218e-09
SC-INR-NoPhi,bsd100,102061.png,x8,23.930552447104795,0.7398903640073707,0.06360223507335189,0.12388984113931656,0.1314481496810913,0.003698288230225444,0.14642325043678284,1.45380409386815e-07,4.330069992260445e-08,7.780220562596552e-09
SC-INR-NoPhi-Signed,bsd100,102061.png,x8,24.005433999974972,0.7414744732800829,0.06305627332122248,0.12266919761896133,0.1302167773246765,0.0036372700706124306,0.1463376134634018,1.38823693921953e-07,4.3212910315787934e-08,7.782338324484186e-09
SC-INR,bsd100,102061.png,x8,23.970279604282275,0.7437259010288755,0.06331199808500762,0.12330591678619385,0.13089406490325928,0.0036136263515800238,0.1461755633354187,1.4284737232154817e-07,4.3064303153031327e-08,7.767830746429217e-09
SC-INR-NoSinc,bsd100,102061.png,x8,23.97659327237386,0.7420558165038483,0.06326599408148287,0.12310872972011566,0.130839005112648,0.0035973796620965004,0.146541565656662,1.3866330516204243e-07,4.386590369860322e-08,7.772530924729235e-09
Bicubic,bsd100,102061.png,x16,21.329683844246915,0.5630691669900113,0.08580563463551258,0.15046057105064392,0.16794069111347198,0.014107252471148968,0.15188603103160858,4.921715354360353e-07,5.3078920604663895e-08,9.073628432487803e-09
LTE,bsd100,102061.png,x16,21.623298380083366,0.5894603773375697,0.08295356997760207,0.14933203160762787,0.16529333591461182,0.010740716941654682,0.15183015167713165,4.3972893999738897e-07,5.303907746456645e-08,9.059028405273747e-09
SC-INR-NoPhi,bsd100,102061.png,x16,21.612125561005342,0.5898910242693324,0.08306034333297437,0.14968590438365936,0.16565445065498352,0.010710311122238636,0.15184852480888367,4.4159963977965137e-07,5.3051535693257026e-08,9.060927906266376e-09
SC-INR-NoPhi-Signed,bsd100,102061.png,x16,21.60712756269733,0.5894622160602093,0.08310815132195548,0.1496942937374115,0.16581664979457855,0.01090417243540287,0.1518263816833496,4.4258596008262563e-07,5.3030617929254694e-08,9.058306313606263e-09
SC-INR,bsd100,102061.png,x16,21.639561493144686,0.5909055296093041,0.08279839634006064,0.14913737773895264,0.16500453650951385,0.011896150186657906,0.1518295556306839,4.3700764751586277e-07,5.3016242991375515e-08,9.059490873355068e-09
SC-INR-NoSinc,bsd100,102061.png,x16,21.620604835278,0.5893292433525754,0.08297929835031724,0.14913934469223022,0.1653415709733963,0.011088487692177296,0.15185680985450745,4.3998456227793123e-07,5.3082991484581534e-08,9.061002368640918e-09
Bicubic,bsd100,102061.png,x30,19.765386566153026,0.46447882851539685,0.10273789700755026,0.16553136706352234,0.1852557510137558,0.03470805287361145,0.16356714069843292,1.0027114977353733e-06,8.205130410301563e-08,1.346969465285629e-08
LTE,bsd100,102061.png,x30,19.99955116050368,0.478616565791043,0.10000516758918214,0.16561026871204376,0.18454869091510773,0.024978546425700188,0.1636023074388504,9.25113624685372e-07,8.20015646023136e-08,1.3448930852431414e-08
SC-INR-NoPhi,bsd100,102061.png,x30,19.963630137750105,0.4769773863528047,0.10041960138501452,0.16678835451602936,0.1850326508283615,0.021244123578071594,0.1635705679655075,9.366971456434045e-07,8.202972963406214e-08,1.3447194461869014e-08
SC-INR-NoPhi-Signed,bsd100,102061.png,x30,20.04741944045524,0.48301986688816595,0.09945555104145692,0.16620510816574097,0.18438075482845306,0.021765688434243202,0.1635597050189972,9.091655562368191e-07,8.210084989014572e-08,1.3457135695712411e-08
SC-INR,bsd100,102061.png,x30,20.0130500336533,0.48071119762525105,0.0998498687451254,0.16619504988193512,0.1841336190700531,0.0206416305154562,0.16354523599147797,9.208400096295863e-07,8.198756468910897e-08,1.34450823754642e-08
SC-INR-NoSinc,bsd100,102061.png,x30,19.961257505728586,0.47756162928933593,0.10044703568547561,0.16639816761016846,0.1844145655632019,0.023109978064894676,0.16356532275676727,9.376100005549304e-07,8.199267349393528e-08,1.3450422785317925e-08
Bicubic,bsd100,103070.png,x4,29.349235942232752,0.8494565555039408,0.0340830304756263,0.05933498963713646,0.06451985239982605,0.006727918051183224,0.08394443243741989,2.3572608689629426e-08,1.5749335860656935e-08,2.072354155530006e-09
LTE,bsd100,103070.png,x4,30.71034428477734,0.8882123983657723,0.029139546313340665,0.05049314722418785,0.05347602441906929,0.005454958416521549,0.08041858673095703,8.595846549667195e-09,1.2537893170064529e-08,1.983487463972035e-09
SC-INR-NoPhi,bsd100,103070.png,x4,30.661200817101,0.8878338139243923,0.029304880796764684,0.050896212458610535,0.05392257124185562,0.005455902777612209,0.08079785853624344,8.413229420433567e-09,1.275819668221014e-08,1.9986640525800523e-09
SC-INR-NoPhi-Signed,bsd100,103070.png,x4,30.67670936608056,0.887764828406119,0.029252603976697312,0.0507354736328125,0.053774911910295486,0.005471321754157543,0.08059710264205933,8.532525128205443e-09,1.2685983533058146e-08,1.9880306288181425e-09
SC-INR,bsd100,103070.png,x4,30.676662690454854,0.8882905946117629,0.02925276117271516,0.050710201263427734,0.05372093245387077,0.005451228003948927,0.08062644302845001,8.55825214282204e-09,1.2674305594731084e-08,1.991137379222969e-09
SC-INR-NoSinc,bsd100,103070.png,x4,30.637772413577093,0.8877544670699313,0.029384031392778405,0.05108309164643288,0.054166801273822784,0.005463764537125826,0.0814766138792038,8.277447527517658e-09,1.280403730409235e-08,2.0421411598876283e-09
Bicubic,bsd100,103070.png,x8,26.51992698519582,0.6826267095670229,0.04720670095082751,0.07586407661437988,0.08551137894392014,0.012736030854284763,0.08628462255001068,1.2671431405877515e-07,1.7328101661444098e-08,2.255722259564119e-09
LTE,bsd100,103070.png,x8,27.553873695750696,0.7409899209692947,0.04190890514662081,0.06918271631002426,0.07486436516046524,0.009993385523557663,0.08555775880813599,8.25252972313587e-08,1.6642674770563604e-08,2.2478294161570686e-09
SC-INR-NoPhi,bsd100,103070.png,x8,27.57826453058433,0.7409923396839856,0.041791385887357396,0.06883566826581955,0.07450596243143082,0.009953025728464127,0.08566366136074066,8.155124921478101e-08,1.6627348780001525e-08,2.2543405707235532e-09
SC-INR-NoPhi-Signed,bsd100,103070.png,x8,27.605631608496132,0.742153744455392,0.04165991884343659,0.0686430111527443,0.07427135109901428,0.009915699250996113,0.08551709353923798,8.061347164800515e-08,1.6610374531676226e-08,2.24443991740586e-09
SC-INR,bsd100,103070.png,x8,27.56841596390379,0.7422680200534819,0.041838798264857466,0.06896361708641052,0.07450585812330246,0.009956126101315022,0.08560660481452942,8.187071281994049e-08,1.6652192292110083e-08,2.2505988358798802e-09
SC-INR-NoSinc,bsd100,103070.png,x8,27.560718648632697,0.7420461043208393,0.04187589166264823,0.06901377439498901,0.074795663356781,0.010002920404076576,0.08588536083698273,8.109323433119674e-08,1.6890102185387812e-08,2.2542879970276024e-09
Bicubic,bsd100,103070.png,x16,23.972446068963556,0.5120680540690069,0.06329620855635507,0.09225987643003464,0.10564073920249939,0.03026379831135273,0.08945644646883011,3.2654899637292333e-07,2.008264014159245e-08,2.6794613375079608e-09
LTE,bsd100,103070.png,x16,24.806559804100765,0.5599774369379373,0.05750055145693757,0.08713991940021515,0.09765948355197906,0.021996615454554558,0.08936052024364471,2.502804314848819e-07,1.9993406987830512e-08,2.6727908563257513e-09
SC-INR-NoPhi,bsd100,103070.png,x16,24.91105238207394,0.5627846369676024,0.05681295528336976,0.0855443999171257,0.09587415307760239,0.022308215498924255,0.08935709297657013,2.4151252021375864e-07,2.0029632196606134e-08,2.672002600073931e-09
SC-INR-NoPhi-Signed,bsd100,103070.png,x16,24.843180661811193,0.5587697048180587,0.05725863187968502,0.0862063616514206,0.09666015952825546,0.02252574823796749,0.08942512422800064,2.4688884913530114e-07,2.006711556643575e-08,2.6752866601333343e-09
SC-INR,bsd100,103070.png,x16,24.836045678034377,0.5597322620466798,0.057305686040966294,0.08623792231082916,0.09677144885063171,0.022703828290104866,0.08938760310411453,2.475572759347173e-07,2.0054948814515273e-08,2.672574832822592e-09
SC-INR-NoSinc,bsd100,103070.png,x16,24.88994497205153,0.5601758941478108,0.05695118321600135,0.08527758717536926,0.09591425955295563,0.02291601151227951,0.08937327563762665,2.431570500926841e-07,2.0044922774728144e-08,2.673254691594677e-09
Bicubic,bsd100,103070.png,x30,21.74344218455144,0.43940068765715695,0.08181404979587907,0.11203816533088684,0.1267431080341339,0.0500052273273468,0.09828978776931763,7.749884537518095e-07,2.9202375012162056e-08,4.262755849869305e-09
LTE,bsd100,103070.png,x30,22.2396681082304,0.46080231359502105,0.07727101101342343,0.11160940676927567,0.1256963461637497,0.04118878394365311,0.09826353192329407,6.734413215362521e-07,2.9173917038381005e-08,4.254056687283512e-09
SC-INR-NoPhi,bsd100,103070.png,x30,22.32150708108999,0.4623186577386937,0.0765463780439371,0.10893626511096954,0.12311949580907822,0.042600348591804504,0.09826213121414185,6.578572525343167e-07,2.915497479142215e-08,4.251355279002941e-09
SC-INR-NoPhi-Signed,bsd100,103070.png,x30,22.32471088929372,0.4632781053355068,0.07651814896193194,0.10931884497404099,0.12333938479423523,0.04246091842651367,0.09824753552675247,6.571735498285495e-07,2.9166887533520476e-08,4.25390055721127e-09
SC-INR,bsd100,103070.png,x30,22.29686968922396,0.46049501573263396,0.07676380888737387,0.10936116427183151,0.12378674745559692,0.04251233488321304,0.09825807809829712,6.625162245350421e-07,2.916137610047566e-08,4.251974637627033e-09
SC-INR-NoSinc,bsd100,103070.png,x30,22.31320593061516,0.4642140997784957,0.07661956878941556,0.10916496068239212,0.12336090207099915,0.042066801339387894,0.09824126213788986,6.594108551741024e-07,2.915875790943882e-08,4.25224096366238e-09
Bicubic,bsd100,105025.png,x4,25.477633962993075,0.7486532128557165,0.05322532253411226,0.08182933926582336,0.08929086476564407,0.0050675757229328156,0.14243315160274506,4.499689378974238e-08,3.8907631059881555e-08,6.2343578073936006e-09
LTE,bsd100,105025.png,x4,26.237191519399985,0.7951869094669405,0.04876861522136628,0.07466363161802292,0.07891193777322769,0.0047170245088636875,0.14033301174640656,1.986995517049064e-08,3.484169263184815e-08,6.18079874834729e-09
SC-INR-NoPhi,bsd100,105025.png,x4,26.24207713011146,0.7951852093825299,0.04874119172391371,0.07462279498577118,0.07887570559978485,0.004742801189422607,0.140423983335495,1.974862470937469e-08,3.4794318293303524e-08,6.189414099170092e-09
SC-INR-NoPhi-Signed,bsd100,105025.png,x4,26.24273179828977,0.7950206349610587,0.04873751816760241,0.07459951937198639,0.0790192261338234,0.004748649895191193,0.14043252170085907,1.9309200302797287e-08,3.4879118349006905e-08,6.1926715037471744e-09
SC-INR,bsd100,105025.png,x4,26.246396867770518,0.7962334418482458,0.048716957382600255,0.0746477022767067,0.07892301678657532,0.004748252220451832,0.14037731289863586,1.951564233409025e-08,3.479375449801577e-08,6.190409791339293e-09
SC-INR-NoSinc,bsd100,105025.png,x4,26.25056908288041,0.7958391949434812,0.04869356210299269,0.0745483860373497,0.07889372110366821,0.00473934318870306,0.1405443251132965,1.91567857654828e-08,3.4799581502627395e-08,6.203528820235542e-09
Bicubic,bsd100,105025.png,x8,23.49746812322946,0.5899011203114188,0.06685387635960487,0.09833008795976639,0.11291799694299698,0.009435421787202358,0.14446015655994415,2.047492294472973e-07,4.1719880705910244e-08,6.647148859524345e-09
LTE,bsd100,105025.png,x8,24.00574935902818,0.6365226179353356,0.06305398397534118,0.09442604333162308,0.10514471679925919,0.0075274924747645855,0.14427660405635834,1.5592547953059447e-07,4.1589924012462746e-08,6.640625354676126e-09
SC-INR-NoPhi,bsd100,105025.png,x8,23.993801567477515,0.6367453848261003,0.0631407769535769,0.0946928858757019,0.10523944348096848,0.007500200532376766,0.144281268119812,1.5686100014720092e-07,4.162496033443449e-08,6.64134305662328e-09
SC-INR-NoPhi-Signed,bsd100,105025.png,x8,24.01070757447526,0.6369274889815257,0.06301800078470937,0.09436727315187454,0.10502075403928757,0.007609395310282707,0.1442757546901703,1.5551121348224254e-07,4.158188150558206e-08,6.640109371610153e-09
SC-INR,bsd100,105025.png,x8,24.027927606735012,0.6386112488455425,0.06289318950234253,0.09416218101978302,0.10473193228244781,0.007476927246898413,0.14423170685768127,1.541691144076675e-07,4.153177286829157e-08,6.6389677583169375e-09
SC-INR-NoSinc,bsd100,105025.png,x8,24.026242799703596,0.638630342876557,0.06290539011388877,0.09412679821252823,0.10475438833236694,0.007532636635005474,0.1442566066980362,1.5414850091113555e-07,4.157258844871966e-08,6.638178258293822e-09
Bicubic,bsd100,105025.png,x16,21.608993961456527,0.44136596095528785,0.08309029520208143,0.1127985492348671,0.13226644694805145,0.024584582075476646,0.14636172354221344,4.853123286648801e-07,4.640800115808951e-08,7.490678729259669e-09
LTE,bsd100,105025.png,x16,22.297792639626515,0.4932171801394959,0.07675565250648117,0.11000287532806396,0.12595607340335846,0.016888327896595,0.14631998538970947,3.745994408378043e-07,4.636204348822764e-08,7.48501910520943e-09
SC-INR-NoPhi,bsd100,105025.png,x16,22.21383553234371,0.4893973500224056,0.07750116366139606,0.11071465164422989,0.12658154964447021,0.017788061872124672,0.1463577002286911,3.870278749127638e-07,4.63912964280075e-08,7.490125255150186e-09
SC-INR-NoPhi-Signed,bsd100,105025.png,x16,22.278990714066452,0.49161351768049516,0.07692198171575267,0.11003813147544861,0.12597081065177917,0.017296526581048965,0.14635774493217468,3.769710788902608e-07,4.645678917325131e-08,7.486028123059389e-09
SC-INR,bsd100,105025.png,x16,22.262290077895916,0.4908820453552961,0.07707002433320825,0.11015288531780243,0.1259206086397171,0.01817357912659645,0.14635229110717773,3.7966582449084167e-07,4.64107590056309e-08,7.486946430254393e-09
SC-INR-NoSinc,bsd100,105025.png,x16,22.296715254055336,0.49351910623656575,0.0767651737604791,0.1094810962677002,0.12541604042053223,0.017716793343424797,0.14632247388362885,3.7477337965914583e-07,4.635865472409374e-08,7.48517265630576e-09
Bicubic,bsd100,105025.png,x30,19.77103320739231,0.3484132840788744,0.10267112946344857,0.12434558570384979,0.14456407725811005,0.05396739020943642,0.14479577541351318,1.1454983092817473e-06,5.7202401106587705e-08,9.578794279510321e-09
LTE,bsd100,105025.png,x30,20.42608974174579,0.388780324971516,0.09521283856750266,0.12388566881418228,0.14416459202766418,0.03841076418757439,0.14479227364063263,9.377887354740606e-07,5.71900462247833e-08,9.576800539064342e-09
SC-INR-NoPhi,bsd100,105025.png,x30,20.432304326890876,0.3911439051279973,0.09514473999736008,0.1242322251200676,0.1441481113433838,0.037264447659254074,0.14478924870491028,9.360614090120813e-07,5.717165363563415e-08,9.57499295386272e-09
SC-INR-NoPhi-Signed,bsd100,105025.png,x30,20.499874783345934,0.39736203587550617,0.09440744860600712,0.12463543564081192,0.14441801607608795,0.03600985184311867,0.1448066532611847,9.161432668651172e-07,5.721483763163658e-08,9.580744853375207e-09
SC-INR,bsd100,105025.png,x30,20.445206555119277,0.3913613320785269,0.09500351464050573,0.12429983913898468,0.14398863911628723,0.03819138929247856,0.14480392634868622,9.320194596990326e-07,5.721881815376218e-08,9.580847324452545e-09
SC-INR-NoSinc,bsd100,105025.png,x30,20.436216050213282,0.3912915978161564,0.09510190085016591,0.12433156371116638,0.14452221989631653,0.037804245948791504,0.1447913497686386,9.348151581591662e-07,5.718779638397873e-08,9.578072228767988e-09
Bicubic,bsd100,106024.png,x4,31.50246131709528,0.8952318830864333,0.026599711980116927,0.05144035443663597,0.054075464606285095,0.0035227301996201277,0.06153782829642296,1.5508388088526716e-08,9.537990003222288e-09,1.1579013084519358e-09
LTE,bsd100,106024.png,x4,34.07608541591794,0.9201746327728687,0.019778608278185936,0.03672844544053078,0.03750470280647278,0.0030383733101189137,0.05396004766225815,3.5281144882143165e-09,5.762012838546933e-09,9.707665631686594e-10
SC-INR-NoPhi,bsd100,106024.png,x4,34.08123228813768,0.9199909862974707,0.01976689182550089,0.03676869347691536,0.037473663687705994,0.003043629927560687,0.05411927402019501,3.5467577922822485e-09,5.731149574905396e-09,9.792656404661767e-10
SC-INR-NoPhi-Signed,bsd100,106024.png,x4,34.02623360048856,0.9197861223166348,0.019892452054193085,0.037066370248794556,0.03777417168021202,0.0030520132277160883,0.05432341247797012,3.58030787840879e-09,5.822136588214756e-09,9.839233948542201e-10
SC-INR,bsd100,106024.png,x4,34.12061638234765,0.920337589962528,0.019677466462869622,0.03650764375925064,0.037194669246673584,0.003048297017812729,0.05386923998594284,3.612111998657468e-09,5.655080795174929e-09,9.716555361837256e-10
SC-INR-NoSinc,bsd100,106024.png,x4,33.97140319992333,0.9197070630377426,0.02001842199136709,0.03740951791405678,0.03811751306056976,0.0030468134209513664,0.05555184930562973,3.5002523752079087e-09,5.8088635056167206e-09,1.055392859844337e-09
Bicubic,bsd100,106024.png,x8,28.767294868075503,0.8206519824658147,0.036444773593364975,0.06624405086040497,0.07420149445533752,0.005982787348330021,0.062067702412605286,7.721993767857732e-08,1.0222784277926926e-08,1.2031507294417737e-09
LTE,bsd100,106024.png,x8,30.66107277069446,0.8556841943642254,0.029305312809200398,0.0552278608083725,0.05874147638678551,0.0040036896243691444,0.06000050529837608,3.749466916618958e-08,8.614938448489093e-09,1.1840620379673456e-09
SC-INR-NoPhi,bsd100,106024.png,x8,30.660728683078318,0.8564408161261854,0.029306473748997725,0.055468812584877014,0.05885361135005951,0.004387474153190851,0.06042247638106346,3.685556748451495e-08,8.733115315223134e-09,1.1979956843771925e-09
SC-INR-NoPhi-Signed,bsd100,106024.png,x8,30.56495238440511,0.8558187154915193,0.02963141430258534,0.05605396628379822,0.059642426669597626,0.004311245400458574,0.06064113229513168,3.787127417331015e-08,8.937393998005423e-09,1.197525086157232e-09
SC-INR,bsd100,106024.png,x8,30.633865263224326,0.8560167032756935,0.029397252105811567,0.05561958625912666,0.05906407907605171,0.0043807122856378555,0.06034689396619797,3.739822014830639e-08,8.739732378112973e-09,1.1936111842809858e-09
SC-INR-NoSinc,bsd100,106024.png,x8,30.420837956497554,0.8546780027536486,0.03012715363551702,0.05708847567439079,0.06076446548104286,0.0043647107668221,0.061396919190883636,3.815107905409093e-08,9.527364902021928e-09,1.2053872022668445e-09
Bicubic,bsd100,106024.png,x16,25.653353443919595,0.7213310872582264,0.05215936887302926,0.0802273228764534,0.09384098649024963,0.019810892641544342,0.06206614151597023,2.359309738639804e-07,1.1451304188416947e-08,1.3051419878166844e-09
LTE,bsd100,106024.png,x16,27.668775457277036,0.7750422438542793,0.041358161725989544,0.07317126542329788,0.07985327392816544,0.00930044986307621,0.061866890639066696,1.2571168317254193e-07,1.1353244785809465e-08,1.3003962222360296e-09
SC-INR-NoPhi,bsd100,106024.png,x16,27.75915602770652,0.7788740868052171,0.04093004278428165,0.07312578707933426,0.07959618419408798,0.008651969954371452,0.061944201588630676,1.2146137131907781e-07,1.1437958728400889e-08,1.3019255304167384e-09
SC-INR-NoPhi-Signed,bsd100,106024.png,x16,27.6965026813362,0.7754316991407451,0.04122634809729954,0.07319314032793045,0.0796879306435585,0.009359562769532204,0.06193054839968681,1.2415485091120017e-07,1.1434156721166245e-08,1.300910369855685e-09
SC-INR,bsd100,106024.png,x16,27.798435009874062,0.7772963945234668,0.04074536846257032,0.07255125790834427,0.0786525160074234,0.009419850073754787,0.06188380718231201,1.2013674165248462e-07,1.136428916709118e-08,1.3017989890084076e-09
SC-INR-NoSinc,bsd100,106024.png,x16,27.7246101579667,0.777960061420431,0.04109315555155247,0.0727877989411354,0.07992628216743469,0.009185596369206905,0.06195102632045746,1.229104343414793e-07,1.14449298720558e-08,1.300335762465074e-09
Bicubic,bsd100,106024.png,x30,22.155526776061848,0.6703591496355982,0.07802318256344545,0.101775623857975,0.11885121464729309,0.05495794117450714,0.05601755157113075,7.855734038699959e-07,1.3500836162793671e-08,1.2952087087729751e-09
LTE,bsd100,106024.png,x30,23.907625762107358,0.7105058196414686,0.0637703369755689,0.0959492176771164,0.108332060277462,0.030796319246292114,0.055929701775312424,5.015276228717504e-07,1.3423574790375836e-08,1.28007846203274e-09
SC-INR-NoPhi,bsd100,106024.png,x30,24.440135282095934,0.7181823531296091,0.0599781734626106,0.09221979230642319,0.1031084805727005,0.027009248733520508,0.055925749242305756,4.3534745768169866e-07,1.3438186674087958e-08,1.2855711877745246e-09
SC-INR-NoPhi-Signed,bsd100,106024.png,x30,24.102274229195757,0.702621575422623,0.06235715441739485,0.0933229923248291,0.10510935634374619,0.031127888709306717,0.05593070387840271,4.762981732348104e-07,1.344411542114775e-08,1.2851311769255342e-09
SC-INR,bsd100,106024.png,x30,24.106925058970656,0.7068542004616996,0.06232377443062569,0.09423954039812088,0.10560920089483261,0.030038926750421524,0.05592573061585426,4.757499672094213e-07,1.3439017072443481e-08,1.283411336633905e-09
SC-INR-NoSinc,bsd100,106024.png,x30,24.252925124238764,0.7159735728314646,0.06128493697210917,0.09301173686981201,0.10523681342601776,0.029193541035056114,0.05592767149209976,4.5768132494858795e-07,1.34397564261769e-08,1.2819463664189631e-09
Bicubic,bsd100,108005.png,x4,24.860830652536734,0.7361276919327256,0.057142398740721106,0.09514778107404709,0.10473126918077469,0.015350356698036194,0.12440454959869385,7.924912949764957e-08,4.4905407276550505e-08,4.007416035503077e-09
LTE,bsd100,108005.png,x4,26.27572893372605,0.812127669969096,0.04855271871722966,0.0824248343706131,0.0859828069806099,0.013921842910349369,0.1206594780087471,2.847188738878494e-08,3.679600255921983e-08,3.962516004632759e-09
SC-INR-NoPhi,bsd100,108005.png,x4,26.323929559604295,0.8128328940545956,0.04828403121536253,0.08181271702051163,0.08555088192224503,0.013854051008820534,0.1205090880393982,2.7693091856729454e-08,3.6391953173415915e-08,3.971115178017577e-09
SC-INR-NoPhi-Signed,bsd100,108005.png,x4,26.36066816631274,0.8130320563705199,0.048080236107010024,0.0813344419002533,0.08495408296585083,0.013954522088170052,0.12023568898439407,2.6981339212277274e-08,3.61460265644559e-08,3.96170662868542e-09
SC-INR,bsd100,108005.png,x4,26.33038084727825,0.8132990981708661,0.0482481824377818,0.08179641515016556,0.08522048592567444,0.013920905068516731,0.12024059146642685,2.7121539742976827e-08,3.647561503156392e-08,3.955896309698294e-09
SC-INR-NoSinc,bsd100,108005.png,x4,26.35801781755329,0.8140810670015313,0.04809490919668127,0.08118092268705368,0.0848378911614418,0.013928143307566643,0.12046349793672562,2.6033982792974144e-08,3.6348573827559563e-08,3.982763156354975e-09
Bicubic,bsd100,108005.png,x8,22.113984117711837,0.4871968169223586,0.07839724372540302,0.11924703419208527,0.14062578976154327,0.02450558729469776,0.12794846296310425,3.5722213588437676e-07,4.9780067221451203e-08,4.313976256704943e-09
LTE,bsd100,108005.png,x8,22.783202167770998,0.5645281558535635,0.07258383182349165,0.11493772268295288,0.12999247014522552,0.02207895927131176,0.12753526866436005,2.7178769550894364e-07,4.922095269992434e-08,4.311538915938798e-09
SC-INR-NoPhi,bsd100,108005.png,x8,22.81705988295868,0.5681594749620168,0.07230144978821698,0.11478398740291595,0.12990108132362366,0.021783391013741493,0.12758561968803406,2.6780894855104216e-07,4.919530212980864e-08,4.31079341291201e-09
SC-INR-NoPhi-Signed,bsd100,108005.png,x8,22.86588811132328,0.5692764930117105,0.07189614332236913,0.11382152885198593,0.12878887355327606,0.02187773771584034,0.12749795615673065,2.624501961476616e-07,4.908712959659643e-08,4.3089086521402e-09
SC-INR,bsd100,108005.png,x8,22.852928470834467,0.5700412806501908,0.0720034948608454,0.11387324333190918,0.12870918214321136,0.022052304819226265,0.12750105559825897,2.6409141845912594e-07,4.9064284510147284e-08,4.309827435422036e-09
SC-INR-NoSinc,bsd100,108005.png,x8,22.85206181230869,0.570664598611219,0.07201067956599345,0.11380812525749207,0.1292441189289093,0.021786650642752647,0.12757784128189087,2.6362403840422436e-07,4.9190016245167484e-08,4.311283509317162e-09
Bicubic,bsd100,108005.png,x16,20.2677104736979,0.3071252923849771,0.09696488267640908,0.1354740560054779,0.1639300435781479,0.04558531567454338,0.13243459165096283,7.282205109120183e-07,5.808506554575538e-08,5.076061938202645e-09
LTE,bsd100,108005.png,x16,20.645211005673644,0.3454514349832927,0.09284092305764191,0.13428173959255219,0.15954403579235077,0.03604310750961304,0.13240741193294525,6.425456256273877e-07,5.806808617877118e-08,5.07253342054799e-09
SC-INR-NoPhi,bsd100,108005.png,x16,20.679522232496915,0.34850663681573424,0.09247490383754484,0.1334620863199234,0.15871277451515198,0.036012470722198486,0.13240627944469452,6.351873862326118e-07,5.8048866722574144e-08,5.0737102648842655e-09
SC-INR-NoPhi-Signed,bsd100,108005.png,x16,20.669481745321264,0.34779411667864596,0.09258186236213585,0.13370901346206665,0.15900562703609467,0.03617431968450546,0.13239793479442596,6.3739268045416e-07,5.8042575160484135e-08,5.072772543145344e-09
SC-INR,bsd100,108005.png,x16,20.65236594076329,0.3460430745288896,0.09276447754809336,0.13329581916332245,0.15879160165786743,0.03639961779117584,0.13239872455596924,6.410962283091131e-07,5.8041832227769863e-08,5.073809590986486e-09
SC-INR-NoSinc,bsd100,108005.png,x16,20.676309567196654,0.3472632726035555,0.09250911401941798,0.13277916610240936,0.15808843076229095,0.03680514171719551,0.13238777220249176,6.359478308800254e-07,5.803594696776075e-08,5.072618544826676e-09
Bicubic,bsd100,108005.png,x30,18.567200878272228,0.22682631209201684,0.11793425178729623,0.15315306186676025,0.18914787471294403,0.07606445997953415,0.1401015818119049,1.5141596847659756e-06,8.531876000685068e-08,7.299602804370473e-09
LTE,bsd100,108005.png,x30,18.70493140871233,0.24529883495223057,0.1160789389230658,0.15740323066711426,0.19254057109355927,0.06168830022215843,0.14010339975357056,1.4533679388909244e-06,8.527918634597429e-08,7.281677114933895e-09
SC-INR-NoPhi,bsd100,108005.png,x30,18.79125796013766,0.2439010214663619,0.1149309779114116,0.15377278625965118,0.18854418396949768,0.0649457573890686,0.14007364213466644,1.4160300497086408e-06,8.528965697222933e-08,7.276665875545297e-09
SC-INR-NoPhi-Signed,bsd100,108005.png,x30,18.85010265307978,0.24824378766352098,0.11415498132781308,0.15276704728603363,0.1874733716249466,0.061983171850442886,0.1400829255580902,1.3909482202603897e-06,8.527812136998942e-08,7.288783698220913e-09
SC-INR,bsd100,108005.png,x30,18.852768399725104,0.2479566788759217,0.11411995192045826,0.1527089625597,0.18750837445259094,0.06372478604316711,0.14005886018276215,1.3899787850254667e-06,8.527009249802797e-08,7.274962101465236e-09
SC-INR-NoSinc,bsd100,108005.png,x30,18.847257394303213,0.2485142642882731,0.11419238148826995,0.15240074694156647,0.1874271035194397,0.06422596424818039,0.14007796347141266,1.392207257143871e-06,8.527661297082868e-08,7.283055645550656e-09
Bicubic,bsd100,108070.png,x4,22.509100225682566,0.6085964640501437,0.07491089549477906,0.12394028902053833,0.1382959485054016,0.018012724816799164,0.2087300419807434,7.096959840458382e-08,7.894545001848016e-08,1.3479737424929253e-08
LTE,bsd100,108070.png,x4,23.088452695340354,0.6784633118770597,0.07007730074730543,0.11671239882707596,0.12708818912506104,0.017487749457359314,0.20592358708381653,3.8385913027781204e-08,7.135523007091126e-08,1.3364317411025183e-08
SC-INR-NoPhi,bsd100,108070.png,x4,23.124977563449857,0.6800843803461691,0.06978323874306773,0.11620698869228363,0.12672752141952515,0.0173641350120306,0.20594114065170288,3.495936030862527e-08,7.118979824136922e-08,1.3388653888769412e-08
SC-INR-NoPhi-Signed,bsd100,108070.png,x4,23.10761247695506,0.6782850939682752,0.06992289100207176,0.11650419235229492,0.1271309107542038,0.017348160967230797,0.20595216751098633,3.608296579836114e-08,7.138404921995911e-08,1.3375683130024181e-08
SC-INR,bsd100,108070.png,x4,23.08517754890839,0.6779669864996953,0.07010372943881171,0.1169065609574318,0.12723006308078766,0.017418477684259415,0.2060425728559494,3.728914836184278e-08,7.168286276673888e-08,1.3364000642614171e-08
SC-INR-NoSinc,bsd100,108070.png,x4,23.12402623666621,0.6812891916154731,0.06979088220879007,0.11627040803432465,0.12707017362117767,0.017397021874785423,0.20621007680892944,3.35846391513031e-08,7.146840153587066e-08,1.3416200800909449e-08
Bicubic,bsd100,108070.png,x8,21.00670999870054,0.4006927100036451,0.08905626973730144,0.1419478803873062,0.1626751720905304,0.023184776306152344,0.21175721287727356,2.899953958060869e-07,8.548418714390255e-08,1.438108426708483e-08
LTE,bsd100,108070.png,x8,21.245045106316454,0.44866824340783035,0.08664584564203318,0.14069731533527374,0.15814688801765442,0.022466139867901802,0.21162964403629303,2.4813869190190423e-07,8.535897020736441e-08,1.437884971473096e-08
SC-INR-NoPhi,bsd100,108070.png,x8,21.2863609928985,0.4511795546168038,0.08623467885472062,0.13955575227737427,0.15750037133693695,0.022468041628599167,0.21163755655288696,2.410441966063351e-07,8.535128088106102e-08,1.437963895514077e-08
SC-INR-NoPhi-Signed,bsd100,108070.png,x8,21.269546767993162,0.4505748145233422,0.08640177441813877,0.1400604248046875,0.15795591473579407,0.022427909076213837,0.21165013313293457,2.4394833543668456e-07,8.53440554637456e-08,1.4381716964333742e-08
SC-INR,bsd100,108070.png,x8,21.25936582449885,0.4504999117528458,0.08650310742510457,0.14031796157360077,0.15805429220199585,0.022482194006443024,0.21168804168701172,2.44958392259406e-07,8.551375627940353e-08,1.4380765931302891e-08
SC-INR-NoSinc,bsd100,108070.png,x8,21.286795592225815,0.4526419009836748,0.08623036420217464,0.13917018473148346,0.15753790736198425,0.022580239921808243,0.21164321899414062,2.408028041234596e-07,8.53935804674275e-08,1.4377215153218313e-08
Bicubic,bsd100,108070.png,x16,19.930557337497618,0.2863427007665869,0.10080269263838496,0.15561771392822266,0.1800549477338791,0.032447099685668945,0.21610112488269806,5.41603686034543e-07,9.661181405540976e-08,1.6419656807416525e-08
LTE,bsd100,108070.png,x16,20.122493762360296,0.3078098877210048,0.0985996360502964,0.15562883019447327,0.1788194477558136,0.029109593480825424,0.2160830944776535,4.935662437471485e-07,9.659556276534447e-08,1.641594196175699e-08
SC-INR-NoPhi,bsd100,108070.png,x16,20.140929238582412,0.31008322567363117,0.09839058393792853,0.15469317138195038,0.17821955680847168,0.029362758621573448,0.21608947217464447,4.889858136032011e-07,9.660764035558666e-08,1.6417522492810874e-08
SC-INR-NoPhi-Signed,bsd100,108070.png,x16,20.140484295226937,0.30928403633148255,0.09839562422276982,0.15445643663406372,0.17797760665416718,0.029358042404055595,0.21609248220920563,4.891313193705261e-07,9.660065106279935e-08,1.6416868634832663e-08
SC-INR,bsd100,108070.png,x16,20.137943351641205,0.3100499556135697,0.09842441278835494,0.15473316609859467,0.17816893756389618,0.029313869774341583,0.21607846021652222,4.898017126835516e-07,9.659857609445668e-08,1.6412235980016128e-08
SC-INR-NoSinc,bsd100,108070.png,x16,20.13555745461233,0.3098124532626206,0.0984514523639392,0.15391342341899872,0.1776895970106125,0.029760124161839485,0.21607716381549835,4.905032363611313e-07,9.656694803042778e-08,1.6414813492431238e-08
Bicubic,bsd100,108070.png,x30,18.456564696210968,0.20752159968395972,0.11944604248895686,0.17367024719715118,0.2009502649307251,0.05877009406685829,0.23179778456687927,1.1725019889919038e-06,1.3971456401746763e-07,2.4447254291275793e-08
LTE,bsd100,108070.png,x30,18.644941802767427,0.22375993874285083,0.11688341981857397,0.17559507489204407,0.20248223841190338,0.047429926693439484,0.2317674607038498,1.0876311239527563e-06,1.3964406842429345e-07,2.4438328331443028e-08
SC-INR-NoPhi,bsd100,108070.png,x30,18.672661881583004,0.22730768155494968,0.11651099360125207,0.17277923226356506,0.19997885823249817,0.04860788583755493,0.23176248371601105,1.075393470887348e-06,1.3964538085776523e-07,2.4437698056503814e-08
SC-INR-NoPhi-Signed,bsd100,108070.png,x30,18.72938772948054,0.22944902202626477,0.1157525623485406,0.17237423360347748,0.1993190348148346,0.04735161364078522,0.23176662623882294,1.0505895328146084e-06,1.3963859722537386e-07,2.444157793811474e-08
SC-INR,bsd100,108070.png,x30,18.710850731091103,0.2286460369208216,0.11599985956392132,0.1725543737411499,0.19933949410915375,0.04743567481637001,0.23176223039627075,1.0587484345537913e-06,1.396198303283398e-07,2.4440841472863418e-08
SC-INR-NoSinc,bsd100,108070.png,x30,18.73889533229354,0.22889545302465375,0.11562592853998105,0.17061495780944824,0.19751660525798798,0.04869081825017929,0.23176929354667664,1.0464497086022181e-06,1.396402775976659e-07,2.444242492350921e-08
Bicubic,bsd100,108082.png,x4,26.184338623417243,0.7969205214249685,0.049066272768213064,0.08505984395742416,0.09294316917657852,0.004421456716954708,0.12149564176797867,4.6193174405406556e-08,3.341233040483786e-08,4.206477642528092e-09
LTE,bsd100,108082.png,x4,27.508923982696317,0.843556354280469,0.042126347009123155,0.07255657017230988,0.07710739970207214,0.003334013745188713,0.11810757964849472,1.508558859640444e-08,2.683429858618051e-08,4.154604034104672e-09
SC-INR-NoPhi,bsd100,108082.png,x4,27.55752875673595,0.8441524706897964,0.04189127340298732,0.0719740241765976,0.07657638937234879,0.0033293983433395624,0.11799533665180206,1.4288375818991456e-08,2.658543132174008e-08,4.155283885780298e-09
SC-INR-NoPhi-Signed,bsd100,108082.png,x4,27.509885614261673,0.8436847004950756,0.04212168337830165,0.07251682877540588,0.07721953094005585,0.00333128753118217,0.11812298744916916,1.487827506469478e-08,2.685643508106544e-08,4.162793228435556e-09
SC-INR,bsd100,108082.png,x4,27.51995063667192,0.8443310760516004,0.04207290194493172,0.0724070817232132,0.0769927054643631,0.0033216446172446012,0.11809329688549042,1.4734006196139482e-08,2.6811354000222182e-08,4.15705698300604e-09
SC-INR-NoSinc,bsd100,108082.png,x4,27.533526529993555,0.8449059639171239,0.04200719409981936,0.07230568677186966,0.07697776705026627,0.003312640590593219,0.11811820417642593,1.4341363033229846e-08,2.675911709340189e-08,4.1678747596221845e-09
Bicubic,bsd100,108082.png,x8,23.243117980340212,0.6088838335306413,0.06884051346757497,0.11189774423837662,0.12996014952659607,0.008317598141729832,0.12381531298160553,2.743934181411408e-07,3.640575219247617e-08,4.4569752167148835e-09
LTE,bsd100,108082.png,x8,24.006087632499792,0.6750135716111068,0.06305152837486593,0.106559157371521,0.11851914972066879,0.005354657303541899,0.12354566901922226,1.9910288148775566e-07,3.6129446498660256e-08,4.459285011287536e-09
SC-INR-NoPhi,bsd100,108082.png,x8,24.040775799512907,0.675396887948725,0.06280022648920269,0.10585449635982513,0.1181037649512291,0.005340398754924536,0.1235308051109314,1.9621200046596734e-07,3.6067205255661705e-08,4.459124662740463e-09
SC-INR-NoPhi-Signed,bsd100,108082.png,x8,24.00452874153133,0.6758775302876447,0.06306284549758377,0.10636116564273834,0.11878430098295212,0.005301869474351406,0.12354164570569992,1.9926509818911328e-07,3.612209256748723e-08,4.460829219845295e-09
SC-INR,bsd100,108082.png,x8,24.050429883489212,0.6779455697704013,0.0627304648550132,0.10594255477190018,0.11795651167631149,0.005323447752743959,0.12349621206521988,1.9534419557984868e-07,3.6060277476628846e-08,4.461563989918695e-09
SC-INR-NoSinc,bsd100,108082.png,x8,24.059751123013285,0.6781516150205633,0.0626631819310399,0.1054111048579216,0.11779054254293442,0.005346415098756552,0.12343715876340866,1.954680432846552e-07,3.5851073558032196e-08,4.456948555811536e-09
Bicubic,bsd100,108082.png,x16,20.937943521823495,0.4423349405168184,0.08976412956147506,0.13580670952796936,0.1623118370771408,0.02433590404689312,0.1262913942337036,6.528383148081899e-07,4.201318419672441e-08,5.009267901200869e-09
LTE,bsd100,108082.png,x16,21.419364604322446,0.4983725913829358,0.0849242597094225,0.13578534126281738,0.15779554843902588,0.012872706167399883,0.1262805312871933,5.601431725251967e-07,4.202793330521205e-08,5.0064482371747e-09
SC-INR-NoPhi,bsd100,108082.png,x16,21.49030597553571,0.5006611509918856,0.08423347182135503,0.13427218794822693,0.15626949071884155,0.013959555886685848,0.12625490128993988,5.476538688009682e-07,4.195696604645161e-08,5.006309416652632e-09
SC-INR-NoPhi-Signed,bsd100,108082.png,x16,21.469899928874895,0.5010635586971004,0.08443159693135496,0.1349099725484848,0.15685024857521057,0.013745186850428581,0.12625931203365326,5.513283326970537e-07,4.195492746823766e-08,5.005931376030486e-09
SC-INR,bsd100,108082.png,x16,21.427720393295452,0.4988307925105194,0.08484260221533926,0.1353752762079239,0.15749958157539368,0.01422917190939188,0.1262563019990921,5.589419388425467e-07,4.1961780202360074e-08,5.00367322394336e-09
SC-INR-NoSinc,bsd100,108082.png,x16,21.462797879376755,0.49995206139662507,0.08450066096742845,0.13389311730861664,0.1563071757555008,0.014454323798418045,0.12624163925647736,5.525549693058207e-07,4.197097976331552e-08,5.003705614462692e-09
Bicubic,bsd100,108082.png,x30,18.996352966759943,0.3500706914743368,0.1122489666575274,0.15745627880096436,0.1910143941640854,0.050848670303821564,0.12455052137374878,1.4722703392293816e-06,5.60451745942769e-08,5.936867135116019e-09
LTE,bsd100,108082.png,x30,19.517181533863774,0.3924205551216022,0.10571604893571843,0.1564466804265976,0.18736068904399872,0.03135611489415169,0.1245221197605133,1.2718814957299831e-06,5.6040225710738596e-08,5.929946013913185e-09
SC-INR-NoPhi,bsd100,108082.png,x30,19.55512641482362,0.39494815424681046,0.10525522870783037,0.1560221016407013,0.1871882826089859,0.03330118581652641,0.12451636791229248,1.2582324140563698e-06,5.6037872653531415e-08,5.926799219554568e-09
SC-INR-NoPhi-Signed,bsd100,108082.png,x30,19.517280336875256,0.3936406989947079,0.10571484641012512,0.15679167211055756,0.18824194371700287,0.033213112503290176,0.12451492995023727,1.272019142542539e-06,5.60041208274968e-08,5.928514645056455e-09
SC-INR,bsd100,108082.png,x30,19.52568718182045,0.3929926325751451,0.10561257728059578,0.1562701314687729,0.1875055581331253,0.033376213163137436,0.12451484054327011,1.2689452030899104e-06,5.601710914161045e-08,5.9254644823054455e-09
SC-INR-NoSinc,bsd100,108082.png,x30,19.522120454491592,0.3921309497190663,0.1056559543707028,0.15553127229213715,0.18684767186641693,0.03421622887253761,0.12450957298278809,1.2702640904873782e-06,5.600942349402822e-08,5.9261092547254046e-09
Bicubic,bsd100,109053.png,x4,28.309659668190097,0.8079456181898284,0.03841643112666203,0.068617083132267,0.07260270416736603,0.004339170176535845,0.09605354815721512,2.7003985104386805e-08,2.07129570246344e-08,2.611662847791179e-09
LTE,bsd100,109053.png,x4,29.29992518867802,0.8491468705572904,0.03427707388084227,0.06104016676545143,0.0631241500377655,0.0037006521597504616,0.09409914165735245,1.0949042806772232e-08,1.7858193204672468e-08,2.593056552666963e-09
SC-INR-NoPhi,bsd100,109053.png,x4,29.323053294398605,0.8497614978032808,0.03418592498268123,0.060954611748456955,0.06298118084669113,0.0036942388396710157,0.09402775764465332,1.0901434345276928e-08,1.773407115787136e-08,2.5930169687045336e-09
SC-INR-NoPhi-Signed,bsd100,109053.png,x4,29.31110711901635,0.8490784385745851,0.0342329750883657,0.0610358826816082,0.06312091648578644,0.0036958835553377867,0.09410712867975235,1.0741267599226248e-08,1.7836718544045734e-08,2.5945523803462443e-09
SC-INR,bsd100,109053.png,x4,29.335892747636688,0.8501942885886303,0.03413542879266594,0.06079328432679176,0.0628337562084198,0.0037016284186393023,0.09399357438087463,1.066165061701794e-08,1.771771528300566e-08,2.5908447034772005e-09
SC-INR-NoSinc,bsd100,109053.png,x4,29.29387701483019,0.8491407701201109,0.034300950064600474,0.06108362227678299,0.06320401281118393,0.0037197412457317114,0.09427937120199203,1.0741801665411612e-08,1.792074813975904e-08,2.6030127535401925e-09
Bicubic,bsd100,109053.png,x8,25.842008433751246,0.6450920468891528,0.051038696981587126,0.08598709851503372,0.09444216638803482,0.008487695828080177,0.0982273742556572,1.360277171161289e-07,2.2636652348292733e-08,2.8115999088122322e-09
LTE,bsd100,109053.png,x8,26.489239160690747,0.696990883775508,0.04737378033550089,0.08185494691133499,0.08766692131757736,0.006695013027638197,0.09806115925312042,1.0031346838811433e-07,2.2541253641276403e-08,2.8118134229460914e-09
SC-INR-NoPhi,bsd100,109053.png,x8,26.512122233216836,0.6983451142376388,0.047249137844218955,0.08162596076726913,0.08743114024400711,0.006646647583693266,0.09804094582796097,9.923569384405605e-08,2.2519733347119075e-08,2.8108603283596226e-09
SC-INR-NoPhi-Signed,bsd100,109053.png,x8,26.482137456142375,0.6963560493866255,0.047412529638060134,0.0817696824669838,0.08766869455575943,0.006775329355150461,0.09804859757423401,1.0078504240356926e-07,2.251891589975122e-08,2.8113105519086184e-09
SC-INR,bsd100,109053.png,x8,26.48802328141731,0.6977116169176852,0.04738041233657125,0.08176993578672409,0.0875973179936409,0.006687923334538937,0.09808563441038132,1.0036003148868417e-07,2.2542517507452046e-08,2.813057251467106e-09
SC-INR-NoSinc,bsd100,109053.png,x8,26.51273781662946,0.6987445158567226,0.04724578933806989,0.08143582195043564,0.08736522495746613,0.006802132818847895,0.09807606786489487,9.906121925240771e-08,2.254919882984472e-08,2.812228886593577e-09
Bicubic,bsd100,109053.png,x16,23.50452941169494,0.49101455458025456,0.06679954885964683,0.10233641415834427,0.11469656229019165,0.02308748848736286,0.10082735121250153,3.4658161273408713e-07,2.564941884214859e-08,3.275928754727696e-09
LTE,bsd100,109053.png,x16,23.906501516056334,0.5225811990650642,0.06377859153468515,0.10047641396522522,0.11198563873767853,0.018504923209547997,0.10080255568027496,3.0346084166902863e-07,2.563033572123273e-08,3.2731470972012666e-09
SC-INR-NoPhi,bsd100,109053.png,x16,23.947523711422072,0.5247615557476717,0.06347808469267673,0.09948497265577316,0.11081197112798691,0.018534895032644272,0.10080663114786148,2.992376626225459e-07,2.5635606283665467e-08,3.2741671881779074e-09
SC-INR-NoPhi-Signed,bsd100,109053.png,x16,23.937817011423487,0.5245291881517038,0.06354906270036947,0.09967685490846634,0.11125823110342026,0.018636828288435936,0.10080777108669281,3.0019289465565745e-07,2.5644253775460995e-08,3.273524894588468e-09
SC-INR,bsd100,109053.png,x16,23.98835493286089,0.5258737051854713,0.06318038286661598,0.09931401163339615,0.11053603142499924,0.018267866224050522,0.10080782324075699,2.9511650510962114e-07,2.5633283463109003e-08,3.274082903827935e-09
SC-INR-NoSinc,bsd100,109053.png,x16,23.96979932335521,0.5265753538977748,0.06331549897980372,0.0993080660700798,0.11072171479463577,0.018247943371534348,0.10080450028181076,2.9700043985962015e-07,2.563157041816132e-08,3.273707896895103e-09
Bicubic,bsd100,109053.png,x30,22.01652012081057,0.4412186514167644,0.07928188985725011,0.11418816447257996,0.1274603307247162,0.03551144525408745,0.09878844767808914,7.140181389861409e-07,3.026314643323921e-08,4.126974531056427e-09
LTE,bsd100,109053.png,x30,22.260965837471826,0.4571781052184516,0.07708177523337756,0.1138424351811409,0.1269320249557495,0.02908512018620968,0.09877417981624603,6.657412383752817e-07,3.023679629337334e-08,4.122584529957535e-09
SC-INR-NoPhi,bsd100,109053.png,x30,22.402595672737977,0.45890900418157793,0.07583509171928833,0.1111890971660614,0.1242736279964447,0.030350901186466217,0.0987686738371849,6.389600407843854e-07,3.0226334383431635e-08,4.121273503727189e-09
SC-INR-NoPhi-Signed,bsd100,109053.png,x30,22.329909544636784,0.4578029259889511,0.07647236522742529,0.11241228878498077,0.12543483078479767,0.03015020117163658,0.09877408295869827,6.526147714520441e-07,3.0230964961401384e-08,4.120078785894388e-09
SC-INR,bsd100,109053.png,x30,22.357438165491253,0.4588291154587789,0.07623038123573168,0.11178280413150787,0.12484072148799896,0.03014465607702732,0.09877225011587143,6.474225813782362e-07,3.022936995914426e-08,4.119728609426227e-09
SC-INR-NoSinc,bsd100,109053.png,x30,22.397902941532895,0.4598120274226616,0.07587607426311015,0.11095510423183441,0.12409176677465439,0.03015250340104103,0.09876716881990433,6.398418679256428e-07,3.022633639179845e-08,4.120524211802536e-09
Bicubic,urban100,img_001.png,x4,25.20328822930629,0.7385610115493481,0.05493328727797263,0.10141338407993317,0.10777460038661957,0.008232762105762959,0.16068211197853088,1.0901366816854093e-08,9.045282926989683e-09,1.719609524402306e-09
LTE,urban100,img_001.png,x4,27.82643269778965,0.8262583947570302,0.04061424320430457,0.0720488578081131,0.07455214858055115,0.005660347640514374,0.14626246690750122,1.3711474976477976e-09,4.741866254496446e-09,1.5705726452064142e-09
SC-INR-NoPhi,urban100,img_001.png,x4,27.788367475725607,0.8244722657263995,0.04079262248320309,0.07225409895181656,0.07492340356111526,0.00566834444180131,0.1463802307844162,1.3554904294884817e-09,4.817706148398861e-09,1.570173757591135e-09
SC-INR-NoPhi-Signed,urban100,img_001.png,x4,27.811854981178726,0.8245773267470455,0.040682464200261476,0.07212007790803909,0.07473625987768173,0.005680393893271685,0.14640581607818604,1.3277131469846429e-09,4.7777727984066005e-09,1.5711794607376925e-09
SC-INR,urban100,img_001.png,x4,27.861070059821436,0.8259351729652874,0.04045260529637373,0.07150395959615707,0.07402244210243225,0.005671566352248192,0.14566919207572937,1.3219768456306397e-09,4.7098668066223065e-09,1.5596002370804134e-09
SC-INR-NoSinc,urban100,img_001.png,x4,27.784903368293264,0.8249746969312929,0.04080889464587204,0.07245011627674103,0.07505667954683304,0.005660539027303457,0.14688733220100403,1.3285767100442416e-09,4.805028348440993e-09,1.5830811210274209e-09
Bicubic,urban100,img_001.png,x8,22.91424283451324,0.5759128796883722,0.07149700642076018,0.12403065711259842,0.13920219242572784,0.014809097163379192,0.16237539052963257,5.6751785005294954e-08,9.600282148869088e-09,1.7889314399884922e-09
LTE,urban100,img_001.png,x8,24.621653762963646,0.6917664022928282,0.058737750726262326,0.10661907494068146,0.11313803493976593,0.008513239212334156,0.1604168862104416,2.4081993520158782e-08,8.540020839919591e-09,1.7888098391112325e-09
SC-INR-NoPhi,urban100,img_001.png,x8,24.654476104306088,0.6909632024828273,0.05851621066960296,0.10599444806575775,0.11270257085561752,0.00859688501805067,0.16005142033100128,2.4058416710200263e-08,8.420093969315577e-09,1.7856310068458167e-09
SC-INR-NoPhi-Signed,urban100,img_001.png,x8,24.599364109142737,0.6897883505821139,0.05888867659659071,0.10670356452465057,0.11344587802886963,0.00870809331536293,0.160624697804451,2.4286270297668143e-08,8.580598428272536e-09,1.7905019739472609e-09
SC-INR,urban100,img_001.png,x8,24.705115409638765,0.693454252957138,0.05817604987317397,0.1052597165107727,0.11176680773496628,0.00857281219214201,0.1599276065826416,2.339844204393834e-08,8.36909503417409e-09,1.7849031555049882e-09
SC-INR-NoSinc,urban100,img_001.png,x8,24.644967337213608,0.6903717561120771,0.05858030562337088,0.10591886937618256,0.11250677704811096,0.008707684464752674,0.1603633612394333,2.3843833319389762e-08,8.504273136683375e-09,1.7866874735281917e-09
Bicubic,urban100,img_001.png,x16,20.77867493416428,0.41561106695804506,0.09142527035947562,0.1420048624277115,0.16459831595420837,0.03779271990060806,0.16349270939826965,1.346054391311603e-07,1.0106735571466594e-08,1.89323676205798e-09
LTE,urban100,img_001.png,x16,21.842568487933157,0.5047768032414525,0.0808856678337763,0.13411939144134521,0.1513846516609192,0.0232401043176651,0.16342699527740479,9.203642391537508e-08,1.0110227110379261e-08,1.890166959879039e-09
SC-INR-NoPhi,urban100,img_001.png,x16,22.019107045581933,0.5112549482848056,0.0792582807907777,0.13226890563964844,0.14885860681533813,0.02282986231148243,0.1632683277130127,8.63329985096764e-08,1.0018774169237905e-08,1.8900871027470266e-09
SC-INR-NoPhi-Signed,urban100,img_001.png,x16,22.006099535919034,0.5118177606815564,0.07937706254265565,0.13211967051029205,0.1490805298089981,0.022429145872592926,0.1632680743932724,8.67597396981969e-08,1.0021331401649485e-08,1.8905119141153223e-09
SC-INR,urban100,img_001.png,x16,22.06300216887759,0.514781419682805,0.07885875051223559,0.13172073662281036,0.1480623334646225,0.022249020636081696,0.16325637698173523,8.483961704722518e-08,1.0020561762570137e-08,1.890579629546728e-09
SC-INR-NoSinc,urban100,img_001.png,x16,22.028650918837265,0.5132499096651334,0.07917124128248032,0.13189342617988586,0.1486579328775406,0.02236543968319893,0.16329728066921234,8.581343360370482e-08,1.0063605577202555e-08,1.8897491654459164e-09
Bicubic,urban100,img_001.png,x30,18.93519074948031,0.32656383602458133,0.11304216394184413,0.15494702756404877,0.18196499347686768,0.08394496142864227,0.16485196352005005,2.6183578296549577e-07,1.123829713745233e-08,2.131883608088207e-09
LTE,urban100,img_001.png,x30,19.594734113696724,0.3694162602314152,0.1047763570128876,0.15222400426864624,0.17565321922302246,0.04968362674117088,0.16481468081474304,2.15399983505458e-07,1.1220559796821286e-08,2.1288285719264123e-09
SC-INR-NoPhi,urban100,img_001.png,x30,19.671715089512595,0.37001420830148474,0.10385185194480953,0.15366986393928528,0.17666910588741302,0.0479498989880085,0.1648360937833786,2.1038911693208698e-07,1.1224428582933836e-08,2.1297274108251037e-09
SC-INR-NoPhi-Signed,urban100,img_001.png,x30,19.672478700034485,0.37047167398545605,0.10384272232373688,0.15310752391815186,0.1760559380054474,0.04729951545596123,0.16481472551822662,2.103554692573567e-07,1.1221208569961535e-08,2.129605879277078e-09
SC-INR,urban100,img_001.png,x30,19.721595512697863,0.3742085139289448,0.103257171504763,0.15278814733028412,0.17572592198848724,0.0463695153594017,0.16482672095298767,2.0720235186314368e-07,1.1225114036381497e-08,2.129723182145883e-09
SC-INR-NoSinc,urban100,img_001.png,x30,19.720062816055492,0.3732414737599031,0.10327539368933948,0.15274390578269958,0.17581431567668915,0.04680225998163223,0.16482816636562347,2.072914740285663e-07,1.1227168829518239e-08,2.1296091048624867e-09
Bicubic,urban100,img_002.png,x4,24.276957182330776,0.7648808665741751,0.061115608597716316,0.09862088412046432,0.10912209004163742,0.008791569620370865,0.15797059237957,1.1745954968106277e-08,9.990744417285138e-09,1.4120328176376074e-09
LTE,urban100,img_002.png,x4,26.968051129713587,0.8835000339968211,0.04483296313210168,0.07142361253499985,0.07481715083122253,0.005757092963904142,0.14058370888233185,1.5118856583410752e-09,5.553048884152491e-09,1.22230713685166e-09
SC-INR-NoPhi,urban100,img_002.png,x4,26.92084683685268,0.8812218549237287,0.04507727539957655,0.07183735817670822,0.07532544434070587,0.005735527258366346,0.14119823276996613,1.5435980627821485e-09,5.622166145175995e-09,1.229615042965732e-09
SC-INR-NoPhi-Signed,urban100,img_002.png,x4,26.893965957342196,0.8809814560853103,0.04521699554233623,0.07222166657447815,0.07600530236959457,0.0057326122187078,0.14131739735603333,1.5382338688338979e-09,5.667823843353984e-09,1.2334780112434326e-09
SC-INR,urban100,img_002.png,x4,27.02720179699416,0.88445755599332,0.04452868912260052,0.07073410600423813,0.07395963370800018,0.005716277286410332,0.1399867683649063,1.4687958097572677e-09,5.471531516738521e-09,1.2116400040588325e-09
SC-INR-NoSinc,urban100,img_002.png,x4,26.859818483806887,0.8803909274949844,0.04539511031413464,0.07257732003927231,0.07633817940950394,0.005737215280532837,0.14288048446178436,1.492108810737912e-09,5.66560660222667e-09,1.2738862059069948e-09
Bicubic,urban100,img_002.png,x8,21.881659445422372,0.5608143579323422,0.08052245877697166,0.11756637692451477,0.13663804531097412,0.017403772100806236,0.15944436192512512,6.208085555424471e-08,1.042492091096897e-08,1.4485595603060948e-09
LTE,urban100,img_002.png,x8,23.102866971768066,0.6964836919416788,0.06996110356479959,0.1079806536436081,0.11763311177492142,0.00925964955240488,0.15871649980545044,3.309805167523294e-08,1.0278193551296345e-08,1.4448502772700614e-09
SC-INR-NoPhi,urban100,img_002.png,x8,23.198346107904385,0.6972796662906766,0.06919627159404089,0.10744430124759674,0.11751953512430191,0.00899372436106205,0.15862827003002167,3.14635535425751e-08,1.0193319217147077e-08,1.4477291083079476e-09
SC-INR-NoPhi-Signed,urban100,img_002.png,x8,23.206581603110813,0.6946229247881522,0.06913069448978157,0.10714786499738693,0.11747298389673233,0.008627143688499928,0.15864218771457672,3.1217116908882854e-08,1.021156005042192e-08,1.447271670577206e-09
SC-INR,urban100,img_002.png,x8,23.16914412417821,0.6984591672663794,0.06942930114396502,0.10732504725456238,0.11708900332450867,0.008931309916079044,0.1587778478860855,3.174339370746242e-08,1.0267721731527154e-08,1.4468581975511725e-09
SC-INR-NoSinc,urban100,img_002.png,x8,23.257638682698243,0.6994483865234579,0.06872552495652198,0.10667252540588379,0.11686846613883972,0.009101899340748787,0.15865027904510498,3.036223198472762e-08,1.0170532585327562e-08,1.446655978368074e-09
Bicubic,urban100,img_002.png,x16,19.49601071844908,0.3608152670363047,0.10597403341552432,0.13429971039295197,0.16048647463321686,0.042244646698236465,0.16022875905036926,1.5589550760707078e-07,1.09082512353353e-08,1.517268219245901e-09
LTE,urban100,img_002.png,x16,20.48764601381476,0.4759980298656657,0.09454045743475052,0.13145285844802856,0.15031398832798004,0.026604941114783287,0.16027407348155975,1.1137000778320887e-07,1.0935754140292127e-08,1.5158581812074202e-09
SC-INR-NoPhi,urban100,img_002.png,x16,20.64414124433151,0.4773699916016646,0.09285235812657161,0.1297575682401657,0.14813819527626038,0.0264218021184206,0.16036340594291687,1.0505352567957621e-07,1.0975617518714676e-08,1.5170948409789679e-09
SC-INR-NoPhi-Signed,urban100,img_002.png,x16,20.608273275169545,0.4739067075429063,0.09323658030174363,0.12953069806098938,0.14808107912540436,0.026174018159508705,0.16032707691192627,1.0652291885226348e-07,1.0957754681803075e-08,1.5165410555965454e-09
SC-INR,urban100,img_002.png,x16,20.5512131576938,0.4774597427262228,0.0938510945749141,0.12997446954250336,0.1481602042913437,0.027008039876818657,0.16044466197490692,1.0864442930552772e-07,1.0980088889123232e-08,1.5172934115134894e-09
SC-INR-NoSinc,urban100,img_002.png,x16,20.770018926293194,0.48442439317067143,0.09151642651635976,0.1273878812789917,0.1453840434551239,0.02805972844362259,0.1601608842611313,1.0058345246056931e-07,1.0910614016019713e-08,1.5156236789034826e-09
Bicubic,urban100,img_002.png,x30,17.40668155867518,0.2484773574952014,0.1347925601523776,0.14756852388381958,0.1760741025209427,0.09830047190189362,0.16318227350711823,3.175346006627368e-07,1.2420443300173144e-08,1.7449633687646794e-09
LTE,urban100,img_002.png,x30,18.272650751176784,0.30408311548894235,0.12200214389940921,0.14574557542800903,0.1738865077495575,0.06935299187898636,0.16315105557441711,2.4750772591826157e-07,1.2404982720503894e-08,1.7421040168537546e-09
SC-INR-NoPhi,urban100,img_002.png,x30,18.274615313834822,0.30734802220825275,0.12197455274147485,0.14671145379543304,0.1748857945203781,0.06886786967515945,0.1631988137960434,2.473266751751552e-07,1.2413614624706886e-08,1.7419876727461092e-09
SC-INR-NoPhi-Signed,urban100,img_002.png,x30,18.367311585887425,0.30864143598618393,0.1206797552478388,0.14476937055587769,0.1726185530424118,0.06690084934234619,0.16315346956253052,2.40642617182211e-07,1.2408942678107461e-08,1.7416715960749289e-09
SC-INR,urban100,img_002.png,x30,18.23054276236593,0.30704320072593816,0.12259502933149727,0.1460006833076477,0.17373137176036835,0.07269085943698883,0.16318939626216888,2.5056373016098197e-07,1.2416231888258004e-08,1.740952300135605e-09
SC-INR-NoSinc,urban100,img_002.png,x30,18.45155572962699,0.311977977108593,0.11951494432944491,0.14313054084777832,0.1704457551240921,0.06725145131349564,0.16312915086746216,2.3471246854112448e-07,1.2400455008724108e-08,1.7410796532963628e-09
Bicubic,urban100,img_003.png,x4,22.0775393101109,0.6354183258045186,0.07872687893014897,0.13259723782539368,0.14301466941833496,0.01539176981896162,0.22009985148906708,1.9370433345636032e-08,1.7499733077884033e-08,3.5933550276153265e-09
LTE,urban100,img_003.png,x4,23.96165474807029,0.7658160567308917,0.06337489642961493,0.10564760863780975,0.10825350135564804,0.012704605236649513,0.20414741337299347,3.679654017685338e-09,1.1460524442178798e-08,3.2866166224947095e-09
SC-INR-NoPhi,urban100,img_003.png,x4,23.966187819298636,0.7639840007334141,0.0633418303903607,0.10554590821266174,0.10829029977321625,0.012657449580729008,0.20475904643535614,3.5349761161310465e-09,1.1425660778234107e-08,3.3110721162453322e-09
SC-INR-NoPhi-Signed,urban100,img_003.png,x4,23.965492286624134,0.7642198443329061,0.0633469027638898,0.10544557869434357,0.10807392746210098,0.01267468836158514,0.20446304976940155,3.5125435160057106e-09,1.1454296281960215e-08,3.3005530500565447e-09
SC-INR,urban100,img_003.png,x4,24.004119402899974,0.7662700220016898,0.06306581752097093,0.10480201244354248,0.10733886808156967,0.012695001438260078,0.2041638046503067,3.42190379335414e-09,1.1314455937497116e-08,3.297790440960224e-09
SC-INR-NoSinc,urban100,img_003.png,x4,23.935056656774513,0.764089933620221,0.06356926164769972,0.10604774206876755,0.10902801156044006,0.012644651345908642,0.2061525583267212,3.318046942127941e-09,1.149041232187561e-08,3.371650460733582e-09
Bicubic,urban100,img_003.png,x8,20.226110541187662,0.43450619785582734,0.0974303971718141,0.15423941612243652,0.17552335560321808,0.023552488535642624,0.22200320661067963,8.720926849849083e-08,1.8278029236895527e-08,3.6990939111773544e-09
LTE,urban100,img_003.png,x8,21.346616333237186,0.5489940976036335,0.08563852593606143,0.14107853174209595,0.15140895545482635,0.018272366374731064,0.22016151249408722,4.620320153384976e-08,1.7260680690168185e-08,3.6877457712544246e-09
SC-INR-NoPhi,urban100,img_003.png,x8,21.343335591999445,0.5478055208354631,0.08567087851273035,0.1410670280456543,0.15198659896850586,0.017933014780282974,0.22057990729808807,4.5806051630683606e-08,1.736163423436648e-08,3.6952827218950396e-09
SC-INR-NoPhi-Signed,urban100,img_003.png,x8,21.35474865095074,0.5487928437420376,0.08555838287585987,0.14068669080734253,0.15114663541316986,0.018190976232290268,0.2204611599445343,4.582125408723587e-08,1.7266673579811953e-08,3.6952528867239076e-09
SC-INR,urban100,img_003.png,x8,21.394595679316932,0.5534518051653223,0.08516677771683223,0.14020366966724396,0.15038208663463593,0.017961127683520317,0.22043932974338531,4.4638795722616133e-08,1.720292502348289e-08,3.701310794039313e-09
SC-INR-NoSinc,urban100,img_003.png,x8,21.350408728694454,0.5497983938592004,0.08560114297592554,0.1408046931028366,0.15163694322109222,0.0181732214987278,0.2209443598985672,4.467386464538776e-08,1.7554640079774e-08,3.6978032552291132e-09
Bicubic,urban100,img_003.png,x16,18.64140947655993,0.2844022481497723,0.11693096294282204,0.17084458470344543,0.1993214339017868,0.049635112285614014,0.22452199459075928,1.825633789109868e-07,1.9674884316452454e-08,3.996653600339099e-09
LTE,urban100,img_003.png,x16,19.175761966177813,0.3446139963149361,0.1099542199042772,0.1688268780708313,0.19276635348796844,0.039335981011390686,0.22447359561920166,1.4735699158016604e-07,1.965745244743973e-08,3.995266378323531e-09
SC-INR-NoPhi,urban100,img_003.png,x16,19.212547835347024,0.34632831274394776,0.1094895342186565,0.16798202693462372,0.19178690016269684,0.039662547409534454,0.22446152567863464,1.451111157726326e-07,1.964990725332971e-08,3.995912087917639e-09
SC-INR-NoPhi-Signed,urban100,img_003.png,x16,19.219635208398582,0.34796540779463275,0.1094002311418936,0.16818346083164215,0.19163116812705994,0.0392453670501709,0.22449040412902832,1.446232274289972e-07,1.9659489377184024e-08,3.996991845254694e-09
SC-INR,urban100,img_003.png,x16,19.234137360898156,0.34969089491741684,0.10921772650756215,0.1681877076625824,0.19160377979278564,0.03932797163724899,0.22448113560676575,1.437601923643222e-07,1.9652051736282135e-08,3.997733681868525e-09
SC-INR-NoSinc,urban100,img_003.png,x16,19.264058959890242,0.349900702222545,0.10884213497054523,0.16728225350379944,0.19068452715873718,0.03963092714548111,0.2244550734758377,1.4193614033477938e-07,1.9655317751323705e-08,3.995811931950519e-09
Bicubic,urban100,img_003.png,x30,17.46136131708021,0.2185949072384976,0.13394667398067311,0.17887715995311737,0.20840421319007874,0.08115192502737045,0.22907662391662598,3.009172342862047e-07,2.2525929090044095e-08,4.59281357766401e-09
LTE,urban100,img_003.png,x30,17.826830253117333,0.2419450223493224,0.12842763567028673,0.18135197460651398,0.2104039490222931,0.0642349049448967,0.2290608286857605,2.653371365861727e-07,2.252280690837231e-08,4.591455119618943e-09
SC-INR-NoPhi,urban100,img_003.png,x30,17.83789178361696,0.24391750191157247,0.12826418643515997,0.18150068819522858,0.21054379642009735,0.06405244022607803,0.22906562685966492,2.643005302535681e-07,2.2523486984676806e-08,4.591671270873958e-09
SC-INR-NoPhi-Signed,urban100,img_003.png,x30,17.836530469012807,0.24444839760525217,0.12828429048909962,0.18124642968177795,0.21021224558353424,0.06401441991329193,0.2290634959936142,2.644342690339509e-07,2.25223954405008e-08,4.591437164089892e-09
SC-INR,urban100,img_003.png,x30,17.883600317181756,0.24590994844101458,0.12759098322230214,0.18121957778930664,0.20979632437229156,0.06318479776382446,0.229057177901268,2.6009477613691246e-07,2.2518504466747482e-08,4.590843392765244e-09
SC-INR-NoSinc,urban100,img_003.png,x30,17.857092422608805,0.24351814856950266,0.12798096451786878,0.1807447075843811,0.20983365178108215,0.06450869888067245,0.22906295955181122,2.6252171788476623e-07,2.2522636367358205e-08,4.591455848692497e-09
Bicubic,urban100,img_004.png,x4,21.204855137390737,0.7762835913141939,0.08704768849151773,0.1465049535036087,0.15909221768379211,0.01253355760127306,0.16585023701190948,4.7354823330363876e-08,2.1992585331671355e-08,1.3673398157419778e-09
LTE,urban100,img_004.png,x4,23.71857318353039,0.8924170675274742,0.0651735444752506,0.11462530493736267,0.1170789822936058,0.006768693216145039,0.1424337923526764,1.1882367688705752e-08,1.505396960911115e-08,1.0591250085901248e-09
SC-INR-NoPhi,urban100,img_004.png,x4,23.466895896959503,0.8890151959216203,0.06708960040296819,0.11831709742546082,0.12167251110076904,0.006931737065315247,0.14612525701522827,1.2806968969919671e-08,1.5906449832711352e-08,1.1208692032624204e-09
SC-INR-NoPhi-Signed,urban100,img_004.png,x4,23.543879248080763,0.8900736383712644,0.06649761016103548,0.11713673174381256,0.11979728192090988,0.006767468526959419,0.1448064148426056,1.2849932655190823e-08,1.5581093337097284e-08,1.0938199532446092e-09
SC-INR,urban100,img_004.png,x4,23.684637240865563,0.8938431496050236,0.06542867688209858,0.11495597660541534,0.11760622262954712,0.006748966407030821,0.14412972331047058,1.146389251227715e-08,1.524433015648067e-08,1.0893146172550226e-09
SC-INR-NoSinc,urban100,img_004.png,x4,23.493166698270986,0.8895481103484828,0.06688699192525344,0.11715389788150787,0.1209712028503418,0.006790393032133579,0.14817802608013153,1.1539473545678535e-08,1.596278939265456e-08,1.1730980718293464e-09
Bicubic,urban100,img_004.png,x8,17.951323743518838,0.4539859098967997,0.12660003123288652,0.18071140348911285,0.21215353906154633,0.03340884670615196,0.1687348634004593,2.2382799774860782e-07,2.3087214369454188e-08,1.415351316213549e-09
LTE,urban100,img_004.png,x8,19.132972113563156,0.6582621404364551,0.11049723083356591,0.17309126257896423,0.19577063620090485,0.024373576045036316,0.16708938777446747,1.462347650831389e-07,2.2400796132927638e-08,1.4094773585443788e-09
SC-INR-NoPhi,urban100,img_004.png,x8,18.925391223050465,0.646240697770973,0.11316977145799567,0.17677298188209534,0.1983550786972046,0.02610328607261181,0.16798533499240875,1.572253400263362e-07,2.2750109560742803e-08,1.4199413590235768e-09
SC-INR-NoPhi-Signed,urban100,img_004.png,x8,18.873420724952865,0.6467533249769531,0.11384893274303327,0.17756743729114532,0.19919364154338837,0.024190468713641167,0.16794873774051666,1.6059644361349226e-07,2.272757363366033e-08,1.4185429992728572e-09
SC-INR,urban100,img_004.png,x8,19.059735543109394,0.6614613980376401,0.11143284607271141,0.17538993060588837,0.19473488628864288,0.02485378086566925,0.16791966557502747,1.487824440139924e-07,2.279731389776089e-08,1.4185189792652154e-09
SC-INR-NoSinc,urban100,img_004.png,x8,19.23365657649683,0.6660687951296237,0.1092237721326793,0.17256991565227509,0.19177211821079254,0.02461976371705532,0.1673009991645813,1.3976823843705743e-07,2.2520038291921377e-08,1.4120775297314576e-09
Bicubic,urban100,img_004.png,x16,16.040496658421496,0.21057533951026747,0.1577521064601792,0.1954038143157959,0.23188087344169617,0.09086184203624725,0.16838355362415314,4.324726756539675e-07,2.4519990834331348e-08,1.5355170509931105e-09
LTE,urban100,img_004.png,x16,16.479028248061102,0.292024345539886,0.14998526252430736,0.19614437222480774,0.23164896667003632,0.06416204571723938,0.1683649867773056,3.792115648435022e-07,2.451011996603546e-08,1.5365921337402685e-09
SC-INR-NoPhi,urban100,img_004.png,x16,16.375352496229077,0.28575514327578116,0.15178623031580585,0.19577054679393768,0.23150984942913055,0.07499067485332489,0.16839011013507843,3.9131021033874896e-07,2.451141720003023e-08,1.5382147847579125e-09
SC-INR-NoPhi-Signed,urban100,img_004.png,x16,16.200876582710226,0.2825577657789361,0.15486603197398816,0.19723555445671082,0.23356619477272034,0.08596538007259369,0.16842912137508392,4.121443003438455e-07,2.4559075575855153e-08,1.5396853480725387e-09
SC-INR,urban100,img_004.png,x16,16.489003436412226,0.29945972453458586,0.14981311291969907,0.1955142766237259,0.2311130315065384,0.06991886347532272,0.168397456407547,3.779005869622693e-07,2.454632542012517e-08,1.5364950897079877e-09
SC-INR-NoSinc,urban100,img_004.png,x16,16.40707582268706,0.29394605195030504,0.15123287517766743,0.1951582133769989,0.2319309115409851,0.0732681006193161,0.16834034025669098,3.8752915804526787e-07,2.4522670892452374e-08,1.5373128740680911e-09
Bicubic,urban100,img_004.png,x30,15.326133339681594,0.15872260010377687,0.17127474634768136,0.20146353542804718,0.2367658168077469,0.12083914130926132,0.16842757165431976,5.843385347241865e-07,2.7323460205408283e-08,1.7674304545008255e-09
LTE,urban100,img_004.png,x30,15.629680951355247,0.18686852685513022,0.16539255353715906,0.2018570899963379,0.23724696040153503,0.10507602989673615,0.16840586066246033,5.356374810291504e-07,2.7326267911530815e-08,1.7667843924705528e-09
SC-INR-NoPhi,urban100,img_004.png,x30,15.598695771624104,0.18156112265219507,0.1659836121155312,0.2019726037979126,0.2379075586795807,0.10618019849061966,0.16841910779476166,5.404105703166253e-07,2.7333270285728126e-08,1.7681394629972843e-09
SC-INR-NoPhi-Signed,urban100,img_004.png,x30,15.589117335903538,0.18138330631379035,0.16616675286050064,0.20207855105400085,0.2379670888185501,0.10676486045122147,0.1684264838695526,5.418966227262181e-07,2.7336214578407085e-08,1.7677430557951549e-09
SC-INR,urban100,img_004.png,x30,15.641772658771432,0.1877574620837009,0.16516246921988248,0.2017812728881836,0.23803985118865967,0.10432951152324677,0.16840288043022156,5.338018038013289e-07,2.7317381034338303e-08,1.7673746034088956e-09
SC-INR-NoSinc,urban100,img_004.png,x30,15.65822321743183,0.1869163311974212,0.16484995735377325,0.2009320855140686,0.2372646927833557,0.10503543168306351,0.1684006303548813,5.312964734271143e-07,2.731291332438153e-08,1.7661480129762206e-09
Bicubic,urban100,img_005.png,x4,23.493829882802896,0.8755085885599793,0.06688188516855993,0.13895779848098755,0.14246222376823425,0.002841568784788251,0.1450856477022171,2.346486685145531e-08,1.1127936043274624e-08,1.0383919595615554e-09
LTE,urban100,img_005.png,x4,27.79835095888373,0.9621974375428921,0.04074576274632056,0.08617040514945984,0.08736687153577805,0.002481627045199275,0.12723900377750397,1.3550293125287685e-09,4.630003608548886e-09,9.75289652733935e-10
SC-INR-NoPhi,urban100,img_005.png,x4,28.11775846928267,0.9635369986420793,0.03927462766893586,0.08296564221382141,0.08433540910482407,0.0024897330440580845,0.12109649181365967,1.13183388023975e-09,4.396181938395162e-09,8.725057463821954e-10
SC-INR-NoPhi-Signed,urban100,img_005.png,x4,27.941937349742695,0.962734642505077,0.0400777316027662,0.08475644886493683,0.0860014334321022,0.002505095209926367,0.1227620393037796,1.2649677644008033e-09,4.574084338802448e-09,9.00529514238917e-10
SC-INR,urban100,img_005.png,x4,27.869757413340395,0.9627696637541481,0.04041216609975373,0.0856105163693428,0.08674908429384232,0.0024681519716978073,0.12541095912456512,1.116416058901012e-09,4.655122816284394e-09,9.328923222027217e-10
SC-INR-NoSinc,urban100,img_005.png,x4,28.061215338710333,0.9627528990729852,0.03953113038295621,0.08374550193548203,0.08515992015600204,0.002468530321493745,0.12220997363328934,1.1776690051393712e-09,4.417912819346336e-09,8.986960012179421e-10
Bicubic,urban100,img_005.png,x8,19.934382314066788,0.6978372715160497,0.10075831226166666,0.19063088297843933,0.20461054146289825,0.011717399582266808,0.14811770617961884,1.2806667062846186e-07,1.1723316189139559e-08,1.0716221780731078e-09
LTE,urban100,img_005.png,x8,22.578715792398036,0.8637208922087448,0.0743129001296655,0.15099743008613586,0.1560976356267929,0.0038880216889083385,0.1452905535697937,4.6036555116941294e-08,1.0741374584876254e-08,1.0683024347933348e-09
SC-INR-NoPhi,urban100,img_005.png,x8,22.758238980156268,0.8690710958516162,0.07279273731408817,0.14755555987358093,0.1527910977602005,0.004007687326520681,0.1434468775987625,4.3565846576778574e-08,1.0371548064732016e-08,1.061455446064416e-09
SC-INR-NoPhi-Signed,urban100,img_005.png,x8,22.567804472895226,0.8662370290731328,0.07440631155262227,0.15012988448143005,0.1562126725912094,0.004339455161243677,0.14417310059070587,4.6836369272369875e-08,1.062971513754498e-08,1.0632333413932233e-09
SC-INR,urban100,img_005.png,x8,22.819513305534585,0.8733104942461273,0.07228103035317449,0.14741501212120056,0.15283365547657013,0.003671108279377222,0.14356949925422668,4.145763198249107e-08,1.0534119928852527e-08,1.0614287376081048e-09
SC-INR-NoSinc,urban100,img_005.png,x8,22.785389193991357,0.8711073156888295,0.07256555819042816,0.14768564701080322,0.1535654515028,0.003592117689549923,0.1436656266450882,4.327289707332526e-08,1.0284582399680053e-08,1.0687080202072524e-09
Bicubic,urban100,img_005.png,x16,17.734974597603475,0.5326639728978898,0.1297929998227818,0.22151857614517212,0.23928093910217285,0.03776034712791443,0.14951647818088531,2.6171325184445163e-07,1.2334100356334282e-08,1.1313037660579013e-09
LTE,urban100,img_005.png,x16,19.178645403345044,0.6864599332105691,0.10991772468285205,0.20711442828178406,0.2184493988752365,0.01169477216899395,0.1491214781999588,1.6951351783990547e-07,1.2314857128475281e-08,1.1294550491164346e-09
SC-INR-NoPhi,urban100,img_005.png,x16,19.379231792411268,0.6999081840285152,0.1074084403566912,0.20153412222862244,0.21287260949611664,0.013293004594743252,0.14907510578632355,1.590582627555578e-07,1.2287625536518703e-08,1.1307515120508243e-09
SC-INR-NoPhi-Signed,urban100,img_005.png,x16,19.399817396688114,0.7044215393736402,0.10715418320067416,0.2002571076154709,0.21236422657966614,0.012922189198434353,0.1490335613489151,1.579719638858474e-07,1.2293588419491636e-08,1.1310858546050871e-09
SC-INR,urban100,img_005.png,x16,19.411997373473902,0.7085039379491042,0.1070040292304328,0.20098082721233368,0.2132851630449295,0.012697726488113403,0.14901770651340485,1.574203255336388e-07,1.2279484870104921e-08,1.1300901129794372e-09
SC-INR-NoSinc,urban100,img_005.png,x16,19.310741544977258,0.7039021862591254,0.10825872868939404,0.20366232097148895,0.2163057029247284,0.013501212932169437,0.14906027913093567,1.625780564761457e-07,1.229865906521713e-08,1.1288989769676308e-09
Bicubic,urban100,img_005.png,x30,16.049455456055853,0.4463900095283929,0.15758948171237536,0.23350311815738678,0.2554018497467041,0.08587533235549927,0.15241733193397522,4.560511431839684e-07,1.412848791250287e-08,1.3075566654365242e-09
LTE,urban100,img_005.png,x30,16.65881663767864,0.5049630735516883,0.1469126417237897,0.24655446410179138,0.26537373661994934,0.04610107094049454,0.1524028480052948,3.8664933187332103e-07,1.4128200783743211e-08,1.307035886173856e-09
SC-INR-NoPhi,urban100,img_005.png,x30,16.69865456829449,0.5015752327177353,0.14624036811223864,0.24257442355155945,0.26121842861175537,0.0507621206343174,0.15244005620479584,3.823417763110471e-07,1.4146983515941114e-08,1.3089570208975798e-09
SC-INR-NoPhi-Signed,urban100,img_005.png,x30,16.616255537252126,0.5041007225162614,0.14763428433840237,0.24327848851680756,0.2622849643230438,0.05232242867350578,0.15240909159183502,3.911610094454792e-07,1.4132433201439783e-08,1.3078874193263673e-09
SC-INR,urban100,img_005.png,x30,16.727470161004646,0.5139084315661071,0.1457560169669407,0.2439497411251068,0.2632298767566681,0.049728989601135254,0.1524040848016739,3.7937978733294294e-07,1.413386679324991e-08,1.3090582745416893e-09
SC-INR-NoSinc,urban100,img_005.png,x30,16.707792123381275,0.5093934852732962,0.14608660415268002,0.24356438219547272,0.2630581855773926,0.051597993820905685,0.15242041647434235,3.8140354190348245e-07,1.4141361186752438e-08,1.3093746736480922e-09
Bicubic,urban100,img_006.png,x4,20.59030056561997,0.591745343026385,0.09342970373806021,0.15141181647777557,0.1764725148677826,0.022154441103339195,0.2642495930194855,1.3167262459132628e-08,1.8230211855198957e-08,2.92361044872944e-09
LTE,urban100,img_006.png,x4,22.700179258994346,0.7164324626739271,0.07328094092956632,0.11594096571207047,0.1303713619709015,0.02041924186050892,0.24761740863323212,1.5077479702816942e-09,1.074927323762933e-08,2.7941059699732986e-09
SC-INR-NoPhi,urban100,img_006.png,x4,22.662195460672322,0.7120897632496586,0.07360210360154124,0.11627186089754105,0.13129597902297974,0.020397353917360306,0.2482093870639801,1.401758473432719e-09,1.0896620531498501e-08,2.805327005481036e-09
SC-INR-NoPhi-Signed,urban100,img_006.png,x4,22.6688358133045,0.712793542570141,0.07354585638124966,0.11625511944293976,0.13118819892406464,0.02039695531129837,0.24799443781375885,1.3642658985036621e-09,1.0905371963769513e-08,2.7921314688837083e-09
SC-INR,urban100,img_006.png,x4,22.701888574869614,0.7153872733970038,0.07326652122627896,0.11584312468767166,0.1305331587791443,0.020413225516676903,0.24721787869930267,1.3202772461953506e-09,1.0807407815832362e-08,2.7826325649760747e-09
SC-INR-NoSinc,urban100,img_006.png,x4,22.707882142908403,0.7154817966547742,0.07321598219962064,0.11579713225364685,0.1306840032339096,0.020420348271727562,0.24810054898262024,1.2818869986737049e-09,1.0757256514819545e-08,2.8009982793183063e-09
Bicubic,urban100,img_006.png,x8,19.11359967055521,0.40749835383877847,0.11074395169933463,0.1729721575975418,0.20613616704940796,0.028281470760703087,0.2660745680332184,5.864341407605832e-08,1.9398071368473204e-08,2.9783235940220377e-09
LTE,urban100,img_006.png,x8,19.854145501180685,0.5138878221799255,0.10169338998635293,0.16298773884773254,0.1898777037858963,0.02529340237379074,0.2654237151145935,3.3758324214058223e-08,1.8970629847354065e-08,2.9799347189764864e-09
SC-INR-NoPhi,urban100,img_006.png,x8,19.861471301240535,0.511441053172096,0.10160765652711679,0.1625376045703888,0.18963594734668732,0.0251030120998621,0.26531586050987244,3.3571403917504655e-08,1.896002187569205e-08,2.9789421290422533e-09
SC-INR-NoPhi-Signed,urban100,img_006.png,x8,19.84763488118,0.5124003953677939,0.1017696441464103,0.16292475163936615,0.19005019962787628,0.02511187084019184,0.2654261887073517,3.381315394777008e-08,1.9007431668165008e-08,2.9796647391746715e-09
SC-INR,urban100,img_006.png,x8,19.89713326149131,0.5172044400315666,0.101191337657582,0.16208885610103607,0.1887858361005783,0.02516353502869606,0.2652750015258789,3.266050325582985e-08,1.889695629132721e-08,2.9807341336129395e-09
SC-INR-NoSinc,urban100,img_006.png,x8,19.89900517774982,0.517645046988969,0.10116953202704974,0.16206695139408112,0.18892483413219452,0.0251613836735487,0.26516690850257874,3.2782730114271325e-08,1.8860479634731688e-08,2.9782536068371243e-09
Bicubic,urban100,img_006.png,x16,17.892853120261965,0.24443497084780458,0.12745513695890387,0.18530654907226562,0.22272716462612152,0.06108535826206207,0.26648926734924316,1.1741606869447954e-07,2.0085844419022943e-08,3.0858818984433523e-09
LTE,urban100,img_006.png,x16,18.218287327144406,0.30402310933451526,0.12276812799535326,0.185581773519516,0.21991826593875885,0.048440732061862946,0.26649221777915955,1.0054890231342597e-07,2.008853303403335e-08,3.085222491282551e-09
SC-INR-NoPhi,urban100,img_006.png,x16,18.237001221108812,0.3046290517094835,0.12250390675455547,0.18555717170238495,0.2199617326259613,0.04651506245136261,0.2664988934993744,9.960229146387641e-08,2.0091921815745225e-08,3.0852046745165153e-09
SC-INR-NoPhi-Signed,urban100,img_006.png,x16,18.243216393104284,0.3039227661684685,0.12241628066854254,0.18500478565692902,0.21920917928218842,0.04722088947892189,0.26647865772247314,9.93513082812055e-08,2.0078993855740782e-08,3.085193552806227e-09
SC-INR,urban100,img_006.png,x16,18.213319658188848,0.3053579188658118,0.12283836211953686,0.18589478731155396,0.2197660356760025,0.048537302762269974,0.26649948954582214,1.0078158877553496e-07,2.0092034603168416e-08,3.085191215124108e-09
SC-INR-NoSinc,urban100,img_006.png,x16,18.3215150825501,0.3140414809827077,0.1213177217111946,0.18417838215827942,0.21852587163448334,0.044970542192459106,0.26647263765335083,9.545959141771326e-08,2.008870598904771e-08,3.085089583925656e-09
Bicubic,urban100,img_006.png,x30,16.7621439479312,0.16339707692142,0.14517532354719193,0.19511404633522034,0.234324112534523,0.10359504818916321,0.2678384482860565,1.9824654419727548e-07,2.1689243852858113e-08,3.3352020261112444e-09
LTE,urban100,img_006.png,x30,16.839128581919773,0.18366818067892332,0.14389429339917792,0.2003026157617569,0.23818159103393555,0.0964353010058403,0.2678344249725342,1.9258029066113048e-07,2.168558507043242e-08,3.334509224885578e-09
SC-INR-NoPhi,urban100,img_006.png,x30,17.019483531920333,0.1846001297958169,0.14093725980497138,0.19625070691108704,0.23445264995098114,0.09195288270711899,0.2678380608558655,1.7963288011176443e-07,2.1686970583684043e-08,3.334828429769493e-09
SC-INR-NoPhi-Signed,urban100,img_006.png,x30,16.961256633581762,0.18456145221420434,0.1418852233984357,0.19681553542613983,0.23458987474441528,0.09371881932020187,0.2678367793560028,1.8375519728616502e-07,2.16865227565408e-08,3.3346258258462554e-09
SC-INR,urban100,img_006.png,x30,16.815511900525436,0.18238044188273214,0.14428607017284859,0.19948308169841766,0.2367132306098938,0.09753064811229706,0.2678452730178833,1.9430988534364185e-07,2.168647835307634e-08,3.3345986635175925e-09
SC-INR-NoSinc,urban100,img_006.png,x30,16.998883993121087,0.18612511139209717,0.14127190462257636,0.19650430977344513,0.2343028038740158,0.09140180051326752,0.26783591508865356,1.8109069717062706e-07,2.1685983290920878e-08,3.334524121121746e-09
Bicubic,urban100,img_007.png,x4,26.358159892236547,0.8485227379332777,0.04809412251697528,0.08097241073846817,0.08686590194702148,0.009358293376863003,0.09420321881771088,1.6218560108112364e-08,6.143701079175535e-09,5.058370570771637e-10
LTE,urban100,img_007.png,x4,29.668662270425305,0.9171481566334836,0.03285238369574174,0.052586350589990616,0.05166543647646904,0.005969042424112558,0.08095177263021469,3.103074012496304e-09,3.4858030652502796e-09,4.327869978843004e-10
SC-INR-NoPhi,urban100,img_007.png,x4,29.673886724509412,0.9172230303514698,0.03283262933904555,0.052461061626672745,0.05142552778124809,0.005963755305856466,0.08082064241170883,3.1374241702651584e-09,3.4731925342854147e-09,4.321914869438226e-10
SC-INR-NoPhi-Signed,urban100,img_007.png,x4,29.63868277060874,0.9166596455602402,0.03296597018206262,0.052679456770420074,0.05174216628074646,0.0059480126947164536,0.08104286342859268,3.1594746788750495e-09,3.5050270552369468e-09,4.342878979560388e-10
SC-INR,urban100,img_007.png,x4,29.73819479090691,0.9182724667958454,0.0325904427455845,0.05203010514378548,0.050971802324056625,0.005990246310830116,0.08066671341657639,2.988821181196731e-09,3.4333052879687843e-09,4.319133095420699e-10
SC-INR-NoSinc,urban100,img_007.png,x4,29.710624066729928,0.9182875710548669,0.032694055585503236,0.05233310908079147,0.05138489976525307,0.005961213260889053,0.08160869777202606,2.9734328101373273e-09,3.4420230163557742e-09,4.453350268524207e-10
Bicubic,urban100,img_007.png,x8,22.197483400131954,0.6176722545348872,0.07764720546026313,0.11514753848314285,0.1374300718307495,0.018039235845208168,0.09566333144903183,9.473990675299619e-08,6.357074182921394e-09,5.097414391572069e-10
LTE,urban100,img_007.png,x8,24.413788294238152,0.7412704124770758,0.06016038200814599,0.09447385370731354,0.10057605803012848,0.010877248831093311,0.09283647686243057,4.680566723303695e-08,5.695729015294249e-09,5.028580248131306e-10
SC-INR-NoPhi,urban100,img_007.png,x8,24.299436279494167,0.7373351737616632,0.0609576457908427,0.09583228826522827,0.1018228828907013,0.010821758769452572,0.0934213176369667,4.83947306671747e-08,5.784790248659811e-09,5.092990969242965e-10
SC-INR-NoPhi-Signed,urban100,img_007.png,x8,24.356720511538356,0.7388196761603487,0.06055694734716841,0.09488724917173386,0.10086208581924438,0.010846824385225773,0.09301295876502991,4.782764243441268e-08,5.687067402978739e-09,5.061148409741284e-10
SC-INR,urban100,img_007.png,x8,24.411042806454,0.7424854456655373,0.06017940086602037,0.09457115083932877,0.1003187820315361,0.010640788823366165,0.09308641403913498,4.675924648381775e-08,5.7087264434050334e-09,5.071138730894521e-10
SC-INR-NoSinc,urban100,img_007.png,x8,24.339119202694377,0.7390235855208324,0.060679785913166834,0.0948866754770279,0.10102005302906036,0.01091805286705494,0.09346969425678253,4.7793417163105465e-08,5.759308869975328e-09,5.093238221441344e-10
Bicubic,urban100,img_007.png,x16,19.1043679665735,0.3881360727651361,0.11086171728405815,0.14297440648078918,0.17703218758106232,0.04903959110379219,0.09406222403049469,2.4025836222817574e-07,6.613495213159139e-09,5.025694265353696e-10
LTE,urban100,img_007.png,x16,20.410423806180795,0.4913145737727713,0.09538472011263646,0.1342386156320572,0.15722531080245972,0.03017820417881012,0.09379967302083969,1.6927532667996925e-07,6.575933184197085e-09,4.994775621643525e-10
SC-INR-NoPhi,urban100,img_007.png,x16,20.481681218236464,0.4958943192107401,0.0946054027882713,0.1342041790485382,0.15593019127845764,0.030924469232559204,0.0939420610666275,1.658489132551676e-07,6.599701452928822e-09,5.01681547722573e-10
SC-INR-NoPhi-Signed,urban100,img_007.png,x16,20.641167941461454,0.5018233699568162,0.09288414824278775,0.13193924725055695,0.15393316745758057,0.028549127280712128,0.09380248934030533,1.587541804408081e-07,6.579275077439002e-09,5.004910058609154e-10
SC-INR,urban100,img_007.png,x16,20.64067290133668,0.5053208723497243,0.09288944219569285,0.13243678212165833,0.15367615222930908,0.02896716073155403,0.09376800805330276,1.5885014190349604e-07,6.563793887423792e-09,4.998959129165701e-10
SC-INR-NoSinc,urban100,img_007.png,x16,20.627167347199745,0.5030260174017173,0.09303398688457927,0.13152669370174408,0.15379120409488678,0.029504192993044853,0.09377351403236389,1.5932220627108978e-07,6.592908443988255e-09,4.996288246923099e-10
Bicubic,urban100,img_007.png,x30,17.140532182177367,0.2790199994862808,0.13898674717894896,0.16145126521587372,0.19939367473125458,0.09609805047512054,0.09255367517471313,4.379366904005319e-07,7.296822230317474e-09,5.262487088526099e-10
LTE,urban100,img_007.png,x30,17.804779645265324,0.33000536068055614,0.12875408526068732,0.15979814529418945,0.1940913200378418,0.06615900993347168,0.09242289513349533,3.707385015004322e-07,7.26987621494507e-09,5.207759607037484e-10
SC-INR-NoPhi,urban100,img_007.png,x30,18.01500500429388,0.3411886225479315,0.12567524767406016,0.15599682927131653,0.19019751250743866,0.06461265683174133,0.09239143878221512,3.515332147367392e-07,7.261236734213663e-09,5.187312272102733e-10
SC-INR-NoPhi-Signed,urban100,img_007.png,x30,17.989782267007666,0.33769283959520396,0.1260407232677474,0.15562458336353302,0.18999746441841125,0.0655735582113266,0.09245242923498154,3.5370010445683976e-07,7.277071151396605e-09,5.215683530157965e-10
SC-INR,urban100,img_007.png,x30,18.03658919382223,0.3406527929887521,0.1253633359525543,0.15544959902763367,0.1893284022808075,0.06409700214862823,0.09239562600851059,3.4959907516509714e-07,7.262965736599e-09,5.188573116626838e-10
SC-INR-NoSinc,urban100,img_007.png,x30,17.987838557322455,0.3356372157268107,0.1260689315455503,0.1554802656173706,0.18991152942180634,0.06584125012159348,0.09240005910396576,3.539490623828606e-07,7.2643108535033824e-09,5.195824026847439e-10
Bicubic,urban100,img_008.png,x4,19.806586227010165,0.6074092011572991,0.10225173566640386,0.1521473526954651,0.1726243495941162,0.024058638140559196,0.2976211905479431,3.6219402694026594e-08,3.646727618644643e-08,6.873898847081852e-09
LTE,urban100,img_008.png,x4,21.317807667266404,0.7485049232876616,0.08592303652861874,0.12603221833705902,0.13554687798023224,0.021120697259902954,0.28750166296958923,7.683266695948846e-09,2.6301713031063915e-08,6.628974143353009e-09
SC-INR-NoPhi,urban100,img_008.png,x4,21.444296473145567,0.7469638881303224,0.0846808436943286,0.12354674190282822,0.13311536610126495,0.020947972312569618,0.28569841384887695,7.0482337258603945e-09,2.528306160461891e-08,6.620991356430411e-09
SC-INR-NoPhi-Signed,urban100,img_008.png,x4,21.440458430266368,0.7456691721808818,0.08471826997295215,0.12356806546449661,0.1336117684841156,0.021097248420119286,0.28531527519226074,7.0798541989394744e-09,2.5357652060700802e-08,6.597247075538674e-09
SC-INR,urban100,img_008.png,x4,21.493028260351196,0.7510419123724675,0.08420707595628646,0.12245902419090271,0.13172480463981628,0.021077997982501984,0.28560203313827515,6.969076425265633e-09,2.4859142652322582e-08,6.61959549750976e-09
SC-INR-NoSinc,urban100,img_008.png,x4,21.514139316776586,0.749602395646862,0.08400265916024151,0.12221840023994446,0.13195279240608215,0.021059364080429077,0.28503257036209106,6.636949959136198e-09,2.470851321328785e-08,6.6371539840443e-09
Bicubic,urban100,img_008.png,x8,17.97796951458117,0.3469646910202407,0.1262122544314676,0.1750868558883667,0.2088344395160675,0.034862883388996124,0.30169060826301575,1.6914740858085533e-07,3.894906952890769e-08,7.206222464758969e-09
LTE,urban100,img_008.png,x8,18.577246776150538,0.48393843863145397,0.11779793062355669,0.17397187650203705,0.1959141045808792,0.030133482068777084,0.3012509047985077,1.1924339889751473e-07,3.84270025907281e-08,7.209352942055813e-09
SC-INR-NoPhi,urban100,img_008.png,x8,18.630965155809907,0.4809683620217604,0.11707165078030507,0.1720830500125885,0.19477777183055878,0.0294962115585804,0.3014571964740753,1.1450462305694923e-07,3.848892133227746e-08,7.223943296352223e-09
SC-INR-NoPhi-Signed,urban100,img_008.png,x8,18.569271916287033,0.47580938751473867,0.11790613524281983,0.173579141497612,0.19661712646484375,0.029977649450302124,0.30183538794517517,1.1732592337082806e-07,3.8972111458597474e-08,7.225778751291152e-09
SC-INR,urban100,img_008.png,x8,18.578426265355798,0.4841081574280957,0.11778193549120927,0.17373187839984894,0.1959296464920044,0.02989092841744423,0.30191099643707275,1.1627427643250445e-07,3.904275726140945e-08,7.225027274266215e-09
SC-INR-NoSinc,urban100,img_008.png,x8,18.692299133795057,0.48541347274486674,0.11624788049719202,0.17045889794826508,0.1926163136959076,0.029897447675466537,0.30107370018959045,1.1169818215086823e-07,3.805809328710185e-08,7.204995234656711e-09
Bicubic,urban100,img_008.png,x16,16.878444488982133,0.19131336140627597,0.14324444053590316,0.18440207839012146,0.22305947542190552,0.05946085602045059,0.3068641126155853,2.9724499519875903e-07,4.2256117027903104e-08,7.94362533372914e-09
LTE,urban100,img_008.png,x16,17.102293806182058,0.23962109609591745,0.13959996509273181,0.18740369379520416,0.2245892733335495,0.0484287291765213,0.30682680010795593,2.695370026914584e-07,4.2233474362645666e-08,7.940061557097075e-09
SC-INR-NoPhi,urban100,img_008.png,x16,17.116192947062693,0.23858419985503454,0.13937675618232764,0.18645037710666656,0.22376276552677155,0.048691246658563614,0.3068583905696869,2.6781509044831236e-07,4.224088221022161e-08,7.940891958062532e-09
SC-INR-NoPhi-Signed,urban100,img_008.png,x16,17.121202894536967,0.23780319032772423,0.13929638803154104,0.18591701984405518,0.223280668258667,0.049234773963689804,0.30681949853897095,2.672901905108748e-07,4.222210101774214e-08,7.941297053374187e-09
SC-INR,urban100,img_008.png,x16,17.08959399005606,0.24029832562892828,0.13980422633548809,0.1881372481584549,0.2248253971338272,0.04843330755829811,0.30686506628990173,2.7104206653014813e-07,4.224035147140706e-08,7.94071892131658e-09
SC-INR-NoSinc,urban100,img_008.png,x16,17.14274632441361,0.2396882210895294,0.13895132222877998,0.18531085550785065,0.22258208692073822,0.0490180104970932,0.30683663487434387,2.6458022416825613e-07,4.2248285068105066e-08,7.941354650375075e-09
Bicubic,urban100,img_008.png,x30,16.392018165513207,0.14420467159364048,0.15149527636920956,0.18686416745185852,0.22608180344104767,0.07915832102298737,0.31211572885513306,3.817761141694653e-07,4.608749143312595e-08,8.808715048839886e-09
LTE,urban100,img_008.png,x30,16.519532512397753,0.1598523122513946,0.1492874756174292,0.1872635930776596,0.22617189586162567,0.0729467123746872,0.31211432814598083,3.625844084086838e-07,4.6085694017222676e-08,8.809193374293483e-09
SC-INR-NoPhi,urban100,img_008.png,x30,16.52810554858829,0.1618865519895488,0.14914020048693533,0.18730281293392181,0.2262989580631256,0.07148996740579605,0.3121091425418854,3.61348104657084e-07,4.607995672697139e-08,8.808206494767444e-09
SC-INR-NoPhi-Signed,urban100,img_008.png,x30,16.53359811305822,0.16166805498066775,0.1490459207695599,0.1874091476202011,0.2263624370098114,0.07183682918548584,0.3121092617511749,3.6051633389389773e-07,4.608423289559202e-08,8.808224113862912e-09
SC-INR,urban100,img_008.png,x30,16.515922124351327,0.16206036511554092,0.14934954153965294,0.18794284760951996,0.2268885374069214,0.0715312585234642,0.31212276220321655,3.6310057389778147e-07,4.608906556952336e-08,8.809724101362782e-09
SC-INR-NoSinc,urban100,img_008.png,x30,16.53869913639303,0.16065581384315233,0.14895841522370157,0.18724657595157623,0.22631299495697021,0.07198900729417801,0.3121093809604645,3.597809042816931e-07,4.60804395985698e-08,8.808049074763022e-09
Bicubic,urban100,img_009.png,x4,30.96647862330395,0.8586700141133489,0.02829280907170974,0.05685444176197052,0.06032706797122955,0.002107578096911311,0.06186625361442566,3.355692476594049e-09,2.0355954867622346e-09,2.0025914619911793e-10
LTE,urban100,img_009.png,x4,34.1661783480481,0.9348378598549827,0.019574518258633943,0.039691660553216934,0.04070734605193138,0.0020230901427567005,0.05649891868233681,4.5326800580658917e-10,1.0310666944534428e-09,1.9935722521838097e-10
SC-INR-NoPhi,urban100,img_009.png,x4,34.25641131683869,0.936858161243328,0.01937222186026063,0.03941570967435837,0.04037042707204819,0.002008377341553569,0.055961742997169495,4.2928554506372473e-10,1.0163688652957312e-09,1.9362114164887915e-10
SC-INR-NoPhi-Signed,urban100,img_009.png,x4,34.260213799727744,0.9370683807083654,0.019363743002747572,0.03947432339191437,0.040353450924158096,0.002012298908084631,0.0563172921538353,4.18640129263811e-10,1.0178424970284914e-09,1.934247100307298e-10
SC-INR,urban100,img_009.png,x4,34.22929193682495,0.9359554410736486,0.01943280099205493,0.03943164646625519,0.04038655385375023,0.002024606103077531,0.0564488023519516,4.3071375262882353e-10,1.0236062429781498e-09,1.9453415346445838e-10
SC-INR-NoSinc,urban100,img_009.png,x4,34.329705666955526,0.9352739277599358,0.019209440544202226,0.03890744969248772,0.03986414894461632,0.0020240021403878927,0.05582376942038536,3.8221511791582257e-10,1.0053453540348952e-09,1.9190655867036286e-10
Bicubic,urban100,img_009.png,x8,28.688208435600142,0.7656903930965626,0.03677812446569847,0.07214108854532242,0.07766090333461761,0.0029807614628225565,0.06290699541568756,1.3021509497948185e-08,2.1683150245777072e-09,2.0754871757295066e-10
LTE,urban100,img_009.png,x8,30.085494044582717,0.8253511510648313,0.031313044686181804,0.06235428899526596,0.06620203703641891,0.0024364131968468428,0.0625370591878891,6.358222902986648e-09,2.148330650104919e-09,2.1000192845617827e-10
SC-INR-NoPhi,urban100,img_009.png,x8,30.095735828878865,0.8226553185826139,0.031276144326772344,0.06213027238845825,0.06599145382642746,0.0024331046734005213,0.06233831122517586,6.381943427642983e-09,2.1344046983064877e-09,2.0958867504420542e-10
SC-INR-NoPhi-Signed,urban100,img_009.png,x8,30.227041102388025,0.8270453585405657,0.030806896171774796,0.06105832755565643,0.06491761654615402,0.0023975835647433996,0.06219257041811943,6.154802395773805e-09,2.065770986443119e-09,2.1019481093665086e-10
SC-INR,urban100,img_009.png,x8,30.267095836282024,0.8282591174816679,0.030665158104913763,0.06092378869652748,0.06469510495662689,0.0024060793220996857,0.062091004103422165,5.9790231619130735e-09,2.073696047247803e-09,2.0823681300929121e-10
SC-INR-NoSinc,urban100,img_009.png,x8,30.229670602455585,0.8236952381083151,0.03079757133822337,0.06096069514751434,0.06481693685054779,0.0024767816066741943,0.0620984248816967,6.190477295120262e-09,2.0600712379542893e-09,2.078127230893579e-10
Bicubic,urban100,img_009.png,x16,27.25595291773898,0.7256313936418501,0.04337129144547077,0.08258407562971115,0.08868090808391571,0.005671669729053974,0.0630079060792923,2.3707991443152018e-08,2.2672591011351743e-09,2.1722793199424975e-10
LTE,urban100,img_009.png,x16,28.218947804315647,0.759043904074534,0.03881973887937335,0.07616031914949417,0.08140544593334198,0.0035114632919430733,0.06291583180427551,1.664754055126002e-08,2.259780822203395e-09,2.1704959185717397e-10
SC-INR-NoPhi,urban100,img_009.png,x16,28.285464734731228,0.7609745449950092,0.03852359099107087,0.07566948980093002,0.08072453737258911,0.003359508467838168,0.06288142502307892,1.6244282281016733e-08,2.2527441108970014e-09,2.1706268278551876e-10
SC-INR-NoPhi-Signed,urban100,img_009.png,x16,28.295379822410975,0.7602010768343377,0.03847964076010177,0.07558736950159073,0.08060717582702637,0.0033612139523029327,0.06289450824260712,1.61716503572304e-08,2.2547141287384647e-09,2.1702673903718584e-10
SC-INR,urban100,img_009.png,x16,28.297134910042804,0.7603999429012989,0.03847186627507972,0.07547590881586075,0.08051974326372147,0.0033330856822431087,0.0629209652543068,1.6151185431762025e-08,2.255975477105698e-09,2.1743005556446183e-10
SC-INR-NoSinc,urban100,img_009.png,x16,28.257916692527804,0.7599738768718697,0.038645965814738246,0.07578457146883011,0.08095907419919968,0.0032785297371447086,0.06293028593063354,1.6374250003838206e-08,2.2637989894882145e-09,2.1706268226922608e-10
Bicubic,urban100,img_009.png,x30,26.032747796172888,0.7006583202803581,0.049930120042477155,0.0912070944905281,0.09737133234739304,0.011952124536037445,0.06353936344385147,3.7799861411550234e-08,2.5203258740210438e-09,2.3747175071667e-10
LTE,urban100,img_009.png,x30,26.837133906870605,0.7160125272710998,0.04551382178631513,0.0855938270688057,0.09168399125337601,0.006420173682272434,0.06353408098220825,2.916680336803821e-08,2.519917936071828e-09,2.372737485808771e-10
SC-INR-NoPhi,urban100,img_009.png,x30,26.862456738218725,0.7173984569289217,0.0453813240851654,0.08560061454772949,0.0915432721376419,0.006332637742161751,0.06354084610939026,2.8913428895882872e-08,2.5214484922831495e-09,2.37251377760965e-10
SC-INR-NoPhi-Signed,urban100,img_009.png,x30,26.924989615968325,0.7179473178160574,0.04505578069086613,0.08502715080976486,0.09104923903942108,0.006445650011301041,0.06354120373725891,2.8316163208684555e-08,2.519925916683706e-09,2.373426877122966e-10
SC-INR,urban100,img_009.png,x30,26.91843547947606,0.7185823366954284,0.04508979138983745,0.08505918085575104,0.09099171310663223,0.006599176675081253,0.063533715903759,2.8380143039238873e-08,2.5198547806843368e-09,2.3724555302197384e-10
SC-INR-NoSinc,urban100,img_009.png,x30,26.901221309221214,0.717555216535576,0.04517924140909158,0.0853828638792038,0.09136095643043518,0.006630640011280775,0.06353149563074112,2.8547193282565886e-08,2.5194317854030146e-09,2.3727729489736087e-10
Bicubic,urban100,img_010.png,x4,23.678813981576482,0.8045226937954336,0.06547255677397211,0.13814716041088104,0.14214681088924408,0.003242253325879574,0.20406371355056763,1.0165873008118525e-08,9.424086195949148e-09,2.5074302946492325e-09
LTE,urban100,img_010.png,x4,27.56031733354408,0.9117664107970743,0.041877826503650295,0.08769141882658005,0.08960839360952377,0.003189151408150792,0.16834615170955658,5.263545071593748e-10,2.9058167418528558e-09,1.928341942069354e-09
SC-INR-NoPhi,urban100,img_010.png,x4,27.70205614810952,0.9111395587979599,0.04119999777646097,0.08619806170463562,0.0880654826760292,0.003183615393936634,0.16593794524669647,5.388386209286517e-10,2.771638555283543e-09,1.883919450855446e-09
SC-INR-NoPhi-Signed,urban100,img_010.png,x4,27.497604431751444,0.9079130463402139,0.04218128233584918,0.08840567618608475,0.09037318825721741,0.0031859774608165026,0.16934914886951447,4.6161695671179215e-10,2.981929301694468e-09,1.9474233121854984e-09
SC-INR,urban100,img_010.png,x4,27.499615576249255,0.9089670356279286,0.042171516746251546,0.08829598128795624,0.09033273160457611,0.0031902033369988203,0.16980016231536865,4.669924557938976e-10,2.9461716925771948e-09,1.9634351746953855e-09
SC-INR-NoSinc,urban100,img_010.png,x4,27.27758886043553,0.9053595205154352,0.04326339103833525,0.09053033590316772,0.09290387481451035,0.003192730015143752,0.17659199237823486,4.3637071892300745e-10,2.9837618848754734e-09,2.1324795007848946e-09
Bicubic,urban100,img_010.png,x8,21.697056502204717,0.6880516972484759,0.08225213409814076,0.16856426000595093,0.17635591328144073,0.004095345735549927,0.2059406042098999,5.2224459454013315e-08,9.910247705045519e-09,2.5766784494102014e-09
LTE,urban100,img_010.png,x8,23.48947289149663,0.788425015490908,0.06691544268577067,0.1399325728416443,0.14420706033706665,0.0036270800046622753,0.20375755429267883,1.6671981138113337e-08,8.885155250321938e-09,2.57354856422491e-09
SC-INR-NoPhi,urban100,img_010.png,x8,23.643063623876923,0.789030861258685,0.06574259139654852,0.13772769272327423,0.14190763235092163,0.003613606095314026,0.2030254751443863,1.5593788755394864e-08,8.522789497588807e-09,2.5688266610666313e-09
SC-INR-NoPhi-Signed,urban100,img_010.png,x8,23.566368696618284,0.7872481245408004,0.06632565768969402,0.13888277113437653,0.14326277375221252,0.003602783428505063,0.20339037477970123,1.610449646257189e-08,8.703170442908462e-09,2.573266993618105e-09
SC-INR,urban100,img_010.png,x8,23.569328448668063,0.7897155097757691,0.06630306080359605,0.1388465017080307,0.14303743839263916,0.0036130547523498535,0.20369982719421387,1.580559004070645e-08,8.753987916358456e-09,2.5756231104601596e-09
SC-INR-NoSinc,urban100,img_010.png,x8,23.558140651571925,0.7883931709492541,0.06638851700356459,0.13909631967544556,0.14331620931625366,0.0036082484293729067,0.2042732685804367,1.519309560780165e-08,8.92883648382412e-09,2.579579120695025e-09
Bicubic,urban100,img_010.png,x16,20.17697274788286,0.5946045288871709,0.09798314219261786,0.19303195178508759,0.20017753541469574,0.007355556357651949,0.20790961384773254,1.0445092795126722e-07,1.0454816284955028e-08,2.7246498258407654e-09
LTE,urban100,img_010.png,x16,21.29341922879547,0.663850105709851,0.08616463220494269,0.17474409937858582,0.18257057666778564,0.004852199926972389,0.2077896147966385,6.497082747235011e-08,1.0433270665232836e-08,2.723580783687204e-09
SC-INR-NoPhi,urban100,img_010.png,x16,21.397810195848773,0.6708013315346958,0.08513526461068932,0.173330619931221,0.18109337985515594,0.0047610909678041935,0.20779210329055786,6.172720242528696e-08,1.044050226551757e-08,2.7240693875077657e-09
SC-INR-NoPhi-Signed,urban100,img_010.png,x16,21.386571869230263,0.6695583513861352,0.08524548903050067,0.1733381301164627,0.18112030625343323,0.004750132095068693,0.20783346891403198,6.203097329886623e-08,1.0448593798121552e-08,2.724283372247069e-09
SC-INR,urban100,img_010.png,x16,21.411299702355855,0.6718213063344922,0.08500314902597701,0.1729431450366974,0.18074890971183777,0.004748388193547726,0.20779933035373688,6.131425153353228e-08,1.044023289217682e-08,2.7246789989322528e-09
SC-INR-NoSinc,urban100,img_010.png,x16,21.420270417675106,0.669932484942177,0.08491540379245356,0.17276610434055328,0.18059541285037994,0.004798841197043657,0.2077927589416504,6.09851451261443e-08,1.0455367234422778e-08,2.7236056786358767e-09
Bicubic,urban100,img_010.png,x30,19.264846689767417,0.5632979765770483,0.1088322644428882,0.2093292474746704,0.21319368481636047,0.01552475243806839,0.21158777177333832,1.5423867966194927e-07,1.1692321711502957e-08,3.052254816545806e-09
LTE,urban100,img_010.png,x30,19.7617511570675,0.578188143436281,0.10278090612603918,0.200201615691185,0.2070412039756775,0.009701878763735294,0.21157370507717133,1.2910836209426363e-07,1.1685699591690079e-08,3.0512521541116092e-09
SC-INR-NoPhi,urban100,img_010.png,x30,19.857060249049916,0.5854233468634967,0.10165927018100995,0.199398934841156,0.20677752792835236,0.009351901710033417,0.21157094836235046,1.2460475447265373e-07,1.1685822082193469e-08,3.0508095286105855e-09
SC-INR-NoPhi-Signed,urban100,img_010.png,x30,19.829700041731375,0.5826203754616323,0.10197999771803679,0.19944646954536438,0.20677968859672546,0.009263090789318085,0.21157534420490265,1.2588508421300547e-07,1.1686046041072584e-08,3.051079833393918e-09
SC-INR,urban100,img_010.png,x30,19.82824263371054,0.5830900565139167,0.10199711040799365,0.19975559413433075,0.20687715709209442,0.009564021602272987,0.21157366037368774,1.2595773529529357e-07,1.1685483089152853e-08,3.050902602734959e-09
SC-INR-NoSinc,urban100,img_010.png,x30,19.85541679494158,0.5838363704990448,0.10167850691541927,0.1989711970090866,0.20639653503894806,0.009211399592459202,0.2115699201822281,1.2468418447474514e-07,1.1685231665412893e-08,3.0508160668211297e-09
