model,dataset,image,scale,psnr_y,ssim_y,rmse_y,edge_rmse,texture_rmse,flat_rmse,highpass_rmse,fft_low_power,fft_mid_power,fft_high_power
Bicubic,bsd100,101085.png,x4,23.14095907867879,nan,0.0696549598241498,0.10918517410755157,0.11682140082120895,0.02798020839691162,0.19998350739479065,6.58643579319272e-08,6.379931307105641e-08,1.3412096074939207e-08
LIIF,bsd100,101085.png,x4,24.056042456220702,nan,0.0626899433213683,0.09645876288414001,0.09990240633487701,0.02658732607960701,0.19502189755439758,2.5599365085554345e-08,5.367075939335049e-08,1.3036380149155794e-08
LTE,bsd100,101085.png,x4,24.069531148994567,nan,0.0625926649570455,0.09612021595239639,0.09945935010910034,0.02658645622432232,0.19465698301792145,2.6372355852066815e-08,5.3345070337230056e-08,1.2979281057614359e-08
LTE-NoCell,bsd100,101085.png,x4,23.969987494322925,nan,0.06331412732875151,0.09784689545631409,0.1015123501420021,0.026634864509105682,0.19660036265850067,2.6160947293459857e-08,5.4758049253597296e-08,1.3284868640764785e-08
LTE-FeaturePhase,bsd100,101085.png,x4,24.00365570189293,nan,0.06306918441427975,0.09729109704494476,0.10095406323671341,0.026597049087285995,0.19601476192474365,2.5781764039523517e-08,5.4335573213588004e-08,1.320243947023842e-08
SC-INR-Fixed,bsd100,101085.png,x4,24.008547902069832,nan,0.06303367162146269,0.09694326668977737,0.10060632228851318,0.02658332698047161,0.19521719217300415,2.688615566250044e-08,5.4362154643397416e-08,1.301250531951699e-08
SC-INR-Adaptive,bsd100,101085.png,x4,24.028392372711483,nan,0.06288982429350082,0.09675254672765732,0.10049768537282944,0.026560166850686073,0.19519665837287903,2.617370127698426e-08,5.40700780816268e-08,1.3043565689879425e-08
Bicubic,bsd100,101085.png,x8,21.47672037303222,nan,0.08436532450760677,0.1252794712781906,0.14217878878116608,0.03507884591817856,0.19826318323612213,3.021271313806222e-07,6.580944829915418e-08,1.3660233988936236e-08
LIIF,bsd100,101085.png,x8,22.430367084827992,nan,0.07559301123922392,0.11551573872566223,0.12297898530960083,0.031213905662298203,0.1970546841621399,1.77477422090071e-07,6.225178238299592e-08,1.3644257654562948e-08
LTE,bsd100,101085.png,x8,22.414501356205854,nan,0.07573121633744567,0.11578357219696045,0.1231476292014122,0.0311663206666708,0.19682131707668304,1.8044892791960406e-07,6.210452949722926e-08,1.361869090976063e-08
LTE-NoCell,bsd100,101085.png,x8,22.35077600208822,nan,0.07628887312241042,0.11668053269386292,0.12493811547756195,0.03160349652171135,0.19770662486553192,1.7944516848526709e-07,6.415123989560355e-08,1.366566633999688e-08
LTE-FeaturePhase,bsd100,101085.png,x8,22.366270719487783,nan,0.07615290307707641,0.11660515516996384,0.12468477338552475,0.031207900494337082,0.1975812315940857,1.7900160082791354e-07,6.379819546333189e-08,1.3658157495147879e-08
SC-INR-Fixed,bsd100,101085.png,x8,22.39504943497668,nan,0.07590100532405133,0.11588634550571442,0.12330968677997589,0.03128146752715111,0.1970079392194748,1.8202234683895204e-07,6.228805286649907e-08,1.364067607534864e-08
SC-INR-Adaptive,bsd100,101085.png,x8,22.442716217873787,nan,0.075485613505611,0.11536512523889542,0.12262804061174393,0.030914491042494774,0.19695918262004852,1.7704194799442798e-07,6.196603808257444e-08,1.3653325488121977e-08
Bicubic,bsd100,101085.png,x16,19.887023936000357,nan,0.10130918070569983,0.13905510306358337,0.16214574873447418,0.05901863053441048,0.1935408115386963,6.961781368563747e-07,6.847748111547622e-08,1.4305634771672694e-08
LIIF,bsd100,101085.png,x16,20.917783035754095,nan,0.08997271962930208,0.12998121976852417,0.14570799469947815,0.044322602450847626,0.1934109479188919,4.6014322012018436e-07,6.815174040086371e-08,1.4287500865528365e-08
LTE,bsd100,101085.png,x16,20.867270391972713,nan,0.09049747883857276,0.13109737634658813,0.1465596705675125,0.04458420351147652,0.19342286884784698,4.6993532825767407e-07,6.827310248965038e-08,1.4292943171464854e-08
LTE-NoCell,bsd100,101085.png,x16,20.89742874744688,nan,0.09018380659620813,0.129594624042511,0.14622990787029266,0.043926723301410675,0.1934380680322647,4.6346951769681e-07,6.834725180428051e-08,1.4284366291896785e-08
LTE-FeaturePhase,bsd100,101085.png,x16,20.945214634263042,nan,0.08968901785785632,0.1293945163488388,0.1463620811700821,0.04323596507310867,0.19343475997447968,4.5375400769214194e-07,6.833898401569475e-08,1.4284269385688434e-08
SC-INR-Fixed,bsd100,101085.png,x16,20.9409573984454,nan,0.0897329881249724,0.13024678826332092,0.14508379995822906,0.044817086309194565,0.19337862730026245,4.553867649792981e-07,6.81615326293105e-08,1.4286556884198467e-08
SC-INR-Adaptive,bsd100,101085.png,x16,21.007111373629957,nan,0.08905215454247455,0.12897783517837524,0.14424774050712585,0.04373931139707565,0.1933831125497818,4.4191961286471666e-07,6.819343938908657e-08,1.428494204276272e-08
Bicubic,bsd100,101085.png,x30,18.105211385579572,nan,0.12437681481939897,0.15623678267002106,0.18442636728286743,0.09985312074422836,0.18577143549919128,1.6586775109015883e-06,8.311702148590691e-08,1.7039028721989563e-08
LIIF,bsd100,101085.png,x30,19.360034946796613,nan,0.1076460882589864,0.14486072957515717,0.17025239765644073,0.07057253271341324,0.18548715114593506,1.1171074357210968e-06,8.232652360041885e-08,1.687592560248711e-08
LTE,bsd100,101085.png,x30,19.108435509981504,nan,0.11080981364519858,0.1508457511663437,0.1764143407344818,0.07081645727157593,0.18550269305706024,1.2147183867347077e-06,8.225073979028083e-08,1.6879196226984655e-08
LTE-NoCell,bsd100,101085.png,x30,19.21281101177397,nan,0.10948621681202685,0.14552338421344757,0.1713530570268631,0.0749153196811676,0.18552005290985107,1.1730241605311307e-06,8.23548657531028e-08,1.6899760187943537e-08
LTE-FeaturePhase,bsd100,101085.png,x30,19.25266363027514,nan,0.10898502257370062,0.14527706801891327,0.17126987874507904,0.07354165613651276,0.18552368879318237,1.1576423164510759e-06,8.233267279730323e-08,1.6907219282493496e-08
SC-INR-Fixed,bsd100,101085.png,x30,19.161946986957364,nan,0.1101292421495955,0.14582282304763794,0.17258529365062714,0.07560700923204422,0.18549078702926636,1.1934115602294008e-06,8.228948285245635e-08,1.687521077156488e-08
SC-INR-Adaptive,bsd100,101085.png,x30,19.33318470456429,nan,0.10797936390794294,0.14516131579875946,0.17088226974010468,0.07046753168106079,0.18546877801418304,1.1277799718619455e-06,8.221475811695548e-08,1.6869370818632345e-08
Bicubic,bsd100,101087.png,x4,27.210830119651842,nan,0.0435971895714487,0.08077196776866913,0.08458974212408066,0.00020367794786579907,0.11463027447462082,3.1788457803590953e-08,2.583337636084738e-08,4.137533430659319e-09
LIIF,bsd100,101087.png,x4,28.74326831533803,nan,0.03654572519552279,0.0660414844751358,0.06745480746030807,0.00021384618594311178,0.10809402912855148,1.0356179047042424e-08,1.8932764165429653e-08,3.886058207730308e-09
LTE,bsd100,101087.png,x4,28.757137734495288,nan,0.036487416428054205,0.06597720086574554,0.06739023327827454,0.0001916273613460362,0.10816723108291626,1.0229133006710062e-08,1.8885089931883475e-08,3.877994661534728e-09
LTE-NoCell,bsd100,101087.png,x4,28.69367391079186,nan,0.036754989622043856,0.06660238653421402,0.06810305267572403,0.00021142723562661558,0.1093389019370079,1.0293406972922807e-08,1.91124061064044e-08,3.970872946491318e-09
LTE-FeaturePhase,bsd100,101087.png,x4,28.709514829451116,nan,0.03668801868143554,0.06652909517288208,0.06796436011791229,0.000191931874724105,0.1093534454703331,1.0240093446413269e-08,1.901185199298906e-08,3.974044032364851e-09
SC-INR-Fixed,bsd100,101087.png,x4,28.720026427883184,nan,0.03664364597183226,0.06638851761817932,0.06778328865766525,0.0001901242067106068,0.10865329205989838,1.0318910548220094e-08,1.9039812904497945e-08,3.914794951906749e-09
SC-INR-Adaptive,bsd100,101087.png,x4,28.778759508571095,nan,0.036396701303914904,0.06585200875997543,0.06722145527601242,0.00018842540157493204,0.10801821947097778,1.0107005119287136e-08,1.8771701380119576e-08,3.876940948112112e-09
Bicubic,bsd100,101087.png,x8,24.92807349824534,nan,0.05670173201541022,0.10041970014572144,0.11091658473014832,0.0008435016497969627,0.11700798571109772,1.565360337589188e-07,2.8589414394610993e-08,4.443788384199576e-09
LIIF,bsd100,101087.png,x8,26.49212277236093,nan,0.04735805541635122,0.0866500660777092,0.08961915969848633,0.00037642402458004653,0.11501835286617279,7.394146019922649e-08,2.5295948619796745e-08,4.421367511046198e-09
LTE,bsd100,101087.png,x8,26.538388895959475,nan,0.04710646938264285,0.08612415194511414,0.08911687880754471,0.0004422484780661762,0.11496973037719727,7.224827654546838e-08,2.5157168566818e-08,4.413125031522046e-09
LTE-NoCell,bsd100,101087.png,x8,26.407483026674964,nan,0.04782179227535903,0.08766189962625504,0.09072374552488327,0.000984374200925231,0.11565106362104416,7.498574936309574e-08,2.6025494977741055e-08,4.4372620312918756e-09
LTE-FeaturePhase,bsd100,101087.png,x8,26.450538175894405,nan,0.0475853306304658,0.08700809627771378,0.09012902528047562,0.0005890716565772891,0.11547937989234924,7.373636324367412e-08,2.5807449826570777e-08,4.432360184643542e-09
SC-INR-Fixed,bsd100,101087.png,x8,26.540349233222997,nan,0.04709583902108033,0.08617612719535828,0.08894345164299011,0.0002536978281568736,0.1147855594754219,7.191185555489253e-08,2.5233663556785323e-08,4.4012039766788616e-09
SC-INR-Adaptive,bsd100,101087.png,x8,26.53898269220164,nan,0.0471032491381347,0.08627666532993317,0.08909370750188828,0.000363322498742491,0.11474702507257462,7.192255844650136e-08,2.523803004075783e-08,4.40579101162987e-09
Bicubic,bsd100,101087.png,x16,22.80599338184999,nan,0.07239362618400276,0.11674191802740097,0.13242708146572113,0.010496254079043865,0.12053003162145615,3.829390565306186e-07,3.297619708108669e-08,5.164949624165818e-09
LIIF,bsd100,101087.png,x16,24.299991993830886,nan,0.06095374590775781,0.10789266228675842,0.1156003549695015,0.0016213810304179788,0.12021654099225998,2.1836012755455707e-07,3.240391299684897e-08,5.158661299637863e-09
LTE,bsd100,101087.png,x16,24.317367900481702,nan,0.060831931335983476,0.10697217285633087,0.11478167772293091,0.0019102193182334304,0.12028912454843521,2.1533349808215306e-07,3.27188386727028e-08,5.158888037014896e-09
LTE-NoCell,bsd100,101087.png,x16,24.233151139050968,nan,0.06142461499682332,0.10811612755060196,0.11657397449016571,0.0033205330837517977,0.12035229057073593,2.2243190629533293e-07,3.291284779870828e-08,5.156656524932462e-09
LTE-FeaturePhase,bsd100,101087.png,x16,24.202050604532722,nan,0.06164494504766137,0.1085139587521553,0.11710213124752045,0.002174489898607135,0.12034580111503601,2.2545987350992987e-07,3.2900467209514205e-08,5.156502313730717e-09
SC-INR-Fixed,bsd100,101087.png,x16,24.26984740352698,nan,0.061165654863714614,0.10838235169649124,0.11594871431589127,0.0008891851175576448,0.12022659927606583,2.2097313965784724e-07,3.245825905047739e-08,5.156540901005738e-09
SC-INR-Adaptive,bsd100,101087.png,x16,24.3491082721666,nan,0.060610042200303145,0.10762889683246613,0.11488941311836243,0.0013978693168610334,0.12024462223052979,2.138811106662101e-07,3.2379562211491046e-08,5.159619613077871e-09
Bicubic,bsd100,101087.png,x30,20.614776202673212,nan,0.09316680232403819,0.13074032962322235,0.14919696748256683,0.0481022410094738,0.12724043428897858,9.516427663967576e-07,4.58774275302213e-08,7.549721715651565e-09
LIIF,bsd100,101087.png,x30,21.943706523207855,nan,0.07994930151455498,0.1247737780213356,0.14053544402122498,0.011179039254784584,0.12719503045082092,6.302046776853726e-07,4.573316080626059e-08,7.542934271357032e-09
LTE,bsd100,101087.png,x30,22.048320030216885,nan,0.07899216162638051,0.12399230152368546,0.13880130648612976,0.01063088234513998,0.12712757289409637,6.095206217254118e-07,4.560634798680795e-08,7.5236420275295e-09
LTE-NoCell,bsd100,101087.png,x30,22.075914346395912,nan,0.07874160860024651,0.12346818298101425,0.1386629045009613,0.008088924922049046,0.12719538807868958,6.031148418456697e-07,4.5762577011489617e-08,7.540330988462461e-09
LTE-FeaturePhase,bsd100,101087.png,x30,22.019000165226362,nan,0.07925925607433586,0.12309907376766205,0.1387633979320526,0.007851939648389816,0.12718920409679413,6.148726862175847e-07,4.5721088664505e-08,7.533657758358009e-09
SC-INR-Fixed,bsd100,101087.png,x30,22.011737500731996,nan,0.07932555603122658,0.1254621148109436,0.14113563299179077,0.005684188101440668,0.12718643248081207,6.162731280710133e-07,4.5731345880429625e-08,7.537553904377663e-09
SC-INR-Adaptive,bsd100,101087.png,x30,22.049016264712506,nan,0.07898583010871688,0.1262122392654419,0.14134733378887177,0.0057077775709331036,0.12718458473682404,6.088842434150466e-07,4.567909959420351e-08,7.54326481943688e-09
Bicubic,bsd100,102061.png,x4,25.19109825464342,nan,0.055010436023654456,0.1090775802731514,0.1148548498749733,0.0032306783832609653,0.14421676099300385,4.386730204037524e-08,4.1415370924541e-08,7.216571549463217e-09
LIIF,bsd100,102061.png,x4,26.592561178253963,nan,0.04681358934075307,0.0929059237241745,0.09650670737028122,0.0029358956962823868,0.13743960857391357,1.4906208809461796e-08,3.03846278162857e-08,6.964138420398165e-09
LTE,bsd100,102061.png,x4,26.659486264132415,nan,0.0464542750268514,0.09216050058603287,0.09566416591405869,0.0029188499320298433,0.13692083954811096,1.406739540870868e-08,2.9912584792559184e-08,6.931631525388242e-09
LTE-NoCell,bsd100,102061.png,x4,26.513555105582405,nan,0.04724134400814743,0.09376054257154465,0.09747179597616196,0.002917136065661907,0.13856926560401917,1.4997600577404888e-08,3.102881879378652e-08,7.068835527307922e-09
LTE-FeaturePhase,bsd100,102061.png,x4,26.521674276194865,nan,0.04719720560248024,0.09369034320116043,0.09741481393575668,0.0028993289452046156,0.1384349912405014,1.4975521159290704e-08,3.097408622278987e-08,7.05330793054626e-09
SC-INR-Fixed,bsd100,102061.png,x4,26.587894747545935,nan,0.04683874635649211,0.09296242892742157,0.0964682549238205,0.002906669629737735,0.13767404854297638,1.4784253945273987e-08,3.041774033313789e-08,6.9872583647574146e-09
SC-INR-Adaptive,bsd100,102061.png,x4,26.60000075166974,nan,0.04677351008097859,0.09287217259407043,0.0964699536561966,0.0029065217822790146,0.13779085874557495,1.4744547162791418e-08,3.0251960411546686e-08,7.009046633911865e-09
Bicubic,bsd100,102061.png,x8,23.17977220884284,nan,0.06934439916422899,0.13118821382522583,0.1429583579301834,0.005705296993255615,0.14718037843704224,2.1331519122631509e-07,4.5234161371209696e-08,7.776136118569801e-09
LIIF,bsd100,102061.png,x8,23.940828168590023,nan,0.06352703582017254,0.12375714629888535,0.13135945796966553,0.0037952172569930553,0.14656227827072144,1.4239644909473297e-07,4.374889940236426e-08,7.784341378563871e-09
LTE,bsd100,102061.png,x8,23.965946890298802,nan,0.06334358738891062,0.12341564893722534,0.13086585700511932,0.00363137642852962,0.14613085985183716,1.4347179080343254e-07,4.302110642773511e-08,7.764183231078936e-09
LTE-NoCell,bsd100,102061.png,x8,23.84434925233853,nan,0.0642365987307424,0.1247258335351944,0.1328236609697342,0.003720868844538927,0.146760031580925,1.4851911194913032e-07,4.4433542436992085e-08,7.775111294451058e-09
LTE-FeaturePhase,bsd100,102061.png,x8,23.908554814798414,nan,0.06376351639215735,0.12388301640748978,0.13190531730651855,0.003693979000672698,0.1467132717370987,1.4287916963277164e-07,4.4337318196791645e-08,7.775149074205226e-09
SC-INR-Fixed,bsd100,102061.png,x8,23.884119043438375,nan,0.0639431530815625,0.12496397644281387,0.13238146901130676,0.0036283712834119797,0.14656196534633636,1.4690547268104233e-07,4.395992092670398e-08,7.769175872248591e-09
SC-INR-Adaptive,bsd100,102061.png,x8,23.930552447104795,nan,0.06360223507335189,0.12388984113931656,0.1314481496810913,0.003698288230225444,0.14642325043678284,1.4538040982160629e-07,4.3300700103628554e-08,7.780220553435548e-09
Bicubic,bsd100,102061.png,x16,21.329683844246915,nan,0.08580563463551258,0.15046057105064392,0.16794069111347198,0.014107252471148968,0.15188603103160858,4.921715354360353e-07,5.3078920604663895e-08,9.073628432487803e-09
LIIF,bsd100,102061.png,x16,21.56529655307432,nan,0.08350936326888792,0.15061382949352264,0.16661112010478973,0.010569712147116661,0.15184681117534637,4.5003444414138715e-07,5.299616349351385e-08,9.061811668133578e-09
LTE,bsd100,102061.png,x16,21.623298380083366,nan,0.08295356997760207,0.14933203160762787,0.16529333591461182,0.010740716941654682,0.15183015167713165,4.3972894000775766e-07,5.303907750935997e-08,9.059028418434351e-09
LTE-NoCell,bsd100,102061.png,x16,21.58805393802527,nan,0.08329085171227524,0.14941655099391937,0.16576752066612244,0.01248951256275177,0.15185067057609558,4.457086454203924e-07,5.3072206107735404e-08,9.061091473045799e-09
LTE-FeaturePhase,bsd100,102061.png,x16,21.579181732545898,nan,0.08337597265240952,0.14934298396110535,0.16580931842327118,0.012333812192082405,0.1518455445766449,4.4733516912596617e-07,5.3057034516430873e-08,9.060588844074854e-09
SC-INR-Fixed,bsd100,102061.png,x16,21.580735519830373,nan,0.08336105916110421,0.14997301995754242,0.16598543524742126,0.01247965358197689,0.1518329679965973,4.470733129463479e-07,5.305870953169811e-08,9.058503225344778e-09
SC-INR-Adaptive,bsd100,102061.png,x16,21.61212526787081,nan,0.08306034613612483,0.14968590438365936,0.16565445065498352,0.010710311122238636,0.15184852480888367,4.415996395346951e-07,5.305153573213591e-08,9.060927879792753e-09
Bicubic,bsd100,102061.png,x30,19.765386566153026,nan,0.10273789700755026,0.16553136706352234,0.1852557510137558,0.03470805287361145,0.16356714069843292,1.0027114977353733e-06,8.205130410301563e-08,1.346969465285629e-08
LIIF,bsd100,102061.png,x30,20.01323016173387,nan,0.0998477980788542,0.16745424270629883,0.18597915768623352,0.01967496983706951,0.16359378397464752,9.206062618297106e-07,8.201818219811658e-08,1.3449549763217882e-08
LTE,bsd100,102061.png,x30,19.99955116050368,nan,0.10000516758918214,0.16561026871204376,0.18454869091510773,0.024978546425700188,0.1636023074388504,9.251136237569018e-07,8.200156468352905e-08,1.3448930917828984e-08
LTE-NoCell,bsd100,102061.png,x30,20.012048106144587,nan,0.09986138720836032,0.16562023758888245,0.18355271220207214,0.021263593807816505,0.1635275036096573,9.212738337487828e-07,8.196839814649439e-08,1.3442250572866407e-08
LTE-FeaturePhase,bsd100,102061.png,x30,20.07572948544583,nan,0.09913192182506489,0.16503824293613434,0.1833285689353943,0.021176772192120552,0.16352452337741852,9.007726226165875e-07,8.1974460863632e-08,1.3446614381261895e-08
SC-INR-Fixed,bsd100,102061.png,x30,19.990049452001667,nan,0.10011462556237906,0.1662253737449646,0.1841626614332199,0.021367697045207024,0.1635253131389618,9.284405882933785e-07,8.195761828193968e-08,1.3443506373153676e-08
SC-INR-Adaptive,bsd100,102061.png,x30,19.963630137750105,nan,0.10041960138501452,0.16678835451602936,0.1850326508283615,0.021244123578071594,0.1635705679655075,9.366971475555544e-07,8.202972988577323e-08,1.3447194503569763e-08
Bicubic,bsd100,103070.png,x4,29.349235942232752,nan,0.0340830304756263,0.05933498963713646,0.06451985239982605,0.006727918051183224,0.08394443243741989,2.3572608689629426e-08,1.5749335860656935e-08,2.072354155530006e-09
LIIF,bsd100,103070.png,x4,30.67044454853886,nan,0.02927371043098898,0.050740331411361694,0.053770486265420914,0.005495373159646988,0.08071637898683548,8.517753096040916e-09,1.269631537757568e-08,1.998088671237135e-09
LTE,bsd100,103070.png,x4,30.710388346635252,nan,0.029139398494366874,0.05049284175038338,0.053475748747587204,0.0054549360647797585,0.08041854202747345,8.595512167509967e-09,1.2537780963254813e-08,1.983488329375099e-09
LTE-NoCell,bsd100,103070.png,x4,30.57114488881144,nan,0.02961029645774331,0.05149991065263748,0.05464198812842369,0.005483339540660381,0.08185029029846191,8.494698392569714e-09,1.30168004698047e-08,2.0558873290690586e-09
LTE-FeaturePhase,bsd100,103070.png,x4,30.592582033144144,nan,0.029537307096633162,0.0513794980943203,0.05451931431889534,0.005483932327479124,0.08174630999565125,8.279422006516004e-09,1.2982484175356488e-08,2.0504976073382203e-09
SC-INR-Fixed,bsd100,103070.png,x4,30.688168035398196,nan,0.029214038564647004,0.050631601363420486,0.05359034240245819,0.005465149879455566,0.08052115142345428,8.568557457378561e-09,1.2633378593453494e-08,1.985857181367756e-09
SC-INR-Adaptive,bsd100,103070.png,x4,30.661184627116967,nan,0.029304935419378383,0.05089636892080307,0.05392267927527428,0.005455893464386463,0.08079790323972702,8.413431772739362e-09,1.2758220159838315e-08,1.998664532621176e-09
Bicubic,bsd100,103070.png,x8,26.51992698519582,nan,0.04720670095082751,0.07586407661437988,0.08551137894392014,0.012736030854284763,0.08628462255001068,1.2671431405877515e-07,1.7328101661444098e-08,2.255722259564119e-09
LIIF,bsd100,103070.png,x8,27.57504842361903,nan,0.041806862765254214,0.06881995499134064,0.07447172701358795,0.010040524415671825,0.08555209636688232,8.182816895765287e-08,1.6607536616865412e-08,2.247517243324084e-09
LTE,bsd100,103070.png,x8,27.553873695750696,nan,0.04190890514662081,0.06918271631002426,0.07486435770988464,0.009993385523557663,0.08555775880813599,8.252529734007862e-08,1.66426747788575e-08,2.2478294143784036e-09
LTE-NoCell,bsd100,103070.png,x8,27.547330668047287,nan,0.04194048676296041,0.06910908967256546,0.0749940574169159,0.010073653422296047,0.0859338715672493,8.128120518677253e-08,1.6968681171768037e-08,2.254924365903248e-09
LTE-FeaturePhase,bsd100,103070.png,x8,27.56046580427286,nan,0.04187711067849708,0.06902788579463959,0.0748167484998703,0.009900053031742573,0.08585894852876663,8.116819275649729e-08,1.6877761700054672e-08,2.2531462898679353e-09
SC-INR-Fixed,bsd100,103070.png,x8,27.60323040918704,nan,0.04167143724867413,0.06862473487854004,0.07420742511749268,0.01002111379057169,0.0855039581656456,8.082545454683186e-08,1.6579153447356e-08,2.247068441212659e-09
SC-INR-Adaptive,bsd100,103070.png,x8,27.57826453058433,nan,0.041791385887357396,0.06883567571640015,0.07450596243143082,0.009953025728464127,0.08566366136074066,8.155124930512345e-08,1.6627348817077368e-08,2.2543405629800384e-09
Bicubic,bsd100,103070.png,x16,23.972446068963556,nan,0.06329620855635507,0.09225987643003464,0.10564073920249939,0.03026379831135273,0.08945644646883011,3.2654899637292333e-07,2.008264014159245e-08,2.6794613375079608e-09
LIIF,bsd100,103070.png,x16,24.77463134185149,nan,0.057712306694643146,0.08665379136800766,0.09737981855869293,0.02261965535581112,0.08939839899539948,2.527062016591454e-07,2.004962441565699e-08,2.6725828507343957e-09
LTE,bsd100,103070.png,x16,24.806560109931016,nan,0.05750054943234265,0.08713991940021515,0.09765948355197906,0.021996617317199707,0.08936051279306412,2.502804317872278e-07,1.9993406982226833e-08,2.6727908606998042e-09
LTE-NoCell,bsd100,103070.png,x16,24.874911194545586,nan,0.057049841251092866,0.08556126803159714,0.09645380079746246,0.022959738969802856,0.08938338607549667,2.444182060744243e-07,2.00404872494682e-08,2.672233930286645e-09
LTE-FeaturePhase,bsd100,103070.png,x16,24.829839495139936,nan,0.05734664634229536,0.08635394275188446,0.09712118655443192,0.022396499291062355,0.0893792062997818,2.4815600269104264e-07,2.003647003612846e-08,2.67234175099795e-09
SC-INR-Fixed,bsd100,103070.png,x16,24.837256255510304,nan,0.057297699738869064,0.08654410392045975,0.09697648137807846,0.02263866923749447,0.08937279880046844,2.47560669432607e-07,2.0032391331576443e-08,2.6721713330941173e-09
SC-INR-Adaptive,bsd100,103070.png,x16,24.91105238207394,nan,0.05681295528336976,0.0855443999171257,0.09587415307760239,0.022308215498924255,0.08935710042715073,2.415125203781814e-07,2.0029632153453842e-08,2.6720025952288713e-09
Bicubic,bsd100,103070.png,x30,21.74344218455144,nan,0.08181404979587907,0.11203816533088684,0.1267431080341339,0.0500052273273468,0.09828978776931763,7.749884537518095e-07,2.9202375012162056e-08,4.262755849869305e-09
LIIF,bsd100,103070.png,x30,22.259212606156083,nan,0.07709733562245293,0.11030436307191849,0.12446469813585281,0.04149506986141205,0.0982530266046524,6.698266039517893e-07,2.9140756506878228e-08,4.25268396162987e-09
LTE,bsd100,103070.png,x30,22.2396681082304,nan,0.07727101101342343,0.11160940676927567,0.1256963461637497,0.04118878394365311,0.09826353192329407,6.734413209803056e-07,2.9173917017439876e-08,4.254056672482547e-09
LTE-NoCell,bsd100,103070.png,x30,22.30788924661086,nan,0.07666648243356335,0.10892657935619354,0.12334223836660385,0.04315422847867012,0.09825433045625687,6.603139531607239e-07,2.9177495928059182e-08,4.255195020302203e-09
LTE-FeaturePhase,bsd100,103070.png,x30,22.3241064768983,nan,0.07652347370456464,0.10847337543964386,0.12260175496339798,0.043434932827949524,0.09824585914611816,6.573044354560456e-07,2.9163159319205153e-08,4.253950267928813e-09
SC-INR-Fixed,bsd100,103070.png,x30,22.273043620286117,nan,0.07697466703671532,0.11005324125289917,0.12414012849330902,0.04285436496138573,0.09825639426708221,6.670804075084886e-07,2.9157130035948382e-08,4.254106652037379e-09
SC-INR-Adaptive,bsd100,103070.png,x30,22.32150708108999,nan,0.0765463780439371,0.10893626511096954,0.12311948835849762,0.042600348591804504,0.09826213121414185,6.578572511866465e-07,2.9154974753641944e-08,4.251355312146293e-09
Bicubic,bsd100,105025.png,x4,25.477633962993075,nan,0.05322532253411226,0.08182933926582336,0.08929086476564407,0.0050675757229328156,0.14243315160274506,4.499689378974238e-08,3.8907631059881555e-08,6.2343578073936006e-09
LIIF,bsd100,105025.png,x4,26.232993053730116,nan,0.048792194020857264,0.07476071268320084,0.07897145301103592,0.004750881344079971,0.1404651403427124,1.9720911462467244e-08,3.4897589359726155e-08,6.19478231975275e-09
LTE,bsd100,105025.png,x4,26.23720342365519,nan,0.048768548382658025,0.07466351240873337,0.07891196012496948,0.004717038478702307,0.1403331309556961,1.9869397300171518e-08,3.48416606889293e-08,6.180806350657337e-09
LTE-NoCell,bsd100,105025.png,x4,26.216705948667244,nan,0.04888377118264173,0.07486395537853241,0.07928025722503662,0.004792375955730677,0.14074517786502838,1.968270434324586e-08,3.5061763950946017e-08,6.2140894670365025e-09
LTE-FeaturePhase,bsd100,105025.png,x4,26.233543127615278,nan,0.04878910412874424,0.07472112029790878,0.07910870760679245,0.0047838687896728516,0.1405581831932068,1.9411672829741815e-08,3.4955728923712323e-08,6.197315867148533e-09
SC-INR-Fixed,bsd100,105025.png,x4,26.237425358959044,nan,0.04876730230139524,0.07464137673377991,0.07886195927858353,0.00473868427798152,0.14035676419734955,2.0145078984667653e-08,3.476640001560877e-08,6.186201290569969e-09
SC-INR-Adaptive,bsd100,105025.png,x4,26.242075001962316,nan,0.048741203666103,0.07462271302938461,0.07887555658817291,0.004742778372019529,0.140423983335495,1.974882060257557e-08,3.479430631303827e-08,6.1894116731066615e-09
Bicubic,bsd100,105025.png,x8,23.49746812322946,nan,0.06685387635960487,0.09833008795976639,0.11291799694299698,0.009435421787202358,0.14446015655994415,2.047492294472973e-07,4.1719880705910244e-08,6.647148859524345e-09
LIIF,bsd100,105025.png,x8,24.01559345443745,nan,0.06298256264092178,0.09436768293380737,0.10472652316093445,0.007462205830961466,0.14426495134830475,1.547783062663726e-07,4.164630461792086e-08,6.640041246181165e-09
LTE,bsd100,105025.png,x8,24.00574935902818,nan,0.06305398397534118,0.09442604333162308,0.10514471679925919,0.0075274924747645855,0.14427660405635834,1.5592547953632766e-07,4.15899238498362e-08,6.640625359853393e-09
LTE-NoCell,bsd100,105025.png,x8,24.016690717905497,nan,0.0629746067373775,0.09419813007116318,0.10499537736177444,0.0076021295972168446,0.14427979290485382,1.550573024533977e-07,4.156378119108774e-08,6.638549957388829e-09
LTE-FeaturePhase,bsd100,105025.png,x8,24.008708745883077,nan,0.06303250438555968,0.09428559988737106,0.10505504161119461,0.007535622455179691,0.1442706286907196,1.5584053486779262e-07,4.155229221340423e-08,6.638409550212136e-09
SC-INR-Fixed,bsd100,105025.png,x8,24.00946672617978,nan,0.06302700404952467,0.09443335980176926,0.10495613515377045,0.007518719416111708,0.14427542686462402,1.5550514749563158e-07,4.161083785767278e-08,6.639085355695167e-09
SC-INR-Adaptive,bsd100,105025.png,x8,23.993801567477515,nan,0.0631407769535769,0.0946928858757019,0.10523944348096848,0.007500200532376766,0.144281268119812,1.568610003612567e-07,4.162496029975257e-08,6.641343035053095e-09
Bicubic,bsd100,105025.png,x16,21.608993961456527,nan,0.08309029520208143,0.1127985492348671,0.13226644694805145,0.024584582075476646,0.14636172354221344,4.853123286648801e-07,4.640800115808951e-08,7.490678729259669e-09
LIIF,bsd100,105025.png,x16,22.276669244572687,nan,0.07694254332854195,0.11044439673423767,0.12589360773563385,0.017714926972985268,0.14634309709072113,3.772701000282887e-07,4.646468343463152e-08,7.487473790255169e-09
LTE,bsd100,105025.png,x16,22.297792639626515,nan,0.07675565250648117,0.11000287532806396,0.12595607340335846,0.016888327896595,0.14631998538970947,3.745994407829352e-07,4.6362043441337305e-08,7.485019059665161e-09
LTE-NoCell,bsd100,105025.png,x16,22.29808889028057,nan,0.07675303463710567,0.10940144956111908,0.1256292760372162,0.01818923093378544,0.14632801711559296,3.7454099419037714e-07,4.636383286786891e-08,7.485759560590741e-09
LTE-FeaturePhase,bsd100,105025.png,x16,22.34453346318286,nan,0.07634372155528216,0.10903831571340561,0.12519066035747528,0.017908375710248947,0.1463172733783722,3.676265779187931e-07,4.6379086704535234e-08,7.483384531540221e-09
SC-INR-Fixed,bsd100,105025.png,x16,22.258386940541023,nan,0.07710466470989576,0.11054130643606186,0.12612996995449066,0.017741702497005463,0.14635920524597168,3.8017285333181967e-07,4.642821799358897e-08,7.487037160627658e-09
SC-INR-Adaptive,bsd100,105025.png,x16,22.21383553234371,nan,0.07750116366139606,0.11071465164422989,0.12658154964447021,0.01778806373476982,0.1463577002286911,3.87027875046344e-07,4.6391296538492173e-08,7.490125290460442e-09
Bicubic,bsd100,105025.png,x30,19.77103320739231,nan,0.10267112946344857,0.12434558570384979,0.14456407725811005,0.05396739020943642,0.14479577541351318,1.1454983092817473e-06,5.7202401106587705e-08,9.578794279510321e-09
LIIF,bsd100,105025.png,x30,20.343988363591784,nan,0.09611708291869825,0.12629181146621704,0.14623504877090454,0.038150765001773834,0.1447976976633072,9.621625723424413e-07,5.718662095523683e-08,9.576638608511785e-09
LTE,bsd100,105025.png,x30,20.42608974174579,nan,0.09521283856750266,0.12388566881418228,0.14416459202766418,0.03841076418757439,0.14479227364063263,9.37788733466079e-07,5.71900462833611e-08,9.57680055853246e-09
LTE-NoCell,bsd100,105025.png,x30,20.367838945449343,nan,0.09585351707666342,0.12376665323972702,0.14397385716438293,0.03998479247093201,0.14478231966495514,9.551977460315444e-07,5.715782569358498e-08,9.573181841325322e-09
LTE-FeaturePhase,bsd100,105025.png,x30,20.407415202019944,nan,0.09541776503773364,0.12323153018951416,0.1432315856218338,0.03914748877286911,0.14478084444999695,9.434415651526317e-07,5.716337001765588e-08,9.57288655450445e-09
SC-INR-Fixed,bsd100,105025.png,x30,20.393883615813944,nan,0.09556653045172216,0.1247698962688446,0.14471445977687836,0.037205927073955536,0.14478810131549835,9.473707007099927e-07,5.717711871128996e-08,9.573978420629228e-09
SC-INR-Adaptive,bsd100,105025.png,x30,20.432303880089137,nan,0.09514474489160094,0.1242322251200676,0.1441481113433838,0.037264447659254074,0.14478924870491028,9.360614090641151e-07,5.7171653488227054e-08,9.574992987635547e-09
Bicubic,bsd100,106024.png,x4,31.50246131709528,nan,0.026599711980116927,0.05144035443663597,0.054075464606285095,0.0035227301996201277,0.06153782829642296,1.5508388088526716e-08,9.537990003222288e-09,1.1579013084519358e-09
LIIF,bsd100,106024.png,x4,34.02875772697834,nan,0.019886672131549876,0.03701537847518921,0.03778356313705444,0.00303641683422029,0.05437428131699562,3.5313690779876483e-09,5.817403868289558e-09,9.894260802937075e-10
LTE,bsd100,106024.png,x4,34.07613808227054,nan,0.019778488352186086,0.0367281548678875,0.03750438988208771,0.003038378432393074,0.053959961980581284,3.527917946772521e-09,5.7619675436717856e-09,9.707597762241045e-10
LTE-NoCell,bsd100,106024.png,x4,33.8828067836305,nan,0.02022365559991073,0.03784135356545448,0.038638193160295486,0.003046522382646799,0.055981989949941635,3.6324855633452175e-09,5.937447304283765e-09,1.0657108980313595e-09
LTE-FeaturePhase,bsd100,106024.png,x4,33.915099808270305,nan,0.020148606238309424,0.03768401965498924,0.03843213990330696,0.0030439028050750494,0.05567219480872154,3.516986489049736e-09,5.921675856176086e-09,1.0535944307895354e-09
SC-INR-Fixed,bsd100,106024.png,x4,34.115604913985784,nan,0.01968882297998041,0.03659006208181381,0.037239186465740204,0.003038643626496196,0.05384387448430061,3.6528676863173637e-09,5.661647135852845e-09,9.685528446168426e-10
SC-INR-Adaptive,bsd100,106024.png,x4,34.08121255543645,nan,0.01976693673219783,0.03676879033446312,0.037473827600479126,0.0030436310917139053,0.054119404405355453,3.546733428919044e-09,5.731180977818555e-09,9.79271929958103e-10
Bicubic,bsd100,106024.png,x8,28.767294868075503,nan,0.036444773593364975,0.06624405086040497,0.07420149445533752,0.005982787348330021,0.062067702412605286,7.721993767857732e-08,1.0222784277926926e-08,1.2031507294417737e-09
LIIF,bsd100,106024.png,x8,30.542436825544943,nan,0.029708324480405158,0.05632800981402397,0.05980987846851349,0.004358938429504633,0.0605861134827137,3.858461388308195e-08,8.884199660741528e-09,1.1952391677376901e-09
LTE,bsd100,106024.png,x8,30.66107277069446,nan,0.029305312809200398,0.0552278608083725,0.05874147638678551,0.0040036896243691444,0.06000050529837608,3.749466907569431e-08,8.614938430913685e-09,1.1840620368953543e-09
LTE-NoCell,bsd100,106024.png,x8,30.430418562737,nan,0.030093941462384068,0.05705638602375984,0.060668427497148514,0.004349484574049711,0.06144839897751808,3.764894735534015e-08,9.596825386891492e-09,1.2046141892511353e-09
LTE-FeaturePhase,bsd100,106024.png,x8,30.35047061676267,nan,0.03037221525488906,0.057524263858795166,0.06129155680537224,0.004478136543184519,0.06143300607800484,3.936530113385223e-08,9.589156468068354e-09,1.2050186995957126e-09
SC-INR-Fixed,bsd100,106024.png,x8,30.649708761962124,nan,0.029343678917153806,0.055450595915317535,0.058898866176605225,0.004023130517452955,0.06028272956609726,3.7028727500444855e-08,8.757984457300692e-09,1.1905202999912824e-09
SC-INR-Adaptive,bsd100,106024.png,x8,30.660728683078318,nan,0.029306473748997725,0.055468812584877014,0.05885361135005951,0.004387474153190851,0.06042247638106346,3.685556753728158e-08,8.733115320685999e-09,1.1979956717907329e-09
Bicubic,bsd100,106024.png,x16,25.653353443919595,nan,0.05215936887302926,0.0802273228764534,0.09384098649024963,0.019810892641544342,0.06206614151597023,2.359309738639804e-07,1.1451304188416947e-08,1.3051419878166844e-09
LIIF,bsd100,106024.png,x16,27.656696924791472,nan,0.04141571407977395,0.07395289093255997,0.08026457577943802,0.009221025742590427,0.061954792588949203,1.2591679261673902e-07,1.1423296652829621e-08,1.3010644793953996e-09
LTE,bsd100,106024.png,x16,27.668775457277036,nan,0.041358161725989544,0.07317126542329788,0.07985327392816544,0.00930044986307621,0.061866890639066696,1.2571168308005975e-07,1.1353244812649796e-08,1.300396241688917e-09
LTE-NoCell,bsd100,106024.png,x16,27.651486095313878,nan,0.04144056760428582,0.07360155135393143,0.08042953908443451,0.009237750433385372,0.06193360313773155,1.261869263742278e-07,1.141456630257298e-08,1.300408579409121e-09
LTE-FeaturePhase,bsd100,106024.png,x16,27.59848259428128,nan,0.04169422159917504,0.07341629266738892,0.08091124892234802,0.00947099830955267,0.06196803227066994,1.2840300156481916e-07,1.1436057127397316e-08,1.3003441093675468e-09
SC-INR-Fixed,bsd100,106024.png,x16,27.73578505160177,nan,0.04104032085215303,0.07313992828130722,0.07961716502904892,0.00923817977309227,0.06185707449913025,1.2274907370754177e-07,1.1376225022099248e-08,1.2992973722143324e-09
SC-INR-Adaptive,bsd100,106024.png,x16,27.75915602770652,nan,0.04093004278428165,0.07312578707933426,0.07959618419408798,0.008651969954371452,0.061944201588630676,1.2146137167857279e-07,1.1437958741987524e-08,1.301925531486456e-09
Bicubic,bsd100,106024.png,x30,22.155526776061848,nan,0.07802318256344545,0.101775623857975,0.11885121464729309,0.05495794117450714,0.05601755157113075,7.855734038699959e-07,1.3500836162793671e-08,1.2952087087729751e-09
LIIF,bsd100,106024.png,x30,24.014306868468445,nan,0.06299189254107866,0.09584265202283859,0.10611388832330704,0.028622396290302277,0.055918700993061066,4.875682705414707e-07,1.3429893821907056e-08,1.2845218085139258e-09
LTE,bsd100,106024.png,x30,23.907625762107358,nan,0.0637703369755689,0.0959492176771164,0.108332060277462,0.030796321108937263,0.055929701775312424,5.015276244469409e-07,1.3423574802235338e-08,1.2800784435017277e-09
LTE-NoCell,bsd100,106024.png,x30,24.073917861113053,nan,0.06256106120783565,0.09314202517271042,0.10621681809425354,0.031382787972688675,0.05591016262769699,4.800594338333682e-07,1.341490683199023e-08,1.2799675971427616e-09
LTE-FeaturePhase,bsd100,106024.png,x30,24.129774490038226,nan,0.06216003860256818,0.0933399647474289,0.10589000582695007,0.0295335091650486,0.05593251436948776,4.7282875941830503e-07,1.3451050993890453e-08,1.2831817697386528e-09
SC-INR-Fixed,bsd100,106024.png,x30,24.203511953778065,nan,0.06163457452489541,0.09445913881063461,0.10556656122207642,0.027267858386039734,0.05591513589024544,4.6378118348617896e-07,1.3430939573585076e-08,1.2807915668913554e-09
SC-INR-Adaptive,bsd100,106024.png,x30,24.440135282095934,nan,0.0599781734626106,0.09221979230642319,0.1031084805727005,0.027009248733520508,0.05592574551701546,4.35347458039089e-07,1.3438186653509526e-08,1.285571190410876e-09
Bicubic,bsd100,108005.png,x4,24.860830652536734,nan,0.057142398740721106,0.09514778107404709,0.10473126918077469,0.015350356698036194,0.12440454959869385,7.924912949764957e-08,4.4905407276550505e-08,4.007416035503077e-09
LIIF,bsd100,108005.png,x4,26.359036486542312,nan,0.048089269023736496,0.08146654814481735,0.08498255163431168,0.013924811035394669,0.12021656334400177,2.678370125633601e-08,3.620908326729741e-08,3.961815282877245e-09
LTE,bsd100,108005.png,x4,26.27572335749941,nan,0.048552749887445,0.08242465555667877,0.08598290383815765,0.01392175629734993,0.12065960466861725,2.846987779081131e-08,3.6796558890202385e-08,3.9624985970533265e-09
LTE-NoCell,bsd100,108005.png,x4,26.325156749332535,nan,0.048277209866718754,0.08134165406227112,0.08542926609516144,0.013935144990682602,0.12070667743682861,2.5817142114428795e-08,3.676651200522641e-08,3.988238355762804e-09
LTE-FeaturePhase,bsd100,108005.png,x4,26.327516235452876,nan,0.0482640973427004,0.08147921413183212,0.08537767082452774,0.013930688612163067,0.12031014263629913,2.661170869898008e-08,3.6612672974616755e-08,3.961478305741188e-09
SC-INR-Fixed,bsd100,108005.png,x4,26.29153280913886,nan,0.048464457927978155,0.08211219310760498,0.08559775352478027,0.013928924687206745,0.12088102102279663,2.7677267577395777e-08,3.673615541158529e-08,3.989883584998152e-09
SC-INR-Adaptive,bsd100,108005.png,x4,26.323829803322305,nan,0.0482845857541943,0.08181416243314743,0.0855523943901062,0.013853976503014565,0.12050969898700714,2.7695295856669855e-08,3.63925481078487e-08,3.971149571070178e-09
Bicubic,bsd100,108005.png,x8,22.113984117711837,nan,0.07839724372540302,0.11924703419208527,0.14062578976154327,0.02450558729469776,0.12794846296310425,3.5722213588437676e-07,4.9780067221451203e-08,4.313976256704943e-09
LIIF,bsd100,108005.png,x8,22.785670331312943,nan,0.07256320948956231,0.11502078920602798,0.13026908040046692,0.02188044972717762,0.12769147753715515,2.707681317594577e-07,4.937630798792195e-08,4.31495815689209e-09
LTE,bsd100,108005.png,x8,22.783202167770998,nan,0.07258383182349165,0.11493772268295288,0.12999247014522552,0.02207895927131176,0.12753526866436005,2.717876954784357e-07,4.9220952556943875e-08,4.311538893284175e-09
LTE-NoCell,bsd100,108005.png,x8,22.848272310826857,nan,0.07204210341827968,0.11387546360492706,0.12933355569839478,0.021730253472924232,0.12758386135101318,2.640468435190526e-07,4.919661677713353e-08,4.3114490175004515e-09
LTE-FeaturePhase,bsd100,108005.png,x8,22.877588632644404,nan,0.07179935922154117,0.11335577815771103,0.1286705583333969,0.021664239466190338,0.1275746375322342,2.605945566814882e-07,4.918534056607425e-08,4.311913165322496e-09
SC-INR-Fixed,bsd100,108005.png,x8,22.816858330509607,nan,0.07230312753269218,0.11458782851696014,0.12958312034606934,0.021638628095388412,0.12752948701381683,2.68413101904579e-07,4.9066445738610934e-08,4.309920093188121e-09
SC-INR-Adaptive,bsd100,108005.png,x8,22.81705988295868,nan,0.07230144978821698,0.11478398740291595,0.12990108132362366,0.021783391013741493,0.12758561968803406,2.678089483129979e-07,4.9195302125520385e-08,4.310793421077713e-09
Bicubic,bsd100,108005.png,x16,20.2677104736979,nan,0.09696488267640908,0.1354740560054779,0.1639300435781479,0.04558531567454338,0.13243459165096283,7.282205109120183e-07,5.808506554575538e-08,5.076061938202645e-09
LIIF,bsd100,108005.png,x16,20.669504395674842,nan,0.09258162093503162,0.13344863057136536,0.1586158126592636,0.03628309816122055,0.13240109384059906,6.3729420590667e-07,5.806875772565177e-08,5.070150819429244e-09
LTE,bsd100,108005.png,x16,20.645211005673644,nan,0.09284092305764191,0.13428173959255219,0.15954403579235077,0.03604310750961304,0.13240741193294525,6.425456255989182e-07,5.806808618008494e-08,5.072533452846306e-09
LTE-NoCell,bsd100,108005.png,x16,20.674071798478305,nan,0.0925329504575049,0.13344921171665192,0.15877477824687958,0.03686472401022911,0.13239619135856628,6.363498099591666e-07,5.805624638345351e-08,5.07161168287879e-09
LTE-FeaturePhase,bsd100,108005.png,x16,20.66420978725107,nan,0.09263807259168928,0.1330929398536682,0.15874697268009186,0.03717803582549095,0.1323976218700409,6.384871052949163e-07,5.805225366453875e-08,5.073193382651206e-09
SC-INR-Fixed,bsd100,108005.png,x16,20.654467461261067,nan,0.09274203622339865,0.13385240733623505,0.15906761586666107,0.03612222522497177,0.13240419328212738,6.404676624398313e-07,5.8083441565492844e-08,5.0723828139364435e-09
SC-INR-Adaptive,bsd100,108005.png,x16,20.679522232496915,nan,0.09247490383754484,0.1334621012210846,0.15871277451515198,0.036012470722198486,0.13240627944469452,6.351873864107278e-07,5.8048866672568264e-08,5.073710285813103e-09
Bicubic,bsd100,108005.png,x30,18.567200878272228,nan,0.11793425178729623,0.15315306186676025,0.18914787471294403,0.07606445997953415,0.1401015818119049,1.5141596847659756e-06,8.531876000685068e-08,7.299602804370473e-09
LIIF,bsd100,108005.png,x30,18.796605421702296,nan,0.11486024251575747,0.15393592417240143,0.18873652815818787,0.0644318163394928,0.14006884396076202,1.4138831774597786e-06,8.526485861990414e-08,7.273121520786792e-09
LTE,bsd100,108005.png,x30,18.70493140871233,nan,0.1160789389230658,0.15740323066711426,0.19254057109355927,0.061688296496868134,0.14010339975357056,1.4533679397105884e-06,8.527918635291623e-08,7.281677079330536e-09
LTE-NoCell,bsd100,108005.png,x30,18.815750610020373,nan,0.11460734968209642,0.15265774726867676,0.1874423325061798,0.06480319797992706,0.1400620937347412,1.4057329284308882e-06,8.524597302187149e-08,7.2804842584449815e-09
LTE-FeaturePhase,bsd100,108005.png,x30,18.824769539817378,nan,0.11448840974206179,0.15269334614276886,0.18741515278816223,0.06450275331735611,0.14006823301315308,1.401821352093686e-06,8.526000924177186e-08,7.281963581098156e-09
SC-INR-Fixed,bsd100,108005.png,x30,18.82898981632795,nan,0.11443279593574228,0.15329600870609283,0.18800756335258484,0.06508621573448181,0.140062153339386,1.400187017650217e-06,8.523839087954804e-08,7.274908336403563e-09
SC-INR-Adaptive,bsd100,108005.png,x30,18.79125796013766,nan,0.1149309779114116,0.15377278625965118,0.1885441690683365,0.0649457573890686,0.14007364213466644,1.4160300516387835e-06,8.528965691102803e-08,7.27666591309554e-09
Bicubic,bsd100,108070.png,x4,22.509100225682566,nan,0.07491089549477906,0.12394028902053833,0.1382959485054016,0.018012724816799164,0.2087300419807434,7.096959840458382e-08,7.894545001848016e-08,1.3479737424929253e-08
LIIF,bsd100,108070.png,x4,23.085900206957962,nan,0.07009789711545991,0.11686551570892334,0.12757699191570282,0.017405899241566658,0.20617172122001648,3.641428890889493e-08,7.181014643391998e-08,1.3390546765653762e-08
LTE,bsd100,108070.png,x4,23.088481110508265,nan,0.07007707149560026,0.11671186238527298,0.12708772718906403,0.017487743869423866,0.2059236466884613,3.8384139136064656e-08,7.135485683641625e-08,1.3364351294407451e-08
LTE-NoCell,bsd100,108070.png,x4,23.109408017419458,nan,0.06990843808940872,0.11647181957960129,0.12740053236484528,0.017337804660201073,0.20629765093326569,3.460667485688552e-08,7.158812467863777e-08,1.3418869317841314e-08
LTE-FeaturePhase,bsd100,108070.png,x4,23.10291407474432,nan,0.06996072417162262,0.11645230650901794,0.1273932307958603,0.01738611049950123,0.20638562738895416,3.4538896339996314e-08,7.175640293500095e-08,1.342148064109704e-08
SC-INR-Fixed,bsd100,108070.png,x4,23.087506041168922,nan,0.0700849387195838,0.11681648343801498,0.1271832287311554,0.017403746023774147,0.2060665339231491,3.709560074751195e-08,7.162990927597592e-08,1.3384206624632789e-08
SC-INR-Adaptive,bsd100,108070.png,x4,23.12500871036379,nan,0.06978298850633613,0.11620651185512543,0.12672697007656097,0.017364155501127243,0.20594075322151184,3.4959644692245474e-08,7.118903052619911e-08,1.338862605429409e-08
Bicubic,bsd100,108070.png,x8,21.00670999870054,nan,0.08905626973730144,0.1419478803873062,0.1626751720905304,0.023184776306152344,0.21175721287727356,2.899953958060869e-07,8.548418714390255e-08,1.438108426708483e-08
LIIF,bsd100,108070.png,x8,21.26553469538228,nan,0.08644169321512032,0.13988043367862701,0.15779925882816315,0.0224636010825634,0.21168020367622375,2.436054283811702e-07,8.558079934591525e-08,1.4379748029342556e-08
LTE,bsd100,108070.png,x8,21.245044567564413,nan,0.086645851016339,0.14069730043411255,0.15814688801765442,0.022466139867901802,0.21162964403629303,2.481386917877127e-07,8.535897027447207e-08,1.4378849719500393e-08
LTE-NoCell,bsd100,108070.png,x8,21.28565941617527,nan,0.08624164448396177,0.1390858143568039,0.15758413076400757,0.022568732500076294,0.21165397763252258,2.4088826367623826e-07,8.541465149627658e-08,1.4379045018318643e-08
LTE-FeaturePhase,bsd100,108070.png,x8,21.27982983771165,nan,0.08629954542496707,0.13933145999908447,0.1577233225107193,0.022565379738807678,0.2116505652666092,2.419720659331547e-07,8.539963347812552e-08,1.4377183156040787e-08
SC-INR-Fixed,bsd100,108070.png,x8,21.260712226933485,nan,0.0864896995909172,0.14036229252815247,0.15801702439785004,0.022540822625160217,0.211651012301445,2.4533493585536536e-07,8.538107022092565e-08,1.4378507130298285e-08
SC-INR-Adaptive,bsd100,108070.png,x8,21.2863609928985,nan,0.08623467885472062,0.13955575227737427,0.15750037133693695,0.022468041628599167,0.21163757145404816,2.410441970228792e-07,8.535128093535422e-08,1.4379638971228668e-08
Bicubic,bsd100,108070.png,x16,19.930557337497618,nan,0.10080269263838496,0.15561771392822266,0.1800549477338791,0.032447099685668945,0.21610112488269806,5.41603686034543e-07,9.661181405540976e-08,1.6419656807416525e-08
LIIF,bsd100,108070.png,x16,20.1119076708048,nan,0.09871987947299071,0.15495119988918304,0.17862136662006378,0.02936553955078125,0.2160889059305191,4.962787183443314e-07,9.657095277671759e-08,1.6415600878483335e-08
LTE,bsd100,108070.png,x16,20.122493762360296,nan,0.0985996360502964,0.15562883019447327,0.1788194477558136,0.029109593480825424,0.2160830944776535,4.935662435979145e-07,9.659556264871649e-08,1.6415941897678083e-08
LTE-NoCell,bsd100,108070.png,x16,20.14440303470262,nan,0.09835124191248899,0.1535816639661789,0.1773880273103714,0.029778514057397842,0.21607671678066254,4.883167645067526e-07,9.657242972969877e-08,1.6414903710240902e-08
LTE-FeaturePhase,bsd100,108070.png,x16,20.15522298741015,nan,0.09822880272664718,0.15346388518810272,0.17728129029273987,0.029516739770770073,0.2160777896642685,4.856884835679531e-07,9.657110397894433e-08,1.6414498531674194e-08
SC-INR-Fixed,bsd100,108070.png,x16,20.124497035017438,nan,0.09857689811703708,0.15509973466396332,0.17849335074424744,0.029258841648697853,0.21607951819896698,4.932166218363511e-07,9.656719113783962e-08,1.641414857126743e-08
SC-INR-Adaptive,bsd100,108070.png,x16,20.140929238582412,nan,0.09839058393792853,0.15469317138195038,0.17821955680847168,0.029362760484218597,0.21608947217464447,4.889858134326364e-07,9.660764032654905e-08,1.6417522492321074e-08
Bicubic,bsd100,108070.png,x30,18.456564696210968,nan,0.11944604248895686,0.17367024719715118,0.2009502649307251,0.05877009406685829,0.23179778456687927,1.1725019889919038e-06,1.3971456401746763e-07,2.4447254291275793e-08
LIIF,bsd100,108070.png,x30,18.649533147126157,nan,0.11682165179699554,0.17335982620716095,0.2002706676721573,0.0486002042889595,0.23178228735923767,1.0853352287698658e-06,1.3968645062006111e-07,2.444687665129329e-08
LTE,bsd100,108070.png,x30,18.644941802767427,nan,0.11688341981857397,0.17559507489204407,0.20248223841190338,0.047429926693439484,0.2317674607038498,1.087631123387383e-06,1.3964406846232245e-07,2.443832833737432e-08
LTE-NoCell,bsd100,108070.png,x30,18.698621469009193,nan,0.11616329611019331,0.1713532656431198,0.19851933419704437,0.0495624840259552,0.23177587985992432,1.0639033777079836e-06,1.3965891988435612e-07,2.4442289989536497e-08
LTE-FeaturePhase,bsd100,108070.png,x30,18.739971578542946,nan,0.1156116025160749,0.17079609632492065,0.197756826877594,0.049222689121961594,0.2317747175693512,1.0458646064657332e-06,1.3966737199442073e-07,2.444218806068843e-08
SC-INR-Fixed,bsd100,108070.png,x30,18.62876420806104,nan,0.11710131973138618,0.17365531623363495,0.2010495662689209,0.048942193388938904,0.23177629709243774,1.0946062946861084e-06,1.3967843970490708e-07,2.444404488622743e-08
SC-INR-Adaptive,bsd100,108070.png,x30,18.672661881583004,nan,0.11651099360125207,0.17277923226356506,0.19997885823249817,0.04860788583755493,0.23176248371601105,1.0753934693050515e-06,1.396453809684331e-07,2.4437698001550428e-08
Bicubic,bsd100,108082.png,x4,26.184338623417243,nan,0.049066272768213064,0.08505984395742416,0.09294316917657852,0.004421456716954708,0.12149564176797867,4.6193174405406556e-08,3.341233040483786e-08,4.206477642528092e-09
LIIF,bsd100,108082.png,x4,27.518696943235636,nan,0.04207897505085716,0.07227285951375961,0.0769171491265297,0.0033530271612107754,0.11809608340263367,1.4823371326403737e-08,2.679494768823663e-08,4.160802785073532e-09
LTE,bsd100,108082.png,x4,27.508925407178197,nan,0.04212634010042233,0.07255660742521286,0.0771074891090393,0.0033340107183903456,0.11810743063688278,1.508550600433675e-08,2.6834320304957672e-08,4.154595377203759e-09
LTE-NoCell,bsd100,108082.png,x4,27.453269220914308,nan,0.04239713782706103,0.07303314656019211,0.07788302004337311,0.0033564658369868994,0.11865293979644775,1.4567839930042618e-08,2.737665049604085e-08,4.189865085369745e-09
LTE-FeaturePhase,bsd100,108082.png,x4,27.497422008242822,nan,0.04218216824836337,0.07271897047758102,0.07741092890501022,0.003347744233906269,0.11831962317228317,1.4540451225176506e-08,2.7011825972021693e-08,4.178573557668342e-09
SC-INR-Fixed,bsd100,108082.png,x4,27.494014768136346,nan,0.042198718420514515,0.07266359776258469,0.07722611725330353,0.0033357935026288033,0.11823349446058273,1.55195538366477e-08,2.6859227122891718e-08,4.159358139012366e-09
SC-INR-Adaptive,bsd100,108082.png,x4,27.55757024372307,nan,0.041891073315415174,0.07197358459234238,0.07657584547996521,0.0033293741289526224,0.11799515038728714,1.428804382159694e-08,2.658516436314275e-08,4.155272497331039e-09
Bicubic,bsd100,108082.png,x8,23.243117980340212,nan,0.06884051346757497,0.11189774423837662,0.12996014952659607,0.008317598141729832,0.12381531298160553,2.743934181411408e-07,3.640575219247617e-08,4.4569752167148835e-09
LIIF,bsd100,108082.png,x8,24.00959654802864,nan,0.0630260620365142,0.10639140754938126,0.11872413009405136,0.005434457678347826,0.12359733134508133,1.9874615455829048e-07,3.613948570013824e-08,4.458194041758244e-09
LTE,bsd100,108082.png,x8,24.006088141201545,nan,0.06305152468216162,0.106559157371521,0.11851914972066879,0.005354657303541899,0.12354566901922226,1.9910288132150877e-07,3.612944645506462e-08,4.459284996931198e-09
LTE-NoCell,bsd100,108082.png,x8,24.04918996607766,nan,0.0627394203161961,0.10536683350801468,0.1179388016462326,0.005451985169202089,0.12354198843240738,1.9518875623206543e-07,3.612823766887521e-08,4.457673853239841e-09
LTE-FeaturePhase,bsd100,108082.png,x8,24.054725828046685,nan,0.06269944673496403,0.10538101941347122,0.11788345873355865,0.005466850474476814,0.12348363548517227,1.9527834561172684e-07,3.5996587384950394e-08,4.4568365025578036e-09
SC-INR-Fixed,bsd100,108082.png,x8,24.023553881180668,nan,0.0629248669504802,0.10636793076992035,0.11824315786361694,0.005325207021087408,0.1235230565071106,1.9788231135821432e-07,3.6042632593637915e-08,4.4601442864920905e-09
SC-INR-Adaptive,bsd100,108082.png,x8,24.040775799512907,nan,0.06280022648920269,0.10585449635982513,0.1181037649512291,0.005340398754924536,0.1235308051109314,1.9621200068960858e-07,3.60672052068268e-08,4.45912462805801e-09
Bicubic,bsd100,108082.png,x16,20.937943521823495,nan,0.08976412956147506,0.13580670952796936,0.1623118370771408,0.02433590404689312,0.1262913942337036,6.528383148081899e-07,4.201318419672441e-08,5.009267901200869e-09
LIIF,bsd100,108082.png,x16,21.362696113645747,nan,0.0854801340036018,0.13597485423088074,0.1581445336341858,0.01421025488525629,0.1263093203306198,5.706575372123258e-07,4.199425561069293e-08,5.008273239135867e-09
LTE,bsd100,108082.png,x16,21.419364604322446,nan,0.0849242597094225,0.13578534126281738,0.15779554843902588,0.012872706167399883,0.1262805312871933,5.601431727750236e-07,4.202793326006932e-08,5.006448245581366e-09
LTE-NoCell,bsd100,108082.png,x16,21.43987238073783,nan,0.0847239862299196,0.1347694844007492,0.15712840855121613,0.01452071126550436,0.12627927958965302,5.564170145506583e-07,4.2021724822187647e-08,5.009939002761303e-09
LTE-FeaturePhase,bsd100,108082.png,x16,21.414321305501996,nan,0.08497358370528944,0.1351127177476883,0.15762078762054443,0.014419584535062313,0.1262769252061844,5.610208753160408e-07,4.203286403514735e-08,5.0086035354006325e-09
SC-INR-Fixed,bsd100,108082.png,x16,21.28798293911563,nan,0.08621857745822871,0.13776710629463196,0.16015951335430145,0.014053599908947945,0.12633563578128815,5.841713632314215e-07,4.207064954465319e-08,5.013054785181025e-09
SC-INR-Adaptive,bsd100,108082.png,x16,21.49030626056209,nan,0.08423346905724426,0.13427218794822693,0.15626949071884155,0.013959555886685848,0.12625490128993988,5.47653869115996e-07,4.195696608566281e-08,5.006309402260755e-09
Bicubic,bsd100,108082.png,x30,18.996352966759943,nan,0.1122489666575274,0.15745627880096436,0.1910143941640854,0.050848670303821564,0.12455052137374878,1.4722703392293816e-06,5.60451745942769e-08,5.936867135116019e-09
LIIF,bsd100,108082.png,x30,19.46803081776887,nan,0.10631595853784226,0.15751908719539642,0.1884952038526535,0.03302300348877907,0.12451539933681488,1.2898469876970702e-06,5.603202399559949e-08,5.927538637670786e-09
LTE,bsd100,108082.png,x30,19.517181533863774,nan,0.10571604893571843,0.1564466804265976,0.18736068904399872,0.03135611489415169,0.1245221197605133,1.271881498194226e-06,5.604022561188458e-08,5.92994599652693e-09
LTE-NoCell,bsd100,108082.png,x30,19.5248978272639,nan,0.1056221755555847,0.1555401086807251,0.18700715899467468,0.0353364460170269,0.12451138347387314,1.2691446995348855e-06,5.6032157831594536e-08,5.927626491306679e-09
LTE-FeaturePhase,bsd100,108082.png,x30,19.488156073425856,nan,0.10606990901681751,0.15619415044784546,0.18739266693592072,0.03512698784470558,0.1245136484503746,1.2824688130289783e-06,5.6034959289403526e-08,5.928460437312998e-09
SC-INR-Fixed,bsd100,108082.png,x30,19.5152110099857,nan,0.10574003492206993,0.15545868873596191,0.1864943653345108,0.03356253728270531,0.12452653050422668,1.2725265179686229e-06,5.606182927338447e-08,5.926827970324964e-09
SC-INR-Adaptive,bsd100,108082.png,x30,19.55512641482362,nan,0.10525522870783037,0.1560221016407013,0.1871882826089859,0.03330118581652641,0.12451636791229248,1.2582324147973485e-06,5.6037872641960825e-08,5.926799222396707e-09
Bicubic,bsd100,109053.png,x4,28.309659668190097,nan,0.03841643112666203,0.068617083132267,0.07260270416736603,0.004339170176535845,0.09605354815721512,2.7003985104386805e-08,2.07129570246344e-08,2.611662847791179e-09
LIIF,bsd100,109053.png,x4,29.317935900517583,nan,0.03420607195616959,0.06096591055393219,0.06301867216825485,0.003709020558744669,0.09410136938095093,1.056014473665513e-08,1.7842828645961203e-08,2.5919270014429554e-09
LTE,bsd100,109053.png,x4,29.299926479624663,nan,0.0342770687863877,0.06104012578725815,0.0631241723895073,0.003700653789564967,0.09409920871257782,1.0948792529526458e-08,1.7858231428228142e-08,2.593061104924931e-09
LTE-NoCell,bsd100,109053.png,x4,29.25875728178252,nan,0.03443992015420494,0.06139960139989853,0.06359327584505081,0.0037108859978616238,0.09434787929058075,1.0907883916341974e-08,1.80944947056634e-08,2.6006655860912257e-09
LTE-FeaturePhase,bsd100,109053.png,x4,29.270809745690265,nan,0.03439216476468014,0.061249248683452606,0.06346309930086136,0.0037101160269230604,0.0943693071603775,1.0774196248674087e-08,1.8049754026860034e-08,2.602589432041577e-09
SC-INR-Fixed,bsd100,109053.png,x4,29.29442407854779,nan,0.034298789754589436,0.06110498309135437,0.06318057328462601,0.003695353865623474,0.09414732456207275,1.0877372980051474e-08,1.7910732496458873e-08,2.5909088897402722e-09
SC-INR-Adaptive,bsd100,109053.png,x4,29.323030798569576,nan,0.034186013521881185,0.06095476076006889,0.06298138201236725,0.003694212296977639,0.09402783215045929,1.0901745477949764e-08,1.7734126171074012e-08,2.5930188437231433e-09
Bicubic,bsd100,109053.png,x8,25.842008433751246,nan,0.051038696981587126,0.08598709851503372,0.09444216638803482,0.008487695828080177,0.0982273742556572,1.360277171161289e-07,2.2636652348292733e-08,2.8115999088122322e-09
LIIF,bsd100,109053.png,x8,26.498446555479738,nan,0.047323588816960416,0.08160955458879471,0.08746065199375153,0.006871543824672699,0.09809229522943497,9.965923084373144e-08,2.2578477747432714e-08,2.813278165564757e-09
LTE,bsd100,109053.png,x8,26.489239611246344,nan,0.04737377787812206,0.08185494691133499,0.08766692131757736,0.006695013027638197,0.09806115925312042,1.003134684931791e-07,2.2541253677163475e-08,2.8118134167113366e-09
LTE-NoCell,bsd100,109053.png,x8,26.471226858450727,nan,0.04747212331138885,0.08171895146369934,0.08791625499725342,0.006756208371371031,0.09810160845518112,1.010450454792027e-07,2.258526494617848e-08,2.8126786399781128e-09
LTE-FeaturePhase,bsd100,109053.png,x8,26.464415692138992,nan,0.04750936386471722,0.08171826601028442,0.08792070299386978,0.006853764411062002,0.09809601306915283,1.0143277255818655e-07,2.2579378984773238e-08,2.811849706070089e-09
SC-INR-Fixed,bsd100,109053.png,x8,26.489638371276094,nan,0.04737160304788105,0.0817166417837143,0.08755729347467422,0.006894433405250311,0.09808485954999924,1.0013478992871444e-07,2.257487903744189e-08,2.8128166198504714e-09
SC-INR-Adaptive,bsd100,109053.png,x8,26.512122233216836,nan,0.047249137844218955,0.08162596076726913,0.08743114024400711,0.006646647583693266,0.09804094582796097,9.9235693757217e-08,2.251973334378046e-08,2.8108603425320803e-09
Bicubic,bsd100,109053.png,x16,23.50452941169494,nan,0.06679954885964683,0.10233641415834427,0.11469656229019165,0.02308748848736286,0.10082735121250153,3.4658161273408713e-07,2.564941884214859e-08,3.275928754727696e-09
LIIF,bsd100,109053.png,x16,23.971068247941236,nan,0.06330624987253586,0.09937828779220581,0.11073511093854904,0.018558377400040627,0.10080751776695251,2.968186087249877e-07,2.564387427702462e-08,3.2735722889275074e-09
LTE,bsd100,109053.png,x16,23.906501516056334,nan,0.06377859153468515,0.10047641396522522,0.11198563873767853,0.018504921346902847,0.10080255568027496,3.0346084126087686e-07,2.5630335658673886e-08,3.2731471078318655e-09
LTE-NoCell,bsd100,109053.png,x16,23.95088615671599,nan,0.06345351607759446,0.09927374869585037,0.11072518676519394,0.01881548762321472,0.1008019894361496,2.9891706776210125e-07,2.5631845048542887e-08,3.2736564070919187e-09
LTE-FeaturePhase,bsd100,109053.png,x16,23.96322753735559,nan,0.06336342191883387,0.09914939850568771,0.11063645035028458,0.01866150088608265,0.1008063480257988,2.976145760379763e-07,2.564216727570355e-08,3.274176628037282e-09
SC-INR-Fixed,bsd100,109053.png,x16,23.971380112008607,nan,0.06330397692284735,0.09955307841300964,0.11077792942523956,0.018510255962610245,0.1008099615573883,2.968095033129807e-07,2.5638867163998237e-08,3.2735488672064893e-09
SC-INR-Adaptive,bsd100,109053.png,x16,23.947523711422072,nan,0.06347808469267673,0.09948497265577316,0.11081197112798691,0.018534895032644272,0.10080663114786148,2.992376619160374e-07,2.5635606346789333e-08,3.2741671912268984e-09
Bicubic,bsd100,109053.png,x30,22.01652012081057,nan,0.07928188985725011,0.11418816447257996,0.1274603307247162,0.03551144525408745,0.09878844767808914,7.140181389861409e-07,3.026314643323921e-08,4.126974531056427e-09
LIIF,bsd100,109053.png,x30,22.420118314273093,nan,0.0756822585941801,0.11059089004993439,0.1236564889550209,0.03082224912941456,0.0987740233540535,6.356257675977442e-07,3.0239347096732485e-08,4.123110287546011e-09
LTE,bsd100,109053.png,x30,22.260965837471826,nan,0.07708177523337756,0.1138424351811409,0.1269320249557495,0.02908511832356453,0.09877417981624603,6.657412390263532e-07,3.023679637786184e-08,4.122584530372385e-09
LTE-NoCell,bsd100,109053.png,x30,22.348901742338914,nan,0.0763053366739985,0.11144962161779404,0.12456583976745605,0.03121996857225895,0.09877308458089828,6.489801748991285e-07,3.023788075016988e-08,4.121341267440852e-09
LTE-FeaturePhase,bsd100,109053.png,x30,22.31217258732141,nan,0.07662868461182083,0.11179601401090622,0.1247919574379921,0.03101898729801178,0.09876959025859833,6.560038989127178e-07,3.0227266021178e-08,4.119698652624006e-09
SC-INR-Fixed,bsd100,109053.png,x30,22.342203405716173,nan,0.07636420409967815,0.11157111078500748,0.12449318170547485,0.030930310487747192,0.09876501560211182,6.503175538510353e-07,3.022550747221732e-08,4.1194042584064126e-09
SC-INR-Adaptive,bsd100,109053.png,x30,22.402595672737977,nan,0.07583509171928833,0.1111890971660614,0.1242736279964447,0.030350901186466217,0.0987686738371849,6.389600405048531e-07,3.0226334381333554e-08,4.121273532071173e-09
Bicubic,urban100,img_001.png,x4,25.20328822930629,nan,0.05493328727797263,0.10141338407993317,0.10777460038661957,0.008232762105762959,0.16068211197853088,1.0901366816854093e-08,9.045282926989683e-09,1.719609524402306e-09
LIIF,urban100,img_001.png,x4,27.718715630693072,nan,0.041121052168438005,0.07309677451848984,0.07575330883264542,0.005693108309060335,0.14723049104213715,1.3732686865840616e-09,4.9135452565537305e-09,1.5868676499085845e-09
LTE,urban100,img_001.png,x4,27.826440053918596,nan,0.04061420880788737,0.07204876840114594,0.074552021920681,0.0056603578850626945,0.14626209437847137,1.3711010034341556e-09,4.74188588061733e-09,1.5705609703134086e-09
LTE-NoCell,urban100,img_001.png,x4,27.633565972351995,nan,0.041526153155815156,0.0739736407995224,0.07675942778587341,0.0056726993061602116,0.14849694073200226,1.3650129812276746e-09,5.0350116525322005e-09,1.6100129901094838e-09
LTE-FeaturePhase,urban100,img_001.png,x4,27.587868851073157,nan,0.04174520109192611,0.07456356287002563,0.07728608697652817,0.005669113248586655,0.14881300926208496,1.4816997669920336e-09,5.088882382979831e-09,1.614981154407006e-09
SC-INR-Fixed,urban100,img_001.png,x4,27.74745376526529,nan,0.0409852238793327,0.07262640446424484,0.07535383850336075,0.00570203922688961,0.14734134078025818,1.4248485183862464e-09,4.8353800233521395e-09,1.5928012933563096e-09
SC-INR-Adaptive,urban100,img_001.png,x4,27.78843492659456,nan,0.04079230570653834,0.07225339114665985,0.07492252439260483,0.005668305791914463,0.14637956023216248,1.3554682467185258e-09,4.817615832011785e-09,1.570157283486175e-09
Bicubic,urban100,img_001.png,x8,22.91424283451324,nan,0.07149700642076018,0.12403065711259842,0.13920219242572784,0.014809097163379192,0.16237539052963257,5.6751785005294954e-08,9.600282148869088e-09,1.7889314399884922e-09
LIIF,urban100,img_001.png,x8,24.5919057237965,nan,0.05893926474436234,0.10661020874977112,0.11325527727603912,0.008663901127874851,0.1604306548833847,2.452966192215432e-08,8.561560910225651e-09,1.7876698783548269e-09
LTE,urban100,img_001.png,x8,24.621613317772663,nan,0.05873802423481194,0.10661976784467697,0.11313888430595398,0.008513190783560276,0.16041766107082367,2.40820137525543e-08,8.540159816287825e-09,1.7888195392727402e-09
LTE-NoCell,urban100,img_001.png,x8,24.548030375779394,nan,0.05923773999569042,0.10721660405397415,0.11411508172750473,0.00893167033791542,0.1608607918024063,2.462763419691728e-08,8.713684118295283e-09,1.789886402426697e-09
LTE-FeaturePhase,urban100,img_001.png,x8,24.558418418451037,nan,0.05916693592548946,0.10716532170772552,0.11390705406665802,0.008687556721270084,0.16085681319236755,2.4399031417725004e-08,8.724298181052387e-09,1.7890604778346164e-09
SC-INR-Fixed,urban100,img_001.png,x8,24.537151144979006,nan,0.059311982801019424,0.10732042044401169,0.11410493403673172,0.008831513114273548,0.1606462597846985,2.5136171486792464e-08,8.646763805644256e-09,1.7883920002661796e-09
SC-INR-Adaptive,urban100,img_001.png,x8,24.65445041277253,nan,0.058516383751863486,0.10599469393491745,0.11270283907651901,0.00859692320227623,0.1600514054298401,2.4058766289306223e-08,8.420120077144937e-09,1.7856289264899463e-09
Bicubic,urban100,img_001.png,x16,20.77867493416428,nan,0.09142527035947562,0.1420048624277115,0.16459831595420837,0.03779271990060806,0.16349270939826965,1.346054391311603e-07,1.0106735571466594e-08,1.89323676205798e-09
LIIF,urban100,img_001.png,x16,21.967850923100567,nan,0.07972737289476624,0.13280022144317627,0.14952848851680756,0.02293838933110237,0.1632573902606964,8.807318026749715e-08,1.0019981080570864e-08,1.8904370341011194e-09
LTE,urban100,img_001.png,x16,21.842568487933157,nan,0.0808856678337763,0.13411939144134521,0.1513846516609192,0.0232401043176651,0.16342699527740479,9.203642383977646e-08,1.0110227104361224e-08,1.890166958946294e-09
LTE-NoCell,urban100,img_001.png,x16,21.868957051336494,nan,0.08064030234995369,0.13376770913600922,0.1511688232421875,0.02324199303984642,0.1633702516555786,9.119696519174283e-08,1.008985237762661e-08,1.8902513394341542e-09
LTE-FeaturePhase,urban100,img_001.png,x16,21.885637101627687,nan,0.08048559239428997,0.13341601192951202,0.15091758966445923,0.023738496005535126,0.16334792971611023,9.064004784302562e-08,1.0084164686131836e-08,1.8899904722358235e-09
SC-INR-Fixed,urban100,img_001.png,x16,21.950616000205947,nan,0.07988572849836748,0.1327173262834549,0.14950747787952423,0.02305457554757595,0.16326221823692322,8.875183156197768e-08,9.999579667296561e-09,1.8909648993702845e-09
SC-INR-Adaptive,urban100,img_001.png,x16,22.019106723649205,nan,0.07925828372839679,0.13226890563964844,0.14885860681533813,0.02282986231148243,0.1632683277130127,8.633299850994854e-08,1.0018774173424854e-08,1.8900871042833736e-09
Bicubic,urban100,img_001.png,x30,18.93519074948031,nan,0.11304216394184413,0.15494702756404877,0.18196499347686768,0.08394496142864227,0.16485196352005005,2.6183578296549577e-07,1.123829713745233e-08,2.131883608088207e-09
LIIF,urban100,img_001.png,x30,19.59760478245009,nan,0.10474173436294817,0.15436969697475433,0.17735359072685242,0.046344466507434845,0.16483132541179657,2.151847672865339e-07,1.1224968536273307e-08,2.129758682901346e-09
LTE,urban100,img_001.png,x30,19.594734113696724,nan,0.1047763570128876,0.15222400426864624,0.17565321922302246,0.04968362674117088,0.16481468081474304,2.1539997483864467e-07,1.1220559776085678e-08,2.1288285703373722e-09
LTE-NoCell,urban100,img_001.png,x30,19.692879149119065,nan,0.10359911430791052,0.15275536477565765,0.17608642578125,0.04856600612401962,0.16482390463352203,2.0901519759452305e-07,1.1228924604307796e-08,2.1295689880229146e-09
LTE-FeaturePhase,urban100,img_001.png,x30,19.725277559905397,nan,0.1032134088941215,0.1521589607000351,0.1754939705133438,0.049079641699790955,0.16482748091220856,2.0696857027282336e-07,1.122484765408343e-08,2.1298822384589436e-09
SC-INR-Fixed,urban100,img_001.png,x30,19.622307996848072,nan,0.10444426551771746,0.15376827120780945,0.17654719948768616,0.046874407678842545,0.16482806205749512,2.1357611192933634e-07,1.122444260625386e-08,2.130039547413005e-09
SC-INR-Adaptive,urban100,img_001.png,x30,19.671714714491298,nan,0.10385185642870913,0.15366986393928528,0.17666910588741302,0.0479498989880085,0.1648360937833786,2.1038911614166813e-07,1.1224428555993614e-08,2.1297274146720324e-09
Bicubic,urban100,img_002.png,x4,24.276957182330776,nan,0.061115608597716316,0.09862088412046432,0.10912209004163742,0.008791569620370865,0.15797059237957,1.1745954968106277e-08,9.990744417285138e-09,1.4120328176376074e-09
LIIF,urban100,img_002.png,x4,26.851604272421923,nan,0.04543806059568913,0.07252880930900574,0.07627853751182556,0.00575456116348505,0.14151133596897125,1.5889663222208934e-09,5.74996405741463e-09,1.2278974350284005e-09
LTE,urban100,img_002.png,x4,26.968051129713587,nan,0.04483296313210168,0.07142361253499985,0.07481715083122253,0.005757092498242855,0.14058370888233185,1.511885744091782e-09,5.5530489681670485e-09,1.2223071522424651e-09
LTE-NoCell,urban100,img_002.png,x4,26.786556381216972,nan,0.045779619737150064,0.07335618883371353,0.07738208770751953,0.005757747683674097,0.14302781224250793,1.612929986990741e-09,5.796868269452244e-09,1.2667830746413541e-09
LTE-FeaturePhase,urban100,img_002.png,x4,26.78712671103881,nan,0.045776613870591835,0.07341296970844269,0.07745061814785004,0.0057703773491084576,0.14330407977104187,1.5611697880286307e-09,5.785237325343108e-09,1.2780906001454608e-09
SC-INR-Fixed,urban100,img_002.png,x4,26.846526942740233,nan,0.045464629141390114,0.07244253158569336,0.07583363354206085,0.005741560366004705,0.1415889412164688,1.628122281242265e-09,5.735373799852815e-09,1.2359310960484792e-09
SC-INR-Adaptive,urban100,img_002.png,x4,26.92084683685268,nan,0.04507727539957655,0.07183735817670822,0.07532544434070587,0.005735527258366346,0.14119823276996613,1.5435980015147696e-09,5.622166174978784e-09,1.2296150410063427e-09
Bicubic,urban100,img_002.png,x8,21.881659445422372,nan,0.08052245877697166,0.11756637692451477,0.13663804531097412,0.017403772100806236,0.15944436192512512,6.208085555424471e-08,1.042492091096897e-08,1.4485595603060948e-09
LIIF,urban100,img_002.png,x8,23.147805767858358,nan,0.06960007564216682,0.10826043039560318,0.11837766319513321,0.008981319144368172,0.15888316929340363,3.20293789315075e-08,1.030184708351915e-08,1.4474898764019527e-09
LTE,urban100,img_002.png,x8,23.10296324418556,nan,0.06996032813619923,0.10797956585884094,0.11763256788253784,0.009259461425244808,0.15871617197990417,3.309682636356604e-08,1.0278013320947314e-08,1.4448495223261344e-09
LTE-NoCell,urban100,img_002.png,x8,23.218057829214697,nan,0.06903941591825696,0.10728014260530472,0.1180298775434494,0.009134388528764248,0.15873457491397858,3.115320604361719e-08,1.0171889492253021e-08,1.4478268655876938e-09
LTE-FeaturePhase,urban100,img_002.png,x8,23.22458360408403,nan,0.06898756556082726,0.10712822526693344,0.11792212724685669,0.008971747942268848,0.15874315798282623,3.085742814378154e-08,1.0210136296925271e-08,1.4469267021432635e-09
SC-INR-Fixed,urban100,img_002.png,x8,23.080971975464678,nan,0.0701376807992169,0.10865573585033417,0.11846920102834702,0.009210393764078617,0.15887300670146942,3.3295119087363934e-08,1.033528329588739e-08,1.4461052395965625e-09
SC-INR-Adaptive,urban100,img_002.png,x8,23.198426780579304,nan,0.0691956289169366,0.10744371265172958,0.11751890182495117,0.008993598632514477,0.15862804651260376,3.146233864934984e-08,1.0193216355727591e-08,1.4477299100374406e-09
Bicubic,urban100,img_002.png,x16,19.49601071844908,nan,0.10597403341552432,0.13429971039295197,0.16048647463321686,0.042244646698236465,0.16022875905036926,1.5589550760707078e-07,1.09082512353353e-08,1.517268219245901e-09
LIIF,urban100,img_002.png,x16,20.549806843253062,nan,0.09386629104186187,0.1306515485048294,0.14875486493110657,0.027715187519788742,0.1604284942150116,1.0862701849770378e-07,1.0998331734118651e-08,1.5163290808306923e-09
LTE,urban100,img_002.png,x16,20.487851468083136,nan,0.0945382212204302,0.13144980370998383,0.15031100809574127,0.026604151353240013,0.16027389466762543,1.1136203071606837e-07,1.0935705198519236e-08,1.515856380394892e-09
LTE-NoCell,urban100,img_002.png,x16,20.761778264280277,nan,0.09160329312802411,0.12759295105934143,0.1468040645122528,0.02687428705394268,0.1601274311542511,1.009383709557783e-07,1.0900142734629783e-08,1.5155971423114393e-09
LTE-FeaturePhase,urban100,img_002.png,x16,20.822171678045738,nan,0.09096858012099344,0.12672019004821777,0.14611318707466125,0.025539038702845573,0.16011445224285126,9.87004548897328e-08,1.0898599670274062e-08,1.5155700679316176e-09
SC-INR-Fixed,urban100,img_002.png,x16,20.56948377537545,nan,0.09365388791399393,0.1310281753540039,0.1493842899799347,0.027640195563435555,0.16037781536579132,1.0794519477975162e-07,1.0975854996089956e-08,1.5174866602526963e-09
SC-INR-Adaptive,urban100,img_002.png,x16,20.644181590196823,nan,0.0928519268293539,0.1297566443681717,0.14813779294490814,0.026422005146741867,0.16036328673362732,1.0505224912766423e-07,1.0975555534800571e-08,1.517094550119693e-09
Bicubic,urban100,img_002.png,x30,17.40668155867518,nan,0.1347925601523776,0.14756852388381958,0.1760741025209427,0.09830047190189362,0.16318227350711823,3.175346006627368e-07,1.2420443300173144e-08,1.7449633687646794e-09
LIIF,urban100,img_002.png,x30,18.287910315113272,nan,0.12178799598682512,0.1458837389945984,0.17383484542369843,0.06851641088724136,0.1631578654050827,2.463840471974628e-07,1.2407940698512607e-08,1.7416390406385945e-09
LTE,urban100,img_002.png,x30,18.272650751176784,nan,0.12200214389940921,0.14574557542800903,0.1738865077495575,0.06935299187898636,0.16315105557441711,2.4750772593057885e-07,1.2404982707967282e-08,1.7421040176309125e-09
LTE-NoCell,urban100,img_002.png,x30,18.33175951173753,nan,0.12117471987362556,0.145271897315979,0.17304463684558868,0.06592600047588348,0.1631278097629547,2.432311913543107e-07,1.2401178152048252e-08,1.7418555134504883e-09
LTE-FeaturePhase,urban100,img_002.png,x30,18.4739127262856,nan,0.11920771507749309,0.1429344266653061,0.17041292786598206,0.06400541961193085,0.16312213242053986,2.3314325201841958e-07,1.2400583749666084e-08,1.741407993044693e-09
SC-INR-Fixed,urban100,img_002.png,x30,18.231710880730482,nan,0.12257854329700955,0.14709804952144623,0.17553962767124176,0.06813009828329086,0.16318276524543762,2.5048943141801813e-07,1.2410878557139367e-08,1.7423029757646894e-09
SC-INR-Adaptive,urban100,img_002.png,x30,18.274615313834822,nan,0.12197455274147485,0.14671145379543304,0.1748857945203781,0.06886786967515945,0.1631988137960434,2.4732667537542987e-07,1.241361463320305e-08,1.7419876708805895e-09
Bicubic,urban100,img_003.png,x4,22.0775393101109,nan,0.07872687893014897,0.13259723782539368,0.14301466941833496,0.01539176981896162,0.22009985148906708,1.9370433345636032e-08,1.7499733077884033e-08,3.5933550276153265e-09
LIIF,urban100,img_003.png,x4,23.90649853303954,nan,0.06377861343833006,0.10631661862134933,0.10921233147382736,0.012737820856273174,0.20560358464717865,3.5715093624065706e-09,1.1627310013805034e-08,3.3360823623545507e-09
LTE,urban100,img_003.png,x4,23.96166985380769,nan,0.06337478621364966,0.10564757883548737,0.10825370997190475,0.012704587541520596,0.20414747297763824,3.679224135776816e-09,1.146055106312763e-08,3.2866195002962707e-09
LTE-NoCell,urban100,img_003.png,x4,23.843656788802434,nan,0.06424172005708893,0.10710383206605911,0.11024998128414154,0.012697854079306126,0.20687447488307953,3.6812504171599023e-09,1.1788579976142654e-08,3.382264705719352e-09
LTE-FeaturePhase,urban100,img_003.png,x4,23.841380719289504,nan,0.06425855630368779,0.1072775200009346,0.11056598275899887,0.01270373910665512,0.2071581333875656,3.5542908645132664e-09,1.180494108468384e-08,3.3936473623906367e-09
SC-INR-Fixed,urban100,img_003.png,x4,23.947442908204863,nan,0.06347867522024932,0.10555361211299896,0.1079573780298233,0.012746927328407764,0.20453423261642456,3.828080703718425e-09,1.1456568207408909e-08,3.3029292253842325e-09
SC-INR-Adaptive,urban100,img_003.png,x4,23.966171689743128,nan,0.06334194801521671,0.10554616898298264,0.10829059779644012,0.01265741977840662,0.2047591656446457,3.5350174269378373e-09,1.1425708403047986e-08,3.3110788035774107e-09
Bicubic,urban100,img_003.png,x8,20.226110541187662,nan,0.0974303971718141,0.15423941612243652,0.17552335560321808,0.023552488535642624,0.22200320661067963,8.720926849849083e-08,1.8278029236895527e-08,3.6990939111773544e-09
LIIF,urban100,img_003.png,x8,21.32148614993166,nan,0.08588665574371154,0.14118720591068268,0.15179134905338287,0.01847287267446518,0.2205977439880371,4.654276229304857e-08,1.7368925869832362e-08,3.696812911767768e-09
LTE,urban100,img_003.png,x8,21.346632326787184,nan,0.08563836824780587,0.1410781741142273,0.15140865743160248,0.018272140994668007,0.2201613485813141,4.620314838514927e-08,1.7260571844902107e-08,3.68774321985549e-09
LTE-NoCell,urban100,img_003.png,x8,21.28916516817597,nan,0.08620684311948346,0.14160864055156708,0.15274678170681,0.018578223884105682,0.22102148830890656,4.662259231007542e-08,1.7609961130728856e-08,3.6983638021706547e-09
LTE-FeaturePhase,urban100,img_003.png,x8,21.28431368504784,nan,0.08625500719767072,0.1417393833398819,0.15327486395835876,0.018428221344947815,0.22112008929252625,4.6513440672876484e-08,1.7672609753903862e-08,3.699084626164034e-09
SC-INR-Fixed,urban100,img_003.png,x8,21.325679247463928,nan,0.08584520412195282,0.14128221571445465,0.15163224935531616,0.018476976081728935,0.22062332928180695,4.643499008246429e-08,1.7354092204149675e-08,3.69948229372507e-09
SC-INR-Adaptive,urban100,img_003.png,x8,21.34333917404856,nan,0.08567084318218345,0.1410667896270752,0.15198634564876556,0.017933059483766556,0.22057995200157166,4.580575134348749e-08,1.736167515715752e-08,3.6952828227001717e-09
Bicubic,urban100,img_003.png,x16,18.64140947655993,nan,0.11693096294282204,0.17084458470344543,0.1993214339017868,0.049635112285614014,0.22452199459075928,1.825633789109868e-07,1.9674884316452454e-08,3.996653600339099e-09
LIIF,urban100,img_003.png,x16,19.223279800586482,nan,0.10935433652373093,0.16861355304718018,0.19191448390483856,0.03899896517395973,0.22448000311851501,1.4439272265199793e-07,1.966248052294363e-08,3.99622978567027e-09
LTE,urban100,img_003.png,x16,19.175761966177813,nan,0.1099542199042772,0.1688268780708313,0.19276635348796844,0.039335981011390686,0.22447359561920166,1.4735699155487853e-07,1.9657452455278393e-08,3.995266380527404e-09
LTE-NoCell,urban100,img_003.png,x16,19.168006004777755,nan,0.11005244605995601,0.16845597326755524,0.19242767989635468,0.04109830781817436,0.2244812697172165,1.4777451667395122e-07,1.9669342487808447e-08,3.996580256990838e-09
LTE-FeaturePhase,urban100,img_003.png,x16,19.235928734375804,nan,0.10919520382160347,0.1673041433095932,0.19071480631828308,0.03997617959976196,0.22447355091571808,1.435640754323522e-07,1.9674624781096007e-08,3.996129197581116e-09
SC-INR-Fixed,urban100,img_003.png,x16,19.192152336190567,nan,0.10974693071270582,0.16886992752552032,0.19232605397701263,0.039499431848526,0.22448398172855377,1.4633424526621304e-07,1.9655660178489855e-08,3.997013185050979e-09
SC-INR-Adaptive,urban100,img_003.png,x16,19.212547835347024,nan,0.1094895342186565,0.16798202693462372,0.19178690016269684,0.039662547409534454,0.22446152567863464,1.4511111573980628e-07,1.964990726455757e-08,3.9959120859085704e-09
Bicubic,urban100,img_003.png,x30,17.46136131708021,nan,0.13394667398067311,0.17887715995311737,0.20840421319007874,0.08115192502737045,0.22907662391662598,3.009172342862047e-07,2.2525929090044095e-08,4.59281357766401e-09
LIIF,urban100,img_003.png,x30,17.84823725254117,nan,0.12811150625163373,0.1820213943719864,0.21073949337005615,0.062428273260593414,0.2290654331445694,2.63346173801777e-07,2.2521364227959678e-08,4.591820323311062e-09
LTE,urban100,img_003.png,x30,17.826829762664286,nan,0.1284276429220168,0.18135197460651398,0.2104039490222931,0.0642349049448967,0.2290608286857605,2.653371364653391e-07,2.2522806899849885e-08,4.591455122405353e-09
LTE-NoCell,urban100,img_003.png,x30,17.83247265587783,nan,0.12834423544740603,0.1808711439371109,0.20977641642093658,0.06483856588602066,0.22906754910945892,2.6480370718962605e-07,2.2523498101638953e-08,4.591888299098765e-09
LTE-FeaturePhase,urban100,img_003.png,x30,17.854510184715807,nan,0.1280190177788225,0.1801770180463791,0.20939375460147858,0.06455212831497192,0.22906151413917542,2.627631259917826e-07,2.252281097995904e-08,4.591150043323366e-09
SC-INR-Fixed,urban100,img_003.png,x30,17.851214261303497,nan,0.1280676047353558,0.18223527073860168,0.21115398406982422,0.06206963211297989,0.22906415164470673,2.630770129292532e-07,2.2520196241514424e-08,4.591575693520004e-09
SC-INR-Adaptive,urban100,img_003.png,x30,17.83789178361696,nan,0.12826418643515997,0.18150068819522858,0.21054378151893616,0.06405244022607803,0.22906562685966492,2.6430053040440907e-07,2.2523486968322787e-08,4.5916712772745255e-09
Bicubic,urban100,img_004.png,x4,21.204855137390737,nan,0.08704768849151773,0.1465049535036087,0.15909221768379211,0.01253355760127306,0.16585023701190948,4.7354823330363876e-08,2.1992585331671355e-08,1.3673398157419778e-09
LIIF,urban100,img_004.png,x4,23.264777464903197,nan,0.06866906384365719,0.12113998085260391,0.12498445063829422,0.006950384005904198,0.15104983747005463,1.3277638528603133e-08,1.6593761830522385e-08,1.226281685134054e-09
LTE,urban100,img_004.png,x4,23.718587943117065,nan,0.06517343372853361,0.11462515592575073,0.11707890778779984,0.006768666207790375,0.1424335092306137,1.188186348176145e-08,1.505402923082736e-08,1.059119014296137e-09
LTE-NoCell,urban100,img_004.png,x4,23.150025655453934,nan,0.06958228994501413,0.12194208055734634,0.1267240345478058,0.007029825355857611,0.14986546337604523,1.616046370043777e-08,1.6595544479721595e-08,1.1947470017121552e-09
LTE-FeaturePhase,urban100,img_004.png,x4,23.319293444303515,nan,0.06823942013977581,0.11949670314788818,0.12410636991262436,0.006744625046849251,0.14748036861419678,1.5479653058646975e-08,1.5948381006253857e-08,1.1628555436375088e-09
SC-INR-Fixed,urban100,img_004.png,x4,23.456249128500446,nan,0.06717188620450765,0.11809559911489487,0.12165670841932297,0.006777610629796982,0.14623436331748962,1.3215722383265617e-08,1.5885574260931402e-08,1.1108714975639483e-09
SC-INR-Adaptive,urban100,img_004.png,x4,23.46689859280762,nan,0.06708957958030609,0.11831746250391006,0.12167306989431381,0.006931815762072802,0.1461249142885208,1.2807398317485877e-08,1.590635780082391e-08,1.1208604630815964e-09
Bicubic,urban100,img_004.png,x8,17.951323743518838,nan,0.12660003123288652,0.18071140348911285,0.21215353906154633,0.03340884670615196,0.1687348634004593,2.2382799774860782e-07,2.3087214369454188e-08,1.415351316213549e-09
LIIF,urban100,img_004.png,x8,19.06371616092769,nan,0.11138178970826275,0.17611823976039886,0.19574183225631714,0.02257789671421051,0.16870129108428955,1.4550079126255338e-07,2.347921133555649e-08,1.419722670231091e-09
LTE,urban100,img_004.png,x8,19.133041349472506,nan,0.11049635005495997,0.17309021949768066,0.19577020406723022,0.02437073364853859,0.16708891093730927,1.462312935224247e-07,2.240065468844292e-08,1.4094753696975356e-09
LTE-NoCell,urban100,img_004.png,x8,18.87955312323628,nan,0.11376858166474352,0.17476941645145416,0.1985439956188202,0.029850438237190247,0.16780461370944977,1.6010037950418952e-07,2.2762333147838665e-08,1.413372960122904e-09
LTE-FeaturePhase,urban100,img_004.png,x8,19.00966415846931,nan,0.11207707601077882,0.17338927090168,0.1963808536529541,0.025428062304854393,0.1674482226371765,1.5296758245056892e-07,2.2548530097729313e-08,1.4143752777193068e-09
SC-INR-Fixed,urban100,img_004.png,x8,19.100309489805184,nan,0.11091352945919647,0.17593134939670563,0.19411347806453705,0.02466229535639286,0.16850419342517853,1.448861590658291e-07,2.311907335121684e-08,1.4214697273104693e-09
SC-INR-Adaptive,urban100,img_004.png,x8,18.925502073184518,nan,0.11316832718402832,0.17676971852779388,0.1983526200056076,0.02610228769481182,0.16798485815525055,1.5721981052433438e-07,2.274980775357804e-08,1.419938849045315e-09
Bicubic,urban100,img_004.png,x16,16.040496658421496,nan,0.1577521064601792,0.1954038143157959,0.23188087344169617,0.09086184203624725,0.16838355362415314,4.324726756539675e-07,2.4519990834331348e-08,1.5355170509931105e-09
LIIF,urban100,img_004.png,x16,16.290114011868624,nan,0.15328310861345346,0.19675308465957642,0.23305124044418335,0.07655929774045944,0.16845092177391052,4.013008240384488e-07,2.455630977030395e-08,1.537313880139133e-09
LTE,urban100,img_004.png,x16,16.479028248061102,nan,0.14998526252430736,0.19614438712596893,0.23164896667003632,0.06416204571723938,0.1683649867773056,3.7921156466439753e-07,2.4510119969764058e-08,1.5365921347117218e-09
LTE-NoCell,urban100,img_004.png,x16,16.44320545030325,nan,0.1506051168832192,0.19430290162563324,0.23073412477970123,0.07195065915584564,0.16835904121398926,3.8328674345141295e-07,2.452926556318825e-08,1.5359346172788481e-09
LTE-FeaturePhase,urban100,img_004.png,x16,16.271100898947076,nan,0.1536190075543647,0.19540414214134216,0.23229926824569702,0.08276774734258652,0.16835038363933563,4.0372044808505333e-07,2.452883335255986e-08,1.5374625978583413e-09
SC-INR-Fixed,urban100,img_004.png,x16,16.64645021859919,nan,0.1471219555990318,0.1954321563243866,0.2310623824596405,0.05640621483325958,0.16838298738002777,3.601606645715096e-07,2.4530843514291866e-08,1.5353978150378919e-09
SC-INR-Adaptive,urban100,img_004.png,x16,16.375352496229077,nan,0.15178623031580585,0.19577054679393768,0.23150984942913055,0.07499067485332489,0.16839011013507843,3.9131021018358105e-07,2.451141721287735e-08,1.538214782353566e-09
Bicubic,urban100,img_004.png,x30,15.326133339681594,nan,0.17127474634768136,0.20146353542804718,0.2367658168077469,0.12083914130926132,0.16842757165431976,5.843385347241865e-07,2.7323460205408283e-08,1.7674304545008255e-09
LIIF,urban100,img_004.png,x30,15.610645750384279,nan,0.16575541018053958,0.2020064741373062,0.23825980722904205,0.1048128753900528,0.16841910779476166,5.385665545384853e-07,2.7329379852390935e-08,1.7681235371191824e-09
LTE,urban100,img_004.png,x30,15.629680951355247,nan,0.16539255353715906,0.2018570899963379,0.23724696040153503,0.10507602989673615,0.16840586066246033,5.356374807483014e-07,2.7326267910816667e-08,1.7667843909710452e-09
LTE-NoCell,urban100,img_004.png,x30,15.679703514017254,nan,0.16444278535029674,0.20067204535007477,0.23698113858699799,0.10363470017910004,0.16839997470378876,5.279396135327421e-07,2.7324405006713517e-08,1.7671682964374126e-09
LTE-FeaturePhase,urban100,img_004.png,x30,15.637782986118378,nan,0.16523835039880203,0.2013128250837326,0.2373812049627304,0.1050407737493515,0.1684095561504364,5.343629049926741e-07,2.732871144551432e-08,1.7679429016540433e-09
SC-INR-Fixed,urban100,img_004.png,x30,15.57460141985375,nan,0.16644468400930992,0.20248645544052124,0.23867009580135345,0.10610433667898178,0.16841761767864227,5.441863615791157e-07,2.733141722989926e-08,1.7682809174429117e-09
SC-INR-Adaptive,urban100,img_004.png,x30,15.598695771624104,nan,0.1659836121155312,0.2019726037979126,0.2379075586795807,0.10618019849061966,0.16841910779476166,5.404105701469591e-07,2.733327029292138e-08,1.7681394616942976e-09
Bicubic,urban100,img_005.png,x4,23.493829882802896,nan,0.06688188516855993,0.13895779848098755,0.14246222376823425,0.002841568784788251,0.1450856477022171,2.346486685145531e-08,1.1127936043274624e-08,1.0383919595615554e-09
LIIF,urban100,img_005.png,x4,27.747817065154887,nan,0.04098350964895,0.08661095798015594,0.08822235465049744,0.0024900012649595737,0.125455841422081,1.2426199088690106e-09,4.825271289559014e-09,9.294139383920555e-10
LTE,urban100,img_005.png,x4,27.79835095888373,nan,0.04074576274632056,0.08617041260004044,0.08736687153577805,0.002481627045199275,0.12723900377750397,1.3550293328063516e-09,4.630003710172659e-09,9.752897123603903e-10
LTE-NoCell,urban100,img_005.png,x4,27.78088299057923,nan,0.04082778794910115,0.08598660677671432,0.08768320083618164,0.002610265975818038,0.12436908483505249,1.3529456825611242e-09,4.77517186143146e-09,9.154960161014163e-10
LTE-FeaturePhase,urban100,img_005.png,x4,28.02810745169525,nan,0.039682098191421704,0.08378150314092636,0.0851752758026123,0.0025246604345738888,0.1227893978357315,1.3482996633728074e-09,4.409499736697515e-09,9.085567864509173e-10
SC-INR-Fixed,urban100,img_005.png,x4,27.659809494937456,nan,0.04140087550524,0.08715494722127914,0.08879213035106659,0.002456741640344262,0.1253211945295334,1.392843908568293e-09,4.9532849752191326e-09,9.191734955737108e-10
SC-INR-Adaptive,urban100,img_005.png,x4,28.11775846928267,nan,0.03927462766893586,0.08296564221382141,0.08433540910482407,0.0024897330440580845,0.12109649181365967,1.13183384970437e-09,4.396181829177247e-09,8.725057293719803e-10
Bicubic,urban100,img_005.png,x8,19.934382314066788,nan,0.10075831226166666,0.19063088297843933,0.20461054146289825,0.011717399582266808,0.14811770617961884,1.2806667062846186e-07,1.1723316189139559e-08,1.0716221780731078e-09
LIIF,urban100,img_005.png,x8,22.59822414912493,nan,0.07414618194444443,0.15010252594947815,0.15634186565876007,0.00431355694308877,0.14422380924224854,4.6462804169281865e-08,1.0544036583789752e-08,1.0670372576304546e-09
LTE,urban100,img_005.png,x8,22.57855979123938,nan,0.07431423482341745,0.15099979937076569,0.1560998558998108,0.003888071049004793,0.1452922821044922,4.6038959054024644e-08,1.0741641200398386e-08,1.068315948306361e-09
LTE-NoCell,urban100,img_005.png,x8,22.695554522715476,nan,0.07331996920184662,0.14774887263774872,0.1534181386232376,0.004959892947226763,0.1443105936050415,4.4795800010896194e-08,1.0397087350091444e-08,1.072312850714826e-09
LTE-FeaturePhase,urban100,img_005.png,x8,22.767210797752956,nan,0.07271758715515797,0.14787067472934723,0.15327513217926025,0.004531132988631725,0.14398005604743958,4.34599796915089e-08,1.0332151792100165e-08,1.070287685807504e-09
SC-INR-Fixed,urban100,img_005.png,x8,22.590573618514107,nan,0.07421151866317827,0.149814635515213,0.1552988886833191,0.003601474454626441,0.14447686076164246,4.5807247111764995e-08,1.0738040219238161e-08,1.0640571547018866e-09
SC-INR-Adaptive,urban100,img_005.png,x8,22.758305771430965,nan,0.07279217756704744,0.1475541591644287,0.1527894139289856,0.0040080007165670395,0.1434466540813446,4.356441559550852e-08,1.0371531209979303e-08,1.061453492874103e-09
Bicubic,urban100,img_005.png,x16,17.734974597603475,nan,0.1297929998227818,0.22151857614517212,0.23928093910217285,0.03776034712791443,0.14951647818088531,2.6171325184445163e-07,1.2334100356334282e-08,1.1313037660579013e-09
LIIF,urban100,img_005.png,x16,19.23516115466044,nan,0.10920485392430082,0.20469418168067932,0.21687187254428864,0.013421823270618916,0.14909939467906952,1.6651462209837534e-07,1.230788062908486e-08,1.1298726010940458e-09
LTE,urban100,img_005.png,x16,19.17852354808731,nan,0.10991926674096958,0.20711597800254822,0.21845068037509918,0.011694293469190598,0.14912152290344238,1.695200737790408e-07,1.2314863790974374e-08,1.1294530184815612e-09
LTE-NoCell,urban100,img_005.png,x16,19.363758465227562,nan,0.10759995178831804,0.20049692690372467,0.21314316987991333,0.011321663856506348,0.14909708499908447,1.597589029541653e-07,1.2312317628876031e-08,1.1292999111647328e-09
LTE-FeaturePhase,urban100,img_005.png,x16,19.287943074360577,nan,0.10854325629984336,0.2031325101852417,0.21586956083774567,0.012333476915955544,0.14905805885791779,1.6381204407876333e-07,1.229062524459045e-08,1.1285300659917867e-09
SC-INR-Fixed,urban100,img_005.png,x16,19.256681997773853,nan,0.10893461431346073,0.20445773005485535,0.21614018082618713,0.01306489109992981,0.1491696834564209,1.6531495006626302e-07,1.2319449298599446e-08,1.130586177202438e-09
SC-INR-Adaptive,urban100,img_005.png,x16,19.379235999571737,nan,0.10740838833157304,0.2015329748392105,0.21287143230438232,0.013292839750647545,0.1490749716758728,1.5905798767469663e-07,1.2287641705117446e-08,1.1307499774125019e-09
Bicubic,urban100,img_005.png,x30,16.049455456055853,nan,0.15758948171237536,0.23350311815738678,0.2554018497467041,0.08587533235549927,0.15241733193397522,4.560511431839684e-07,1.412848791250287e-08,1.3075566654365242e-09
LIIF,urban100,img_005.png,x30,16.548847203136987,nan,0.14878448286993043,0.24565298855304718,0.26502978801727295,0.052708275616168976,0.15241558849811554,3.9843869910281826e-07,1.413208238632139e-08,1.308178655868555e-09
LTE,urban100,img_005.png,x30,16.65881663767864,nan,0.1469126417237897,0.2465544492006302,0.26537373661994934,0.04610107094049454,0.1524028480052948,3.8664933105303527e-07,1.4128200786586754e-08,1.3070358907198493e-09
LTE-NoCell,urban100,img_005.png,x30,16.681424667351166,nan,0.1465307480206945,0.24241551756858826,0.26187074184417725,0.05176158621907234,0.1524258702993393,3.841925445519944e-07,1.4138822348898735e-08,1.3090111925348757e-09
LTE-FeaturePhase,urban100,img_005.png,x30,16.764957115967146,nan,0.1451283120759814,0.24165402352809906,0.26068466901779175,0.05037524551153183,0.1524105668067932,3.754959057257243e-07,1.4132757524693954e-08,1.307996487980464e-09
SC-INR-Fixed,urban100,img_005.png,x30,16.680190222702162,nan,0.14655157455195866,0.24383759498596191,0.26269644498825073,0.05066678673028946,0.1524444818496704,3.843107275843285e-07,1.4141853666393892e-08,1.3088599012671358e-09
SC-INR-Adaptive,urban100,img_005.png,x30,16.69865456829449,nan,0.14624036811223864,0.24257442355155945,0.26121842861175537,0.0507621206343174,0.15244005620479584,3.823417763734749e-07,1.4146983512972165e-08,1.3089570193000265e-09
Bicubic,urban100,img_006.png,x4,20.59030056561997,nan,0.09342970373806021,0.15141181647777557,0.1764725148677826,0.022154441103339195,0.2642495930194855,1.3167262459132628e-08,1.8230211855198957e-08,2.92361044872944e-09
LIIF,urban100,img_006.png,x4,22.64903892675165,nan,0.07371367332706208,0.1166616678237915,0.13151679933071136,0.020462464541196823,0.24825863540172577,1.4006377629228873e-09,1.0964133916574246e-08,2.7968610513630316e-09
LTE,urban100,img_006.png,x4,22.700179258994346,nan,0.07328094092956632,0.11594096571207047,0.1303713619709015,0.02041924186050892,0.2476174235343933,1.507748147610519e-09,1.0749273334826774e-08,2.7941059998318002e-09
LTE-NoCell,urban100,img_006.png,x4,22.613101017257186,nan,0.07401929582065869,0.11755897104740143,0.13265731930732727,0.020410727709531784,0.24982216954231262,1.404748059075475e-09,1.1036715485337979e-08,2.8304246698429893e-09
LTE-FeaturePhase,urban100,img_006.png,x4,22.598734026315896,nan,0.0741418295592606,0.11775030195713043,0.1326725333929062,0.020478224381804466,0.24976776540279388,1.3833459351820624e-09,1.1128156421254471e-08,2.8147780406154634e-09
SC-INR-Fixed,urban100,img_006.png,x4,22.61092229457099,nan,0.07403786475869255,0.11717971414327621,0.13193242251873016,0.02050330862402916,0.2493358850479126,1.4619199666518909e-09,1.1060103254570886e-08,2.816241664031684e-09
SC-INR-Adaptive,urban100,img_006.png,x4,22.662195460672322,nan,0.07360210360154124,0.11627186089754105,0.13129597902297974,0.020397353917360306,0.2482093870639801,1.401758412670656e-09,1.0896620507715663e-08,2.8053269759540293e-09
Bicubic,urban100,img_006.png,x8,19.11359967055521,nan,0.11074395169933463,0.1729721575975418,0.20613616704940796,0.028281470760703087,0.2660745680332184,5.864341407605832e-08,1.9398071368473204e-08,2.9783235940220377e-09
LIIF,urban100,img_006.png,x8,19.83566581198231,nan,0.10190997836730468,0.16317221522331238,0.1900903582572937,0.025347396731376648,0.2653338313102722,3.4470745471504595e-08,1.8950564939973285e-08,2.978871498576485e-09
LTE,urban100,img_006.png,x8,19.854189696842813,nan,0.10169287254997537,0.16298677027225494,0.1898769736289978,0.02529291622340679,0.26542365550994873,3.375733531116369e-08,1.897051709888418e-08,2.97993596840715e-09
LTE-NoCell,urban100,img_006.png,x8,19.80807856542248,nan,0.10223416911982917,0.1635783314704895,0.19105353951454163,0.02536015957593918,0.2653988301753998,3.5043618468335584e-08,1.9031061506734585e-08,2.9778260956668485e-09
LTE-FeaturePhase,urban100,img_006.png,x8,19.78969557036323,nan,0.10245076874022874,0.16389456391334534,0.19143711030483246,0.025551479309797287,0.2654757797718048,3.5415489447201695e-08,1.9086600343664758e-08,2.9776680426422296e-09
SC-INR-Fixed,urban100,img_006.png,x8,19.834175644870196,nan,0.10192746372944615,0.16302187740802765,0.18990468978881836,0.025424592196941376,0.26541316509246826,3.456792117977376e-08,1.8938430480313178e-08,2.979601639275872e-09
SC-INR-Adaptive,urban100,img_006.png,x8,19.861446619778228,nan,0.10160794525161276,0.16253800690174103,0.18963658809661865,0.025103021413087845,0.26531606912612915,3.357177102051999e-08,1.8960126142179033e-08,2.9789404812150242e-09
Bicubic,urban100,img_006.png,x16,17.892853120261965,nan,0.12745513695890387,0.18530654907226562,0.22272716462612152,0.06108535826206207,0.26648926734924316,1.1741606869447954e-07,2.0085844419022943e-08,3.0858818984433523e-09
LIIF,urban100,img_006.png,x16,18.225557837622517,nan,0.12266540812058059,0.1861315369606018,0.2202441394329071,0.04582146182656288,0.2664966285228729,1.0022407561970233e-07,2.0079950055647715e-08,3.085282688330647e-09
LTE,urban100,img_006.png,x16,18.218287327144406,nan,0.12276812799535326,0.185581773519516,0.21991826593875885,0.048440732061862946,0.26649221777915955,1.0054890231865535e-07,2.0088533043977516e-08,3.0852224888916697e-09
LTE-NoCell,urban100,img_006.png,x16,18.254850703475316,nan,0.12225242001092386,0.18471017479896545,0.2194049209356308,0.04717765375971794,0.26648014783859253,9.874444280666053e-08,2.008608257792655e-08,3.0850756221559133e-09
LTE-FeaturePhase,urban100,img_006.png,x16,18.270516777770894,nan,0.12203212140611076,0.18461471796035767,0.21928344666957855,0.04674715921282768,0.2664715647697449,9.797983341576582e-08,2.008431564917776e-08,3.084935356474936e-09
SC-INR-Fixed,urban100,img_006.png,x16,18.152303501416323,nan,0.12370430821085021,0.18621213734149933,0.2204139232635498,0.050942230969667435,0.2665126919746399,1.0383424632316067e-07,2.009555723164737e-08,3.0853096509980905e-09
SC-INR-Adaptive,urban100,img_006.png,x16,18.237001221108812,nan,0.12250390675455547,0.18555717170238495,0.2199617326259613,0.04651506245136261,0.2664988934993744,9.960229148769677e-08,2.009192181823628e-08,3.0852046723721095e-09
Bicubic,urban100,img_006.png,x30,16.7621439479312,nan,0.14517532354719193,0.19511404633522034,0.234324112534523,0.10359504818916321,0.2678384482860565,1.9824654419727548e-07,2.1689243852858113e-08,3.3352020261112444e-09
LIIF,urban100,img_006.png,x30,16.88164254509336,nan,0.14319170909982457,0.19999903440475464,0.23771189153194427,0.0930742621421814,0.2678432762622833,1.8946190338655955e-07,2.168909686530855e-08,3.3349999193007183e-09
LTE,urban100,img_006.png,x30,16.839128581919773,nan,0.14389429339917792,0.2003026157617569,0.23818159103393555,0.0964353010058403,0.2678344249725342,1.9258029069795627e-07,2.16855850718955e-08,3.3345092255466097e-09
LTE-NoCell,urban100,img_006.png,x30,16.916033314111722,nan,0.14262587910280097,0.19646869599819183,0.2345554381608963,0.09633918851613998,0.26783373951911926,1.870062404344314e-07,2.168363165930628e-08,3.334498614948933e-09
LTE-FeaturePhase,urban100,img_006.png,x30,17.011780280609095,nan,0.14106230821626037,0.19538317620754242,0.23367898166179657,0.09347137063741684,0.2678331732749939,1.8018571121838548e-07,2.168501672233792e-08,3.3345476994820715e-09
SC-INR-Fixed,urban100,img_006.png,x30,16.849646058712754,nan,0.14372016166869622,0.19860735535621643,0.2362058460712433,0.09752912074327469,0.26784107089042664,1.9180820576554027e-07,2.1685794457078182e-08,3.334714580916088e-09
SC-INR-Adaptive,urban100,img_006.png,x30,17.019483531920333,nan,0.14093725980497138,0.19625070691108704,0.23445264995098114,0.09195288270711899,0.2678380608558655,1.7963288005392574e-07,2.1686970571279093e-08,3.3348284309207624e-09
Bicubic,urban100,img_007.png,x4,26.358159892236547,nan,0.04809412251697528,0.08097241073846817,0.08686590194702148,0.009358293376863003,0.09420321881771088,1.6218560108112364e-08,6.143701079175535e-09,5.058370570771637e-10
LIIF,urban100,img_007.png,x4,29.64195034190823,nan,0.03295357094565162,0.052828967571258545,0.051885638386011124,0.005968359764665365,0.08131179958581924,3.1069515435463513e-09,3.507673539721349e-09,4.370249510863774e-10
LTE,urban100,img_007.png,x4,29.668733006534097,nan,0.03285211615373722,0.052585918456315994,0.05166502296924591,0.005969006102532148,0.08095119893550873,3.1029857787278265e-09,3.4857523923761028e-09,4.3278097100598166e-10
LTE-NoCell,urban100,img_007.png,x4,29.54682414025713,nan,0.03331645564523891,0.0536576472222805,0.05290933698415756,0.005972329061478376,0.08283478766679764,3.14654902168677e-09,3.57283708634432e-09,4.564516124031704e-10
LTE-FeaturePhase,urban100,img_007.png,x4,29.527679426156176,nan,0.033389969987674586,0.05373020097613335,0.05309148132801056,0.005994073115289211,0.08252820372581482,3.2284905082036572e-09,3.5878362112049794e-09,4.5105124793384226e-10
SC-INR-Fixed,urban100,img_007.png,x4,29.57031466519519,nan,0.033226474798173325,0.053149305284023285,0.05216900631785393,0.00600084662437439,0.08143030107021332,3.2625130626333594e-09,3.5573393563230106e-09,4.3678600973252656e-10
SC-INR-Adaptive,urban100,img_007.png,x4,29.67389282165807,nan,0.032832606291855214,0.05246110260486603,0.05142540857195854,0.005963710602372885,0.0808207169175148,3.1374126469476054e-09,3.4731841053828003e-09,4.321935673208503e-10
Bicubic,urban100,img_007.png,x8,22.197483400131954,nan,0.07764720546026313,0.11514753848314285,0.1374300718307495,0.018039235845208168,0.09566333144903183,9.473990675299619e-08,6.357074182921394e-09,5.097414391572069e-10
LIIF,urban100,img_007.png,x8,24.37660890950305,nan,0.060418446524207026,0.0950121358036995,0.10081244260072708,0.010839531198143959,0.09323578327894211,4.720318895742559e-08,5.7473255114301195e-09,5.064031101117815e-10
LTE,urban100,img_007.png,x8,24.413849200622447,nan,0.06015996015861163,0.09447292983531952,0.10057570785284042,0.010876988992094994,0.0928359106183052,4.680505781859021e-08,5.695632530243297e-09,5.028542446181918e-10
LTE-NoCell,urban100,img_007.png,x8,24.328825646539293,nan,0.06075173951445472,0.09525296092033386,0.10155756026506424,0.011068783700466156,0.09356803447008133,4.782736033763645e-08,5.794978196367288e-09,5.08425900720426e-10
LTE-FeaturePhase,urban100,img_007.png,x8,24.292409175062136,nan,0.061006982022686826,0.09541578590869904,0.10207203030586243,0.01100934762507677,0.09360651671886444,4.848378317761561e-08,5.793570519632531e-09,5.091949003988129e-10
SC-INR-Fixed,urban100,img_007.png,x8,24.208005801617393,nan,0.06160269468605956,0.09680131077766418,0.1025700718164444,0.011018935590982437,0.09356376528739929,4.9774106351485196e-08,5.853384681550868e-09,5.077698159978652e-10
SC-INR-Adaptive,urban100,img_007.png,x8,24.299476282019864,nan,0.060957365053430794,0.09583140909671783,0.10182217508554459,0.010821751318871975,0.09342103451490402,4.839445654484521e-08,5.784686101302106e-09,5.092999919324571e-10
Bicubic,urban100,img_007.png,x16,19.1043679665735,nan,0.11086171728405815,0.14297440648078918,0.17703218758106232,0.04903959110379219,0.09406222403049469,2.4025836222817574e-07,6.613495213159139e-09,5.025694265353696e-10
LIIF,urban100,img_007.png,x16,20.574652540525836,nan,0.0935981733044299,0.13316446542739868,0.154964879155159,0.028737230226397514,0.09379865229129791,1.6171458795257804e-07,6.580381526410306e-09,5.009181827384315e-10
LTE,urban100,img_007.png,x16,20.410423806180795,nan,0.09538472011263646,0.1342386156320572,0.15722531080245972,0.03017820417881012,0.09379967302083969,1.6927532655553456e-07,6.575933186240179e-09,4.994775612903435e-10
LTE-NoCell,urban100,img_007.png,x16,20.60364112019677,nan,0.09328631630914168,0.13117393851280212,0.1537340134382248,0.030678406357765198,0.09379661828279495,1.6035068754930236e-07,6.596852250650447e-09,4.9989373705814e-10
LTE-FeaturePhase,urban100,img_007.png,x16,20.59421026679681,nan,0.0933876585314537,0.1308475136756897,0.15351124107837677,0.030249131843447685,0.09372224658727646,1.6080568722385354e-07,6.5905784953394615e-09,4.992882215830979e-10
SC-INR-Fixed,urban100,img_007.png,x16,20.66189392275937,nan,0.09266277539528658,0.13223373889923096,0.1526501178741455,0.028898151591420174,0.09374388307332993,1.5797673216707653e-07,6.546716122268464e-09,5.012203081641363e-10
SC-INR-Adaptive,urban100,img_007.png,x16,20.481681218236464,nan,0.0946054027882713,0.1342041790485382,0.15593019127845764,0.030924469232559204,0.0939420610666275,1.6584891324745291e-07,6.599701453563953e-09,5.016815476014307e-10
Bicubic,urban100,img_007.png,x30,17.140532182177367,nan,0.13898674717894896,0.16145126521587372,0.19939367473125458,0.09609805047512054,0.09255367517471313,4.379366904005319e-07,7.296822230317474e-09,5.262487088526099e-10
LIIF,urban100,img_007.png,x30,17.950636879774603,nan,0.1266100429200462,0.15772970020771027,0.19147691130638123,0.0644504576921463,0.09238889068365097,3.5731885648346905e-07,7.263398215721227e-09,5.191495664991252e-10
LTE,urban100,img_007.png,x30,17.804779645265324,nan,0.12875408526068732,0.15979814529418945,0.1940913200378418,0.06615900993347168,0.09242289513349533,3.707385012237468e-07,7.2698762099247315e-09,5.207759589338951e-10
LTE-NoCell,urban100,img_007.png,x30,17.954213697492982,nan,0.12655791609904787,0.15564875304698944,0.1905117630958557,0.06704865396022797,0.09241575002670288,3.569811289173919e-07,7.264524709079725e-09,5.200924851883213e-10
LTE-FeaturePhase,urban100,img_007.png,x30,17.98092960108296,nan,0.12616924956338985,0.15544866025447845,0.18980443477630615,0.06700125336647034,0.09239960461854935,3.5458922066666303e-07,7.2600305581671926e-09,5.197045191074953e-10
SC-INR-Fixed,urban100,img_007.png,x30,18.019926681759483,nan,0.1256040565981973,0.15627224743366241,0.18918949365615845,0.06458176672458649,0.09239620715379715,3.510713388112563e-07,7.264666245784847e-09,5.195090065225611e-10
SC-INR-Adaptive,urban100,img_007.png,x30,18.01500500429388,nan,0.12567524767406016,0.15599682927131653,0.19019751250743866,0.06461265683174133,0.09239143878221512,3.515332148664351e-07,7.26123673718181e-09,5.187312257559302e-10
Bicubic,urban100,img_008.png,x4,19.806586227010165,nan,0.10225173566640386,0.1521473526954651,0.1726243495941162,0.024058638140559196,0.2976211905479431,3.6219402694026594e-08,3.646727618644643e-08,6.873898847081852e-09
LIIF,urban100,img_008.png,x4,21.4542997676765,nan,0.08458337528755451,0.12347397953271866,0.13292177021503448,0.02123267389833927,0.2853070795536041,7.0579802412929725e-09,2.5223988620643752e-08,6.603236715727853e-09
LTE,urban100,img_008.png,x4,21.31789121587646,nan,0.08592221004842533,0.12603096663951874,0.13554584980010986,0.021120650693774223,0.28750157356262207,7.68260408472797e-09,2.6301021422168346e-08,6.628996925575369e-09
LTE-NoCell,urban100,img_008.png,x4,21.374389179571164,nan,0.08536513687625012,0.12474410235881805,0.13474513590335846,0.021281832829117775,0.2864017188549042,7.535358054587612e-09,2.5711005592034545e-08,6.676551333538275e-09
LTE-FeaturePhase,urban100,img_008.png,x4,21.454609588402707,nan,0.08458035830063855,0.12353525310754776,0.1332334727048874,0.021126234903931618,0.2854853868484497,7.395166389775639e-09,2.5095239502331077e-08,6.628779961063994e-09
SC-INR-Fixed,urban100,img_008.png,x4,21.37928238217021,nan,0.0853170599041949,0.12417355179786682,0.13380910456180573,0.021282972767949104,0.2860080301761627,7.752400884927865e-09,2.573143235692116e-08,6.6178870169982825e-09
SC-INR-Adaptive,urban100,img_008.png,x4,21.444297037191042,nan,0.08468083819531275,0.12354692816734314,0.13311557471752167,0.020947925746440887,0.2856982946395874,7.048189031966971e-09,2.5283092017613327e-08,6.620979562398135e-09
Bicubic,urban100,img_008.png,x8,17.97796951458117,nan,0.1262122544314676,0.1750868558883667,0.2088344395160675,0.034862883388996124,0.30169060826301575,1.6914740858085533e-07,3.894906952890769e-08,7.206222464758969e-09
LIIF,urban100,img_008.png,x8,18.59652779187858,nan,0.1175367317336266,0.17282100021839142,0.1950194388628006,0.030385997146368027,0.3012387752532959,1.1748533153931091e-07,3.847607770529542e-08,7.206734283061611e-09
LTE,urban100,img_008.png,x8,18.57738989530674,nan,0.1177959896592755,0.17396849393844604,0.19591039419174194,0.03013273887336254,0.3012503385543823,1.1923440145936997e-07,3.8426424660609544e-08,7.209346230956415e-09
LTE-NoCell,urban100,img_008.png,x8,18.562387495546773,nan,0.1179996244815533,0.17312173545360565,0.19698888063430786,0.02989923767745495,0.30123382806777954,1.2076294539484763e-07,3.8364070941089194e-08,7.205818785718779e-09
LTE-FeaturePhase,urban100,img_008.png,x8,18.687050397331703,nan,0.116318148357452,0.17009153962135315,0.19338072836399078,0.029889874160289764,0.30096885561943054,1.1217831144976877e-07,3.804782437869777e-08,7.2028061295373295e-09
SC-INR-Fixed,urban100,img_008.png,x8,18.565895642790515,nan,0.11795197519188405,0.1735837310552597,0.19633929431438446,0.030409788712859154,0.3017541766166687,1.1801473958672169e-07,3.888772035240516e-08,7.221313390409193e-09
SC-INR-Adaptive,urban100,img_008.png,x8,18.630916758370457,nan,0.11707230310081007,0.17208434641361237,0.19477908313274384,0.02949634939432144,0.30145737528800964,1.145068736101572e-07,3.848928892237369e-08,7.223943577476356e-09
Bicubic,urban100,img_008.png,x16,16.878444488982133,nan,0.14324444053590316,0.18440207839012146,0.22305947542190552,0.05946085602045059,0.3068641126155853,2.9724499519875903e-07,4.2256117027903104e-08,7.94362533372914e-09
LIIF,urban100,img_008.png,x16,17.119728143142762,nan,0.13932004075929505,0.1863550841808319,0.22333188354969025,0.04882880300283432,0.3068309724330902,2.6745911919884873e-07,4.2226563180013045e-08,7.940059496650553e-09
LTE,urban100,img_008.png,x16,17.102293806182058,nan,0.13959996509273181,0.18740369379520416,0.2245892733335495,0.0484287291765213,0.30682680010795593,2.6953700291143577e-07,4.223347436819824e-08,7.940061553645348e-09
LTE-NoCell,urban100,img_008.png,x16,17.11793685632848,nan,0.13934877562672796,0.1848643720149994,0.2223820686340332,0.049772098660469055,0.30682581663131714,2.675961749327989e-07,4.224298103023775e-08,7.94077073990795e-09
LTE-FeaturePhase,urban100,img_008.png,x16,17.14296922532632,nan,0.13894775644790688,0.18458370864391327,0.22181352972984314,0.04953834041953087,0.30682075023651123,2.6460360442588025e-07,4.223823388035016e-08,7.940728618171903e-09
SC-INR-Fixed,urban100,img_008.png,x16,17.118586784282858,nan,0.13933834914421578,0.18633754551410675,0.2233157604932785,0.049415044486522675,0.3068353831768036,2.675356771171999e-07,4.223877316364838e-08,7.940854694854687e-09
SC-INR-Adaptive,urban100,img_008.png,x16,17.116192947062693,nan,0.13937675618232764,0.18645037710666656,0.22376276552677155,0.048691246658563614,0.3068583905696869,2.67815090292151e-07,4.224088224953738e-08,7.940891946656123e-09
Bicubic,urban100,img_008.png,x30,16.392018165513207,nan,0.15149527636920956,0.18686416745185852,0.22608180344104767,0.07915832102298737,0.31211572885513306,3.817761141694653e-07,4.608749143312595e-08,8.808715048839886e-09
LIIF,urban100,img_008.png,x30,16.519697302749453,nan,0.14928464333389008,0.18807324767112732,0.22697845101356506,0.07136663049459457,0.3121158480644226,3.6255269269202353e-07,4.608741148678864e-08,8.809152280927958e-09
LTE,urban100,img_008.png,x30,16.519532512397753,nan,0.1492874756174292,0.1872635930776596,0.22617189586162567,0.0729467123746872,0.31211432814598083,3.6258440650852126e-07,4.608569409901574e-08,8.809193381479016e-09
LTE-NoCell,urban100,img_008.png,x30,16.53229066549656,nan,0.14906835766445142,0.18714483082294464,0.22620251774787903,0.07280929386615753,0.3121104836463928,3.6071041823852743e-07,4.608330199549965e-08,8.808615119642923e-09
LTE-FeaturePhase,urban100,img_008.png,x30,16.512634715046236,nan,0.14940607760167504,0.18763230741024017,0.22655639052391052,0.07290787249803543,0.31211796402931213,3.6358673751105453e-07,4.608941457503199e-08,8.8097880209665e-09
SC-INR-Fixed,urban100,img_008.png,x30,16.533844646162137,nan,0.1490416904335156,0.18753141164779663,0.2265339493751526,0.07186326384544373,0.31211259961128235,3.6045571362473476e-07,4.608849222781736e-08,8.808816858996444e-09
SC-INR-Adaptive,urban100,img_008.png,x30,16.52810554858829,nan,0.14914020048693533,0.18730281293392181,0.2262989580631256,0.07148996740579605,0.3121091425418854,3.6134810445372553e-07,4.607995672694723e-08,8.808206499524445e-09
Bicubic,urban100,img_009.png,x4,30.96647862330395,nan,0.02829280907170974,0.05685444176197052,0.06032706797122955,0.002107578096911311,0.06186625361442566,3.355692476594049e-09,2.0355954867622346e-09,2.0025914619911793e-10
LIIF,urban100,img_009.png,x4,34.03739301830886,nan,0.019866911130723728,0.04038810357451439,0.041481148451566696,0.001999981002882123,0.05692048370838165,4.719271975707621e-10,1.0790146606878888e-09,1.961429954899148e-10
LTE,urban100,img_009.png,x4,34.1661783480481,nan,0.019574518258633943,0.03969166427850723,0.04070734977722168,0.0020230901427567005,0.056498922407627106,4.53268001748543e-10,1.0310667027253281e-09,1.9935723079239688e-10
LTE-NoCell,urban100,img_009.png,x4,34.18102011400578,nan,0.019541099419240194,0.03963762894272804,0.040565408766269684,0.0020125284790992737,0.05609385669231415,4.665180442057902e-10,1.0371103570289557e-09,1.9209452900297144e-10
LTE-FeaturePhase,urban100,img_009.png,x4,34.059643741319945,nan,0.019816083013807266,0.04020541533827782,0.04124831035733223,0.0020197518169879913,0.05639852210879326,4.5891423927734223e-10,1.0805227069034653e-09,1.9277248955881942e-10
SC-INR-Fixed,urban100,img_009.png,x4,34.10021715945199,nan,0.01972373423389972,0.0400887206196785,0.04097151756286621,0.002012704499065876,0.05651446059346199,4.951033143773379e-10,1.0435926726286268e-09,2.000605083642853e-10
SC-INR-Adaptive,urban100,img_009.png,x4,34.25641199044418,nan,0.01937222035791197,0.03941570967435837,0.040370430797338486,0.002008377341553569,0.055961742997169495,4.2928558865101036e-10,1.0163688699967494e-09,1.9362113587009962e-10
Bicubic,urban100,img_009.png,x8,28.688208435600142,nan,0.03677812446569847,0.07214108854532242,0.07766090333461761,0.0029807614628225565,0.06290699541568756,1.3021509497948185e-08,2.1683150245777072e-09,2.0754871757295066e-10
LIIF,urban100,img_009.png,x8,30.140016944899287,nan,0.03111710266608843,0.061685264110565186,0.06559436768293381,0.0024093829561024904,0.06210317835211754,6.467711702493839e-09,2.0775463019589223e-09,2.0814937402719298e-10
LTE,urban100,img_009.png,x8,30.085506419882243,nan,0.03131300007267101,0.06235407292842865,0.06620196998119354,0.002436442067846656,0.06253682076931,6.358293330746227e-09,2.1483050571084284e-09,2.1000091669695094e-10
LTE-NoCell,urban100,img_009.png,x8,30.187373796476884,nan,0.03094790892866807,0.06112557649612427,0.06507406383752823,0.0024680132046341896,0.06202314794063568,6.3900595280022305e-09,2.053008530773676e-09,2.077794481605833e-10
LTE-FeaturePhase,urban100,img_009.png,x8,30.167690427012953,nan,0.03101812048903205,0.061399877071380615,0.06538225710391998,0.0024175341241061687,0.062159158289432526,6.383332226318768e-09,2.0724240966605327e-09,2.076785860240719e-10
SC-INR-Fixed,urban100,img_009.png,x8,30.080915026906855,nan,0.03132955661437376,0.06218767166137695,0.06607459485530853,0.0023974499199539423,0.06236885488033295,6.55164950342109e-09,2.107973023772024e-09,2.1053770648666733e-10
SC-INR-Adaptive,urban100,img_009.png,x8,30.095697581837577,nan,0.03127628204699064,0.062130749225616455,0.06599190086126328,0.0024330257438123226,0.06233848258852959,6.3818907765998906e-09,2.134450234856062e-09,2.0958943621122748e-10
Bicubic,urban100,img_009.png,x16,27.25595291773898,nan,0.04337129144547077,0.08258407562971115,0.08868090808391571,0.005671669729053974,0.0630079060792923,2.3707991443152018e-08,2.2672591011351743e-09,2.1722793199424975e-10
LIIF,urban100,img_009.png,x16,28.303978633721613,nan,0.03844156573762265,0.07559332996606827,0.08058976382017136,0.003283735830336809,0.06287188827991486,1.6129462792718425e-08,2.2517213422775876e-09,2.170199050903022e-10
LTE,urban100,img_009.png,x16,28.219014904325736,nan,0.038819438991288445,0.07615970075130463,0.08140479028224945,0.003511640941724181,0.06291579455137253,1.6647129940494382e-08,2.259774183943264e-09,2.1704956775135431e-10
LTE-NoCell,urban100,img_009.png,x16,28.19131908738179,nan,0.03894341615806376,0.07632089406251907,0.08148425072431564,0.0033990510273724794,0.06294882297515869,1.6803721545514745e-08,2.2655886174098505e-09,2.1709719590083179e-10
LTE-FeaturePhase,urban100,img_009.png,x16,28.207141606859043,nan,0.03887254004787015,0.07616756856441498,0.08134542405605316,0.003384997835382819,0.06293494254350662,1.671019052903696e-08,2.2631429572197658e-09,2.1707368449651536e-10
SC-INR-Fixed,urban100,img_009.png,x16,28.259906638603347,nan,0.038637112999129995,0.07576587051153183,0.0807868093252182,0.0033579268492758274,0.06288081407546997,1.6400259981347065e-08,2.2550731383561685e-09,2.1704004407006368e-10
SC-INR-Adaptive,urban100,img_009.png,x16,28.285403413570496,nan,0.03852386296317187,0.07566989958286285,0.08072499930858612,0.003359611378982663,0.06288144737482071,1.6244660482067092e-08,2.252748182466452e-09,2.1706255786614707e-10
Bicubic,urban100,img_009.png,x30,26.032747796172888,nan,0.049930120042477155,0.0912070944905281,0.09737133234739304,0.011952124536037445,0.06353936344385147,3.7799861411550234e-08,2.5203258740210438e-09,2.3747175071667e-10
LIIF,urban100,img_009.png,x30,26.858622348825687,nan,0.045401362111082984,0.0859382376074791,0.09189989417791367,0.006276736501604319,0.06354056298732758,2.895257905987986e-08,2.520868196095284e-09,2.3733180959204124e-10
LTE,urban100,img_009.png,x30,26.837133906870605,nan,0.04551382178631513,0.0855938270688057,0.09168399125337601,0.006420173682272434,0.06353408098220825,2.9166803317708522e-08,2.5199179313414274e-09,2.372737485077993e-10
LTE-NoCell,urban100,img_009.png,x30,26.849274121400704,nan,0.04545025183352306,0.08567176759243011,0.09164302051067352,0.0065538035705685616,0.06353732943534851,2.9046233160584555e-08,2.5202195468071793e-09,2.3735898285069786e-10
LTE-FeaturePhase,urban100,img_009.png,x30,26.889007833771483,nan,0.04524281390521755,0.08534286171197891,0.09132425487041473,0.006759499665349722,0.06353622674942017,2.8660490825737603e-08,2.5203702207432758e-09,2.3731329307158885e-10
SC-INR-Fixed,urban100,img_009.png,x30,26.828526413241644,nan,0.04555894717053488,0.08589079976081848,0.09196540713310242,0.006255472078919411,0.06353256106376648,2.925202412652055e-08,2.5197298044531586e-09,2.3725333829504605e-10
SC-INR-Adaptive,urban100,img_009.png,x30,26.862456247231606,nan,0.045381326650434727,0.08560061454772949,0.0915432721376419,0.006332637742161751,0.06354085355997086,2.8913428879952098e-08,2.521448492460811e-09,2.3725137836029226e-10
Bicubic,urban100,img_010.png,x4,23.678813981576482,nan,0.06547255677397211,0.13814716041088104,0.14214681088924408,0.003242253325879574,0.20406371355056763,1.0165873008118525e-08,9.424086195949148e-09,2.5074302946492325e-09
LIIF,urban100,img_010.png,x4,27.317890485791217,nan,0.04306311838094622,0.0903480127453804,0.09238499402999878,0.003189637791365385,0.17237573862075806,4.811097946718652e-10,3.144800820549144e-09,2.0108622269345886e-09
LTE,urban100,img_010.png,x4,27.56031733354408,nan,0.041877826503650295,0.08769141882658005,0.08960839360952377,0.0031891511753201485,0.16834615170955658,5.263546602039132e-10,2.905816675719121e-09,1.9283418789615646e-09
LTE-NoCell,urban100,img_010.png,x4,26.98514437567323,nan,0.04474482163611162,0.09393889456987381,0.09625523537397385,0.0031850242521613836,0.18054676055908203,4.801299623471084e-10,3.3340743396540137e-09,2.206726678179677e-09
LTE-FeaturePhase,urban100,img_010.png,x4,27.04674030537295,nan,0.044428636463009374,0.09317143261432648,0.09552983194589615,0.0031877674628049135,0.1797047108411789,4.5097561394836686e-10,3.2503354506365944e-09,2.1970086370955552e-09
SC-INR-Fixed,urban100,img_010.png,x4,27.317615404588143,nan,0.04306448220693141,0.09029130637645721,0.09227803349494934,0.0031843818724155426,0.17325396835803986,5.242446324807706e-10,3.0781368441318307e-09,2.040181988462766e-09
SC-INR-Adaptive,urban100,img_010.png,x4,27.70205614810952,nan,0.04119999777646097,0.08619806170463562,0.0880654901266098,0.0031836151611059904,0.16593796014785767,5.388385433166835e-10,2.7716387037161202e-09,1.8839196228114647e-09
Bicubic,urban100,img_010.png,x8,21.697056502204717,nan,0.08225213409814076,0.16856426000595093,0.17635591328144073,0.004095345735549927,0.2059406042098999,5.2224459454013315e-08,9.910247705045519e-09,2.5766784494102014e-09
LIIF,urban100,img_010.png,x8,23.497562692986357,nan,0.0668531484755676,0.1398771107196808,0.1442314237356186,0.0036597363650798798,0.20403309166431427,1.6517425422695564e-08,8.875734680399804e-09,2.579319491459805e-09
LTE,urban100,img_010.png,x8,23.48938165921365,nan,0.06691614553613122,0.13993419706821442,0.1442089080810547,0.003627063939347863,0.20375783741474152,1.6672582565076536e-08,8.885394427646118e-09,2.573546150849722e-09
LTE-NoCell,urban100,img_010.png,x8,23.432925733260394,nan,0.0673524988791001,0.1410192996263504,0.14527979493141174,0.003606004174798727,0.20449799299240112,1.657121417812873e-08,9.131365212995738e-09,2.5777021644427184e-09
LTE-FeaturePhase,urban100,img_010.png,x8,23.461437093182976,nan,0.06713177732266402,0.14052607119083405,0.14487388730049133,0.003613814478740096,0.20441468060016632,1.641521897740433e-08,9.050835906271086e-09,2.5769094691510416e-09
SC-INR-Fixed,urban100,img_010.png,x8,23.47036593971844,nan,0.06706280323019559,0.14025309681892395,0.14467601478099823,0.0036298141349107027,0.20382599532604218,1.7066205647817175e-08,8.877879363710968e-09,2.571764002486419e-09
SC-INR-Adaptive,urban100,img_010.png,x8,23.64304911874187,nan,0.06574270118449227,0.1377280354499817,0.14190788567066193,0.003613589098677039,0.203025683760643,1.559387758283165e-08,8.522816779090036e-09,2.5688317906254284e-09
Bicubic,urban100,img_010.png,x16,20.17697274788286,nan,0.09798314219261786,0.19303195178508759,0.20017753541469574,0.007355556357651949,0.20790961384773254,1.0445092795126722e-07,1.0454816284955028e-08,2.7246498258407654e-09
LIIF,urban100,img_010.png,x16,21.385690307503864,nan,0.08525414133640313,0.17330116033554077,0.18101000785827637,0.004914242308586836,0.20780494809150696,6.210235893362584e-08,1.0438531194812255e-08,2.7243038129800575e-09
LTE,urban100,img_010.png,x16,21.29339716499689,nan,0.08616485107964454,0.17474468052387238,0.1825709491968155,0.00485219806432724,0.2077896147966385,6.49714940860979e-08,1.0433277015678061e-08,2.7235800687570974e-09
LTE-NoCell,urban100,img_010.png,x16,21.33646212492511,nan,0.08573869989205948,0.17408056557178497,0.18207408487796783,0.004810687620192766,0.20781029760837555,6.357865006317218e-08,1.0446603400431482e-08,2.7237156616396303e-09
LTE-FeaturePhase,urban100,img_010.png,x16,21.340926368940476,nan,0.08569464451622281,0.17402200400829315,0.18184462189674377,0.004833689890801907,0.20780394971370697,6.342410834799603e-08,1.0450582048509423e-08,2.7236545804682115e-09
SC-INR-Fixed,urban100,img_010.png,x16,21.348848278531108,nan,0.08561652289928956,0.1739940643310547,0.1815299391746521,0.0048956735990941525,0.2078021913766861,6.319066712675383e-08,1.0447702956168293e-08,2.7239786480431698e-09
SC-INR-Adaptive,urban100,img_010.png,x16,21.39781075388898,nan,0.0851352591410252,0.17333051562309265,0.1810934692621231,0.004761110991239548,0.20779213309288025,6.172716913195116e-08,1.0440507564873502e-08,2.7240698074149298e-09
Bicubic,urban100,img_010.png,x30,19.264846689767417,nan,0.1088322644428882,0.2093292474746704,0.21319368481636047,0.01552475243806839,0.21158777177333832,1.5423867966194927e-07,1.1692321711502957e-08,3.052254816545806e-09
LIIF,urban100,img_010.png,x30,19.82468166358146,nan,0.10203893492354597,0.19958050549030304,0.20682518184185028,0.009561343118548393,0.21157248318195343,1.2612556253541294e-07,1.1685428502122905e-08,3.050918357296206e-09
LTE,urban100,img_010.png,x30,19.7617511570675,nan,0.10278090612603918,0.200201615691185,0.2070412039756775,0.009701878763735294,0.21157369017601013,1.291083620722398e-07,1.168569958607461e-08,3.0512521528993822e-09
LTE-NoCell,urban100,img_010.png,x30,19.820642334613186,nan,0.10208639864876895,0.19947746396064758,0.2069016993045807,0.009456781670451164,0.21156996488571167,1.2631689882470847e-07,1.1685300854628824e-08,3.050879511375407e-09
LTE-FeaturePhase,urban100,img_010.png,x30,19.837894033981566,nan,0.10188383839303321,0.1991170197725296,0.20649036765098572,0.00935917254537344,0.21157041192054749,1.2550698576631035e-07,1.1684704300432882e-08,3.0509375941801163e-09
SC-INR-Fixed,urban100,img_010.png,x30,19.796075850460394,nan,0.1023755404550658,0.20001432299613953,0.20693561434745789,0.009484787471592426,0.21157510578632355,1.2747154731298338e-07,1.1686719773189034e-08,3.050990188797039e-09
SC-INR-Adaptive,urban100,img_010.png,x30,19.857060249049916,nan,0.10165927018100995,0.199398934841156,0.20677752792835236,0.009351901710033417,0.21157094836235046,1.2460475452225913e-07,1.1685822077005606e-08,3.0508095249335617e-09
