model,dataset,image,lr_scale,observation_scale,omega_param,omega_bound,use_sinc_response,omega_neg_frac,omega_near_bound_frac,response_neg_frac,active_response_neg_frac,omega_x_mean,omega_x_std,omega_x_min,omega_x_q01,omega_x_q05,omega_x_q50,omega_x_q95,omega_x_q99,omega_x_max,omega_y_mean,omega_y_std,omega_y_min,omega_y_q01,omega_y_q05,omega_y_q50,omega_y_q95,omega_y_q99,omega_y_max,omega_mag_mean,omega_mag_std,omega_mag_min,omega_mag_q01,omega_mag_q05,omega_mag_q50,omega_mag_q95,omega_mag_q99,omega_mag_max,effective_omega_x_mean,effective_omega_x_std,effective_omega_x_min,effective_omega_x_q01,effective_omega_x_q05,effective_omega_x_q50,effective_omega_x_q95,effective_omega_x_q99,effective_omega_x_max,effective_omega_y_mean,effective_omega_y_std,effective_omega_y_min,effective_omega_y_q01,effective_omega_y_q05,effective_omega_y_q50,effective_omega_y_q95,effective_omega_y_q99,effective_omega_y_max,effective_omega_mag_mean,effective_omega_mag_std,effective_omega_mag_min,effective_omega_mag_q01,effective_omega_mag_q05,effective_omega_mag_q50,effective_omega_mag_q95,effective_omega_mag_q99,effective_omega_mag_max,response_mean,response_std,response_min,response_q01,response_q05,response_q50,response_q95,response_q99,response_max,active_response_mean,active_response_std,active_response_min,active_response_q01,active_response_q05,active_response_q50,active_response_q95,active_response_q99,active_response_max,analytic_attenuation_mean,analytic_attenuation_std,analytic_attenuation_min,analytic_attenuation_q01,analytic_attenuation_q05,analytic_attenuation_q50,analytic_attenuation_q95,analytic_attenuation_q99,analytic_attenuation_max,active_attenuation_mean,active_attenuation_std,active_attenuation_min,active_attenuation_q01,active_attenuation_q05,active_attenuation_q50,active_attenuation_q95,active_attenuation_q99,active_attenuation_max
SC-INR,bsd100,101085.png,x4,x2,tanh_signed,2.1,True,0.396319180727005,2.8889975510537624e-05,4.7200523113133386e-05,4.7200523113133386e-05,0.08585122227668762,0.4245356321334839,-1.5018327236175537,-1.2213619947433472,-0.5162354111671448,0.009646385908126831,1.1640390157699585,1.368384838104248,1.5650033950805664,0.23023611307144165,0.4231576919555664,-1.119155764579773,-0.39671117067337036,-0.21219776570796967,0.0561937615275383,1.2281473875045776,1.7279255390167236,2.0123953819274902,0.4615868926048279,0.45454326272010803,0.00039442229899577796,0.009411867707967758,0.02399277128279209,0.31967175006866455,1.4102948904037476,1.8335211277008057,2.020930051803589,0.08585122227668762,0.4245356321334839,-1.5018327236175537,-1.2213619947433472,-0.5162354111671448,0.009646385908126831,1.1640390157699585,1.368384838104248,1.5650033950805664,0.23023611307144165,0.4231576919555664,-1.119155764579773,-0.39671117067337036,-0.21219776570796967,0.0561937615275383,1.2281473875045776,1.7279255390167236,2.0123953819274902,0.4615868926048279,0.45454326272010803,0.00039442229899577796,0.009411867707967758,0.02399277128279209,0.31967175006866455,1.4102948904037476,1.8335211277008057,2.020930051803589,0.8630937337875366,0.21012836694717407,-0.0060723586939275265,0.14978329837322235,0.36298108100891113,0.9585331678390503,0.9997632503509521,0.9999635815620422,0.9999998807907104,0.8630937337875366,0.21012836694717407,-0.0060723586939275265,0.14978329837322235,0.36298108100891113,0.9585331678390503,0.9997632503509521,0.9999635815620422,0.9999998807907104,0.1369062215089798,0.21012836694717407,1.1920928955078125e-07,3.641843795776367e-05,0.00023674368276260793,0.04146680235862732,0.637018084526062,0.8502167463302612,1.0060724020004272,0.1369062215089798,0.21012836694717407,1.1920928955078125e-07,3.641843795776367e-05,0.00023674368276260793,0.04146680235862732,0.637018084526062,0.8502167463302612,1.0060724020004272
SC-INR,bsd100,101085.png,x4,x3,tanh_signed,2.1,True,0.396319180727005,2.8889975510537624e-05,0.0,0.0,0.08585122227668762,0.4245356321334839,-1.5018327236175537,-1.2213619947433472,-0.5162354111671448,0.009646385908126831,1.1640390157699585,1.368384838104248,1.5650033950805664,0.23023611307144165,0.4231576919555664,-1.119155764579773,-0.39671117067337036,-0.21219776570796967,0.0561937615275383,1.2281473875045776,1.7279255390167236,2.0123953819274902,0.4615868926048279,0.45454326272010803,0.00039442229899577796,0.009411867707967758,0.02399277128279209,0.31967175006866455,1.4102948904037476,1.8335211277008057,2.020930051803589,0.08585122227668762,0.4245356321334839,-1.5018327236175537,-1.2213619947433472,-0.5162354111671448,0.009646385908126831,1.1640390157699585,1.368384838104248,1.5650033950805664,0.23023611307144165,0.4231576919555664,-1.119155764579773,-0.39671117067337036,-0.21219776570796967,0.0561937615275383,1.2281473875045776,1.7279255390167236,2.0123953819274902,0.4615868926048279,0.45454326272010803,0.00039442229899577796,0.009411867707967758,0.02399277128279209,0.31967175006866455,1.4102948904037476,1.8335211277008057,2.020930051803589,0.9311110377311707,0.11436789482831955,0.405274361371994,0.511374831199646,0.6744042038917542,0.9814327955245972,0.9998947381973267,0.9999838471412659,1.0,0.9311110377311707,0.11436789482831955,0.405274361371994,0.511374831199646,0.6744042038917542,0.9814327955245972,0.9998947381973267,0.9999838471412659,1.0,0.06888894736766815,0.11436789482831955,0.0,1.615285873413086e-05,0.00010525584366405383,0.018567174673080444,0.3255957365036011,0.488625168800354,0.5947256088256836,0.06888894736766815,0.11436789482831955,0.0,1.615285873413086e-05,0.00010525584366405383,0.018567174673080444,0.3255957365036011,0.488625168800354,0.5947256088256836
SC-INR,bsd100,101085.png,x4,x4,tanh_signed,2.1,True,0.396319180727005,2.8889975510537624e-05,0.0,0.0,0.08585122227668762,0.4245356321334839,-1.5018327236175537,-1.2213619947433472,-0.5162354111671448,0.009646385908126831,1.1640390157699585,1.368384838104248,1.5650033950805664,0.23023611307144165,0.4231576919555664,-1.119155764579773,-0.39671117067337036,-0.21219776570796967,0.0561937615275383,1.2281473875045776,1.7279255390167236,2.0123953819274902,0.4615868926048279,0.45454326272010803,0.00039442229899577796,0.009411867707967758,0.02399277128279209,0.31967175006866455,1.4102948904037476,1.8335211277008057,2.020930051803589,0.08585122227668762,0.4245356321334839,-1.5018327236175537,-1.2213619947433472,-0.5162354111671448,0.009646385908126831,1.1640390157699585,1.368384838104248,1.5650033950805664,0.23023611307144165,0.4231576919555664,-1.119155764579773,-0.39671117067337036,-0.21219776570796967,0.0561937615275383,1.2281473875045776,1.7279255390167236,2.0123953819274902,0.4615868926048279,0.45454326272010803,0.00039442229899577796,0.009411867707967758,0.02399277128279209,0.31967175006866455,1.4102948904037476,1.8335211277008057,2.020930051803589,0.9594216346740723,0.0693763718008995,0.6304318904876709,0.6962138414382935,0.8078144192695618,0.9895298480987549,0.999940812587738,0.9999908804893494,1.0,0.9594216346740723,0.0693763718008995,0.6304318904876709,0.6962138414382935,0.8078144192695618,0.9895298480987549,0.999940812587738,0.9999908804893494,1.0,0.04057843238115311,0.0693763718008995,0.0,9.130835678661242e-06,5.918741226196289e-05,0.01047012209892273,0.19218553602695465,0.30378618836402893,0.3695681095123291,0.04057843238115311,0.0693763718008995,0.0,9.130835678661242e-06,5.918741226196289e-05,0.01047012209892273,0.19218553602695465,0.30378618836402893,0.3695681095123291
SC-INR,bsd100,101085.png,x4,x6,tanh_signed,2.1,True,0.396319180727005,2.8889975510537624e-05,0.0,0.0,0.08585122227668762,0.4245356321334839,-1.5018327236175537,-1.2213619947433472,-0.5162354111671448,0.009646385908126831,1.1640390157699585,1.368384838104248,1.5650033950805664,0.23023611307144165,0.4231576919555664,-1.119155764579773,-0.39671117067337036,-0.21219776570796967,0.0561937615275383,1.2281473875045776,1.7279255390167236,2.0123953819274902,0.4615868926048279,0.45454326272010803,0.00039442229899577796,0.009411867707967758,0.02399277128279209,0.31967175006866455,1.4102948904037476,1.8335211277008057,2.020930051803589,0.08585122227668762,0.4245356321334839,-1.5018327236175537,-1.2213619947433472,-0.5162354111671448,0.009646385908126831,1.1640390157699585,1.368384838104248,1.5650033950805664,0.23023611307144165,0.4231576919555664,-1.119155764579773,-0.39671117067337036,-0.21219776570796967,0.0561937615275383,1.2281473875045776,1.7279255390167236,2.0123953819274902,0.4615868926048279,0.45454326272010803,0.00039442229899577796,0.009411867707967758,0.02399277128279209,0.31967175006866455,1.4102948904037476,1.8335211277008057,2.020930051803589,0.9813452959060669,0.032587725669145584,0.8236650228500366,0.8548716902732849,0.9115985631942749,0.9953383207321167,0.999973714351654,0.9999959468841553,1.0,0.9813452959060669,0.032587725669145584,0.8236650228500366,0.8548716902732849,0.9115985631942749,0.9953383207321167,0.999973714351654,0.9999959468841553,1.0,0.018654733896255493,0.032587725669145584,0.0,4.0531158447265625e-06,2.6285648345947266e-05,0.0046617090702056885,0.08840134739875793,0.1451283097267151,0.17633497714996338,0.018654733896255493,0.032587725669145584,0.0,4.0531158447265625e-06,2.6285648345947266e-05,0.0046617090702056885,0.08840134739875793,0.1451283097267151,0.17633497714996338
SC-INR,bsd100,101085.png,x4,x8,tanh_signed,2.1,True,0.396319180727005,2.8889975510537624e-05,0.0,0.0,0.08585122227668762,0.4245356321334839,-1.5018327236175537,-1.2213619947433472,-0.5162354111671448,0.009646385908126831,1.1640390157699585,1.368384838104248,1.5650033950805664,0.23023611307144165,0.4231576919555664,-1.119155764579773,-0.39671117067337036,-0.21219776570796967,0.0561937615275383,1.2281473875045776,1.7279255390167236,2.0123953819274902,0.4615868926048279,0.45454326272010803,0.00039442229899577796,0.009411867707967758,0.02399277128279209,0.31967175006866455,1.4102948904037476,1.8335211277008057,2.020930051803589,0.08585122227668762,0.4245356321334839,-1.5018327236175537,-1.2213619947433472,-0.5162354111671448,0.009646385908126831,1.1640390157699585,1.368384838104248,1.5650033950805664,0.23023611307144165,0.4231576919555664,-1.119155764579773,-0.39671117067337036,-0.21219776570796967,0.0561937615275383,1.2281473875045776,1.7279255390167236,2.0123953819274902,0.4615868926048279,0.45454326272010803,0.00039442229899577796,0.009411867707967758,0.02399277128279209,0.31967175006866455,1.4102948904037476,1.8335211277008057,2.020930051803589,0.9893800020217896,0.018693994730710983,0.8983203768730164,0.9163480997085571,0.9496728777885437,0.9973758459091187,0.9999852180480957,0.9999977350234985,1.0,0.9893800020217896,0.018693994730710983,0.8983203768730164,0.9163480997085571,0.9496728777885437,0.9973758459091187,0.9999852180480957,0.9999977350234985,1.0,0.01061994582414627,0.018693994730710983,0.0,2.2649765014648438e-06,1.4781951904296875e-05,0.00262412428855896,0.050327081233263016,0.08365190774202347,0.10167962312698364,0.01061994582414627,0.018693994730710983,0.0,2.2649765014648438e-06,1.4781951904296875e-05,0.00262412428855896,0.050327081233263016,0.08365190774202347,0.10167962312698364
SC-INR,bsd100,101085.png,x4,x12,tanh_signed,2.1,True,0.396319180727005,2.8889975510537624e-05,0.0,0.0,0.08585122227668762,0.4245356321334839,-1.5018327236175537,-1.2213619947433472,-0.5162354111671448,0.009646385908126831,1.1640390157699585,1.368384838104248,1.5650033950805664,0.23023611307144165,0.4231576919555664,-1.119155764579773,-0.39671117067337036,-0.21219776570796967,0.0561937615275383,1.2281473875045776,1.7279255390167236,2.0123953819274902,0.4615868926048279,0.45454326272010803,0.00039442229899577796,0.009411867707967758,0.02399277128279209,0.31967175006866455,1.4102948904037476,1.8335211277008057,2.020930051803589,0.08585122227668762,0.4245356321334839,-1.5018327236175537,-1.2213619947433472,-0.5162354111671448,0.009646385908126831,1.1640390157699585,1.368384838104248,1.5650033950805664,0.23023611307144165,0.4231576919555664,-1.119155764579773,-0.39671117067337036,-0.21219776570796967,0.0561937615275383,1.2281473875045776,1.7279255390167236,2.0123953819274902,0.4615868926048279,0.45454326272010803,0.00039442229899577796,0.009411867707967758,0.02399277128279209,0.31967175006866455,1.4102948904037476,1.8335211277008057,2.020930051803589,0.9952391982078552,0.008426472544670105,0.9540018439292908,0.9621408581733704,0.9774377346038818,0.998833179473877,0.9999934434890747,0.9999989867210388,1.0,0.9952391982078552,0.008426472544670105,0.9540018439292908,0.9621408581733704,0.9774377346038818,0.998833179473877,0.9999934434890747,0.9999989867210388,1.0,0.004760859999805689,0.008426472544670105,0.0,1.0132789611816406e-06,6.556510925292969e-06,0.0011668205261230469,0.022562213242053986,0.037859123200178146,0.04599815607070923,0.004760859999805689,0.008426472544670105,0.0,1.0132789611816406e-06,6.556510925292969e-06,0.0011668205261230469,0.022562213242053986,0.037859123200178146,0.04599815607070923
SC-INR,bsd100,101085.png,x4,x16,tanh_signed,2.1,True,0.396319180727005,2.8889975510537624e-05,0.0,0.0,0.08585122227668762,0.4245356321334839,-1.5018327236175537,-1.2213619947433472,-0.5162354111671448,0.009646385908126831,1.1640390157699585,1.368384838104248,1.5650033950805664,0.23023611307144165,0.4231576919555664,-1.119155764579773,-0.39671117067337036,-0.21219776570796967,0.0561937615275383,1.2281473875045776,1.7279255390167236,2.0123953819274902,0.4615868926048279,0.45454326272010803,0.00039442229899577796,0.009411867707967758,0.02399277128279209,0.31967175006866455,1.4102948904037476,1.8335211277008057,2.020930051803589,0.08585122227668762,0.4245356321334839,-1.5018327236175537,-1.2213619947433472,-0.5162354111671448,0.009646385908126831,1.1640390157699585,1.368384838104248,1.5650033950805664,0.23023611307144165,0.4231576919555664,-1.119155764579773,-0.39671117067337036,-0.21219776570796967,0.0561937615275383,1.2281473875045776,1.7279255390167236,2.0123953819274902,0.4615868926048279,0.45454326272010803,0.00039442229899577796,0.009411867707967758,0.02399277128279209,0.31967175006866455,1.4102948904037476,1.8335211277008057,2.020930051803589,0.997313916683197,0.004763428587466478,0.9739652276039124,0.9785651564598083,0.9872699975967407,0.9993435144424438,0.9999963045120239,0.999999463558197,1.0,0.997313916683197,0.004763428587466478,0.9739652276039124,0.9785651564598083,0.9872699975967407,0.9993435144424438,0.9999963045120239,0.999999463558197,1.0,0.002686108462512493,0.004763428587466478,0.0,5.364418029785156e-07,3.6954879760742188e-06,0.00065651535987854,0.012729967944324017,0.021434877067804337,0.026034772396087646,0.002686108462512493,0.004763428587466478,0.0,5.364418029785156e-07,3.6954879760742188e-06,0.00065651535987854,0.012729967944324017,0.021434877067804337,0.026034772396087646
SC-INR,bsd100,101085.png,x4,x24,tanh_signed,2.1,True,0.396319180727005,2.8889975510537624e-05,0.0,0.0,0.08585122227668762,0.4245356321334839,-1.5018327236175537,-1.2213619947433472,-0.5162354111671448,0.009646385908126831,1.1640390157699585,1.368384838104248,1.5650033950805664,0.23023611307144165,0.4231576919555664,-1.119155764579773,-0.39671117067337036,-0.21219776570796967,0.0561937615275383,1.2281473875045776,1.7279255390167236,2.0123953819274902,0.4615868926048279,0.45454326272010803,0.00039442229899577796,0.009411867707967758,0.02399277128279209,0.31967175006866455,1.4102948904037476,1.8335211277008057,2.020930051803589,0.08585122227668762,0.4245356321334839,-1.5018327236175537,-1.2213619947433472,-0.5162354111671448,0.009646385908126831,1.1640390157699585,1.368384838104248,1.5650033950805664,0.23023611307144165,0.4231576919555664,-1.119155764579773,-0.39671117067337036,-0.21219776570796967,0.0561937615275383,1.2281473875045776,1.7279255390167236,2.0123953819274902,0.4615868926048279,0.45454326272010803,0.00039442229899577796,0.009411867707967758,0.02399277128279209,0.31967175006866455,1.4102948904037476,1.8335211277008057,2.020930051803589,0.9988036155700684,0.002124594524502754,0.9883776903152466,0.9904356002807617,0.9943299293518066,0.9997082352638245,0.9999983906745911,0.9999997615814209,1.0,0.9988036155700684,0.002124594524502754,0.9883776903152466,0.9904356002807617,0.9943299293518066,0.9997082352638245,0.9999983906745911,0.9999997615814209,1.0,0.001196415862068534,0.002124594524502754,0.0,2.384185791015625e-07,1.6093254089355469e-06,0.0002917647361755371,0.005670078098773956,0.009564393199980259,0.011622309684753418,0.001196415862068534,0.002124594524502754,0.0,2.384185791015625e-07,1.6093254089355469e-06,0.0002917647361755371,0.005670078098773956,0.009564393199980259,0.011622309684753418
SC-INR,bsd100,101085.png,x4,x30,tanh_signed,2.1,True,0.396319180727005,2.8889975510537624e-05,0.0,0.0,0.08585122227668762,0.4245356321334839,-1.5018327236175537,-1.2213619947433472,-0.5162354111671448,0.009646385908126831,1.1640390157699585,1.368384838104248,1.5650033950805664,0.23023611307144165,0.4231576919555664,-1.119155764579773,-0.39671117067337036,-0.21219776570796967,0.0561937615275383,1.2281473875045776,1.7279255390167236,2.0123953819274902,0.4615868926048279,0.45454326272010803,0.00039442229899577796,0.009411867707967758,0.02399277128279209,0.31967175006866455,1.4102948904037476,1.8335211277008057,2.020930051803589,0.08585122227668762,0.4245356321334839,-1.5018327236175537,-1.2213619947433472,-0.5162354111671448,0.009646385908126831,1.1640390157699585,1.368384838104248,1.5650033950805664,0.23023611307144165,0.4231576919555664,-1.119155764579773,-0.39671117067337036,-0.21219776570796967,0.0561937615275383,1.2281473875045776,1.7279255390167236,2.0123953819274902,0.4615868926048279,0.45454326272010803,0.00039442229899577796,0.009411867707967758,0.02399277128279209,0.31967175006866455,1.4102948904037476,1.8335211277008057,2.020930051803589,0.9992338418960571,0.0013611306203529239,0.9925522804260254,0.9938706755638123,0.9963688850402832,0.9998131990432739,0.999998927116394,0.9999998807907104,1.0,0.9992338418960571,0.0013611306203529239,0.9925522804260254,0.9938706755638123,0.9963688850402832,0.9998131990432739,0.999998927116394,0.9999998807907104,1.0,0.0007661849376745522,0.0013611306203529239,0.0,1.1920928955078125e-07,1.0699041013140231e-06,0.00018683075904846191,0.003631128231063485,0.006129307672381401,0.007447719573974609,0.0007661849376745522,0.0013611306203529239,0.0,1.1920928955078125e-07,1.0699041013140231e-06,0.00018683075904846191,0.003631128231063485,0.006129307672381401,0.007447719573974609
SC-INR,bsd100,101087.png,x4,x2,tanh_signed,2.1,True,0.3898771405220032,4.150390668655746e-05,6.591797136934474e-05,6.591797136934474e-05,0.09085763245820999,0.42182594537734985,-1.467341423034668,-1.1769139766693115,-0.5037776231765747,0.00919272005558014,1.1599435806274414,1.3625468015670776,1.540802001953125,0.2306133657693863,0.416277676820755,-1.1680161952972412,-0.40003737807273865,-0.19549886882305145,0.04613114893436432,1.2155619859695435,1.7140052318572998,2.0192666053771973,0.45135432481765747,0.45710083842277527,0.00031909963581711054,0.0038851352874189615,0.013304137624800205,0.3078755736351013,1.4004367589950562,1.7937722206115723,2.044999361038208,0.09085763245820999,0.42182594537734985,-1.467341423034668,-1.1769139766693115,-0.5037776231765747,0.00919272005558014,1.1599435806274414,1.3625468015670776,1.540802001953125,0.2306133657693863,0.416277676820755,-1.1680161952972412,-0.40003737807273865,-0.19549886882305145,0.04613114893436432,1.2155619859695435,1.7140052318572998,2.0192666053771973,0.45135432481765747,0.45710083842277527,0.00031909963581711054,0.0038851352874189615,0.013304137624800205,0.3078755736351013,1.4004367589950562,1.7937722206115723,2.044999361038208,0.8647347688674927,0.20931078493595123,-0.009334836155176163,0.16026730835437775,0.36981597542762756,0.9615559577941895,0.9999271631240845,0.9999938607215881,1.0,0.8647347688674927,0.20931078493595123,-0.009334836155176163,0.16026730835437775,0.36981597542762756,0.9615559577941895,0.9999271631240845,0.9999938607215881,1.0,0.1352652609348297,0.20931078493595123,0.0,6.150603439891711e-06,7.28189988876693e-05,0.038444072008132935,0.6301836371421814,0.8397327065467834,1.0093348026275635,0.1352652609348297,0.20931078493595123,0.0,6.150603439891711e-06,7.28189988876693e-05,0.038444072008132935,0.6301836371421814,0.8397327065467834,1.0093348026275635
SC-INR,bsd100,101087.png,x4,x3,tanh_signed,2.1,True,0.3898771405220032,4.150390668655746e-05,0.0,0.0,0.09085763245820999,0.42182594537734985,-1.467341423034668,-1.1769139766693115,-0.5037776231765747,0.00919272005558014,1.1599435806274414,1.3625468015670776,1.540802001953125,0.2306133657693863,0.416277676820755,-1.1680161952972412,-0.40003737807273865,-0.19549886882305145,0.04613114893436432,1.2155619859695435,1.7140052318572998,2.0192666053771973,0.45135432481765747,0.45710083842277527,0.00031909963581711054,0.0038851352874189615,0.013304137624800205,0.3078755736351013,1.4004367589950562,1.7937722206115723,2.044999361038208,0.09085763245820999,0.42182594537734985,-1.467341423034668,-1.1769139766693115,-0.5037776231765747,0.00919272005558014,1.1599435806274414,1.3625468015670776,1.540802001953125,0.2306133657693863,0.416277676820755,-1.1680161952972412,-0.40003737807273865,-0.19549886882305145,0.04613114893436432,1.2155619859695435,1.7140052318572998,2.0192666053771973,0.45135432481765747,0.45710083842277527,0.00031909963581711054,0.0038851352874189615,0.013304137624800205,0.3078755736351013,1.4004367589950562,1.7937722206115723,2.044999361038208,0.9320859313011169,0.11295410245656967,0.4001043140888214,0.5252129435539246,0.6783468127250671,0.9827823638916016,0.999967634677887,0.9999972581863403,1.0,0.9320859313011169,0.11295410245656967,0.4001043140888214,0.5252129435539246,0.6783468127250671,0.9827823638916016,0.999967634677887,0.9999972581863403,1.0,0.06791406124830246,0.11295410245656967,0.0,2.7418136596679688e-06,3.2356383599108085e-05,0.017217665910720825,0.3216531574726105,0.4747871160507202,0.599895715713501,0.06791406124830246,0.11295410245656967,0.0,2.7418136596679688e-06,3.2356383599108085e-05,0.017217665910720825,0.3216531574726105,0.4747871160507202,0.599895715713501
SC-INR,bsd100,101087.png,x4,x4,tanh_signed,2.1,True,0.3898771405220032,4.150390668655746e-05,0.0,0.0,0.09085763245820999,0.42182594537734985,-1.467341423034668,-1.1769139766693115,-0.5037776231765747,0.00919272005558014,1.1599435806274414,1.3625468015670776,1.540802001953125,0.2306133657693863,0.416277676820755,-1.1680161952972412,-0.40003737807273865,-0.19549886882305145,0.04613114893436432,1.2155619859695435,1.7140052318572998,2.0192666053771973,0.45135432481765747,0.45710083842277527,0.00031909963581711054,0.0038851352874189615,0.013304137624800205,0.3078755736351013,1.4004367589950562,1.7937722206115723,2.044999361038208,0.09085763245820999,0.42182594537734985,-1.467341423034668,-1.1769139766693115,-0.5037776231765747,0.00919272005558014,1.1599435806274414,1.3625468015670776,1.540802001953125,0.2306133657693863,0.416277676820755,-1.1680161952972412,-0.40003737807273865,-0.19549886882305145,0.04613114893436432,1.2155619859695435,1.7140052318572998,2.0192666053771973,0.45135432481765747,0.45710083842277527,0.00031909963581711054,0.0038851352874189615,0.013304137624800205,0.3078755736351013,1.4004367589950562,1.7937722206115723,2.044999361038208,0.9600374102592468,0.06828387081623077,0.6261529326438904,0.7065250277519226,0.8102661967277527,0.9902890920639038,0.9999818205833435,0.9999984502792358,1.0,0.9600374102592468,0.06828387081623077,0.6261529326438904,0.7065250277519226,0.8102661967277527,0.9902890920639038,0.9999818205833435,0.9999984502792358,1.0,0.03996264562010765,0.06828387081623077,0.0,1.5497207641601562e-06,1.8176437151851133e-05,0.009710907936096191,0.1897338181734085,0.2934749722480774,0.3738470673561096,0.03996264562010765,0.06828387081623077,0.0,1.5497207641601562e-06,1.8176437151851133e-05,0.009710907936096191,0.1897338181734085,0.2934749722480774,0.3738470673561096
SC-INR,bsd100,101087.png,x4,x6,tanh_signed,2.1,True,0.3898771405220032,4.150390668655746e-05,0.0,0.0,0.09085763245820999,0.42182594537734985,-1.467341423034668,-1.1769139766693115,-0.5037776231765747,0.00919272005558014,1.1599435806274414,1.3625468015670776,1.540802001953125,0.2306133657693863,0.416277676820755,-1.1680161952972412,-0.40003737807273865,-0.19549886882305145,0.04613114893436432,1.2155619859695435,1.7140052318572998,2.0192666053771973,0.45135432481765747,0.45710083842277527,0.00031909963581711054,0.0038851352874189615,0.013304137624800205,0.3078755736351013,1.4004367589950562,1.7937722206115723,2.044999361038208,0.09085763245820999,0.42182594537734985,-1.467341423034668,-1.1769139766693115,-0.5037776231765747,0.00919272005558014,1.1599435806274414,1.3625468015670776,1.540802001953125,0.2306133657693863,0.416277676820755,-1.1680161952972412,-0.40003737807273865,-0.19549886882305145,0.04613114893436432,1.2155619859695435,1.7140052318572998,2.0192666053771973,0.45135432481765747,0.45710083842277527,0.00031909963581711054,0.0038851352874189615,0.013304137624800205,0.3078755736351013,1.4004367589950562,1.7937722206115723,2.044999361038208,0.981643557548523,0.031991928815841675,0.8210179209709167,0.8605295419692993,0.9127746224403381,0.9956752061843872,0.9999918937683105,0.9999993443489075,1.0,0.981643557548523,0.031991928815841675,0.8210179209709167,0.8605295419692993,0.9127746224403381,0.9956752061843872,0.9999918937683105,0.9999993443489075,1.0,0.018356356769800186,0.031991928815841675,0.0,6.556510925292969e-07,8.103252184810117e-06,0.004324764013290405,0.08722534775733948,0.13947045803070068,0.17898207902908325,0.018356356769800186,0.031991928815841675,0.0,6.556510925292969e-07,8.103252184810117e-06,0.004324764013290405,0.08722534775733948,0.13947045803070068,0.17898207902908325
SC-INR,bsd100,101087.png,x4,x8,tanh_signed,2.1,True,0.3898771405220032,4.150390668655746e-05,0.0,0.0,0.09085763245820999,0.42182594537734985,-1.467341423034668,-1.1769139766693115,-0.5037776231765747,0.00919272005558014,1.1599435806274414,1.3625468015670776,1.540802001953125,0.2306133657693863,0.416277676820755,-1.1680161952972412,-0.40003737807273865,-0.19549886882305145,0.04613114893436432,1.2155619859695435,1.7140052318572998,2.0192666053771973,0.45135432481765747,0.45710083842277527,0.00031909963581711054,0.0038851352874189615,0.013304137624800205,0.3078755736351013,1.4004367589950562,1.7937722206115723,2.044999361038208,0.09085763245820999,0.42182594537734985,-1.467341423034668,-1.1769139766693115,-0.5037776231765747,0.00919272005558014,1.1599435806274414,1.3625468015670776,1.540802001953125,0.2306133657693863,0.416277676820755,-1.1680161952972412,-0.40003737807273865,-0.19549886882305145,0.04613114893436432,1.2155619859695435,1.7140052318572998,2.0192666053771973,0.45135432481765747,0.45710083842277527,0.00031909963581711054,0.0038851352874189615,0.013304137624800205,0.3078755736351013,1.4004367589950562,1.7937722206115723,2.044999361038208,0.9895531535148621,0.01833522878587246,0.8964008092880249,0.919796347618103,0.9503523111343384,0.997565746307373,0.9999954700469971,0.9999995827674866,1.0,0.9895531535148621,0.01833522878587246,0.8964008092880249,0.919796347618103,0.9503523111343384,0.997565746307373,0.9999954700469971,0.9999995827674866,1.0,0.010446852073073387,0.01833522878587246,0.0,4.172325134277344e-07,4.5299530029296875e-06,0.002434253692626953,0.04964768514037132,0.08020367473363876,0.1035991907119751,0.010446852073073387,0.01833522878587246,0.0,4.172325134277344e-07,4.5299530029296875e-06,0.002434253692626953,0.04964768514037132,0.08020367473363876,0.1035991907119751
SC-INR,bsd100,101087.png,x4,x12,tanh_signed,2.1,True,0.3898771405220032,4.150390668655746e-05,0.0,0.0,0.09085763245820999,0.42182594537734985,-1.467341423034668,-1.1769139766693115,-0.5037776231765747,0.00919272005558014,1.1599435806274414,1.3625468015670776,1.540802001953125,0.2306133657693863,0.416277676820755,-1.1680161952972412,-0.40003737807273865,-0.19549886882305145,0.04613114893436432,1.2155619859695435,1.7140052318572998,2.0192666053771973,0.45135432481765747,0.45710083842277527,0.00031909963581711054,0.0038851352874189615,0.013304137624800205,0.3078755736351013,1.4004367589950562,1.7937722206115723,2.044999361038208,0.09085763245820999,0.42182594537734985,-1.467341423034668,-1.1769139766693115,-0.5037776231765747,0.00919272005558014,1.1599435806274414,1.3625468015670776,1.540802001953125,0.2306133657693863,0.416277676820755,-1.1680161952972412,-0.40003737807273865,-0.19549886882305145,0.04613114893436432,1.2155619859695435,1.7140052318572998,2.0192666053771973,0.45135432481765747,0.45710083842277527,0.00031909963581711054,0.0038851352874189615,0.013304137624800205,0.3078755736351013,1.4004367589950562,1.7937722206115723,2.044999361038208,0.995317816734314,0.008259231224656105,0.9530041813850403,0.9637282490730286,0.9777473211288452,0.9989176988601685,0.9999979734420776,0.9999998211860657,1.0,0.995317816734314,0.008259231224656105,0.9530041813850403,0.9637282490730286,0.9777473211288452,0.9989176988601685,0.9999979734420776,0.9999998211860657,1.0,0.004682200960814953,0.008259231224656105,0.0,1.7881393432617188e-07,2.0265579223632812e-06,0.0010823309421539307,0.022252656519412994,0.03627176582813263,0.04699581861495972,0.004682200960814953,0.008259231224656105,0.0,1.7881393432617188e-07,2.0265579223632812e-06,0.0010823309421539307,0.022252656519412994,0.03627176582813263,0.04699581861495972
SC-INR,bsd100,101087.png,x4,x16,tanh_signed,2.1,True,0.3898771405220032,4.150390668655746e-05,0.0,0.0,0.09085763245820999,0.42182594537734985,-1.467341423034668,-1.1769139766693115,-0.5037776231765747,0.00919272005558014,1.1599435806274414,1.3625468015670776,1.540802001953125,0.2306133657693863,0.416277676820755,-1.1680161952972412,-0.40003737807273865,-0.19549886882305145,0.04613114893436432,1.2155619859695435,1.7140052318572998,2.0192666053771973,0.45135432481765747,0.45710083842277527,0.00031909963581711054,0.0038851352874189615,0.013304137624800205,0.3078755736351013,1.4004367589950562,1.7937722206115723,2.044999361038208,0.09085763245820999,0.42182594537734985,-1.467341423034668,-1.1769139766693115,-0.5037776231765747,0.00919272005558014,1.1599435806274414,1.3625468015670776,1.540802001953125,0.2306133657693863,0.416277676820755,-1.1680161952972412,-0.40003737807273865,-0.19549886882305145,0.04613114893436432,1.2155619859695435,1.7140052318572998,2.0192666053771973,0.45135432481765747,0.45710083842277527,0.00031909963581711054,0.0038851352874189615,0.013304137624800205,0.3078755736351013,1.4004367589950562,1.7937722206115723,2.044999361038208,0.9973584413528442,0.004667789209634066,0.9733749032020569,0.9794788956642151,0.9874459505081177,0.9993910789489746,0.9999988675117493,0.9999998807907104,1.0,0.9973584413528442,0.004667789209634066,0.9733749032020569,0.9794788956642151,0.9874459505081177,0.9993910789489746,0.9999988675117493,0.9999998807907104,1.0,0.0026415151078253984,0.004667789209634066,0.0,1.1920928955078125e-07,1.1324882507324219e-06,0.0006089210510253906,0.012554071843624115,0.02052113227546215,0.026625096797943115,0.0026415151078253984,0.004667789209634066,0.0,1.1920928955078125e-07,1.1324882507324219e-06,0.0006089210510253906,0.012554071843624115,0.02052113227546215,0.026625096797943115
SC-INR,bsd100,101087.png,x4,x24,tanh_signed,2.1,True,0.3898771405220032,4.150390668655746e-05,0.0,0.0,0.09085763245820999,0.42182594537734985,-1.467341423034668,-1.1769139766693115,-0.5037776231765747,0.00919272005558014,1.1599435806274414,1.3625468015670776,1.540802001953125,0.2306133657693863,0.416277676820755,-1.1680161952972412,-0.40003737807273865,-0.19549886882305145,0.04613114893436432,1.2155619859695435,1.7140052318572998,2.0192666053771973,0.45135432481765747,0.45710083842277527,0.00031909963581711054,0.0038851352874189615,0.013304137624800205,0.3078755736351013,1.4004367589950562,1.7937722206115723,2.044999361038208,0.09085763245820999,0.42182594537734985,-1.467341423034668,-1.1769139766693115,-0.5037776231765747,0.00919272005558014,1.1599435806274414,1.3625468015670776,1.540802001953125,0.2306133657693863,0.416277676820755,-1.1680161952972412,-0.40003737807273865,-0.19549886882305145,0.04613114893436432,1.2155619859695435,1.7140052318572998,2.0192666053771973,0.45135432481765747,0.45710083842277527,0.00031909963581711054,0.0038851352874189615,0.013304137624800205,0.3078755736351013,1.4004367589950562,1.7937722206115723,2.044999361038208,0.9988235831260681,0.002081586280837655,0.9881057739257812,0.9908440113067627,0.9944086074829102,0.999729335308075,0.9999995231628418,1.0,1.0,0.9988235831260681,0.002081586280837655,0.9881057739257812,0.9908440113067627,0.9944086074829102,0.999729335308075,0.9999995231628418,1.0,1.0,0.001176484627649188,0.002081586280837655,0.0,0.0,4.76837158203125e-07,0.00027066469192504883,0.005591420456767082,0.009155976586043835,0.01189422607421875,0.001176484627649188,0.002081586280837655,0.0,0.0,4.76837158203125e-07,0.00027066469192504883,0.005591420456767082,0.009155976586043835,0.01189422607421875
SC-INR,bsd100,101087.png,x4,x30,tanh_signed,2.1,True,0.3898771405220032,4.150390668655746e-05,0.0,0.0,0.09085763245820999,0.42182594537734985,-1.467341423034668,-1.1769139766693115,-0.5037776231765747,0.00919272005558014,1.1599435806274414,1.3625468015670776,1.540802001953125,0.2306133657693863,0.416277676820755,-1.1680161952972412,-0.40003737807273865,-0.19549886882305145,0.04613114893436432,1.2155619859695435,1.7140052318572998,2.0192666053771973,0.45135432481765747,0.45710083842277527,0.00031909963581711054,0.0038851352874189615,0.013304137624800205,0.3078755736351013,1.4004367589950562,1.7937722206115723,2.044999361038208,0.09085763245820999,0.42182594537734985,-1.467341423034668,-1.1769139766693115,-0.5037776231765747,0.00919272005558014,1.1599435806274414,1.3625468015670776,1.540802001953125,0.2306133657693863,0.416277676820755,-1.1680161952972412,-0.40003737807273865,-0.19549886882305145,0.04613114893436432,1.2155619859695435,1.7140052318572998,2.0192666053771973,0.45135432481765747,0.45710083842277527,0.00031909963581711054,0.0038851352874189615,0.013304137624800205,0.3078755736351013,1.4004367589950562,1.7937722206115723,2.044999361038208,0.9992465376853943,0.001333512831479311,0.9923765063285828,0.9941326975822449,0.996419370174408,0.9998267889022827,0.9999997019767761,1.0,1.0,0.9992465376853943,0.001333512831479311,0.9923765063285828,0.9941326975822449,0.996419370174408,0.9998267889022827,0.9999997019767761,1.0,1.0,0.000753408414311707,0.001333512831479311,0.0,0.0,2.980232238769531e-07,0.00017321109771728516,0.003580628428608179,0.005867281928658485,0.007623493671417236,0.000753408414311707,0.001333512831479311,0.0,0.0,2.980232238769531e-07,0.00017321109771728516,0.003580628428608179,0.005867281928658485,0.007623493671417236
SC-INR,bsd100,102061.png,x4,x2,tanh_signed,2.1,True,0.3964237570762634,4.394531424622983e-05,7.486979302484542e-05,7.486979302484542e-05,0.08902153372764587,0.4235372543334961,-1.4966386556625366,-1.1976878643035889,-0.5135331749916077,0.007615657057613134,1.1661304235458374,1.3516936302185059,1.5394279956817627,0.2287558913230896,0.41962695121765137,-0.9680209159851074,-0.3943726122379303,-0.18941661715507507,0.04610459506511688,1.2273614406585693,1.7095160484313965,2.0150814056396484,0.45400312542915344,0.4578273594379425,0.0003953210834879428,0.00665859691798687,0.01612638495862484,0.3073785901069641,1.4019776582717896,1.8016465902328491,2.065537214279175,0.08902153372764587,0.4235372543334961,-1.4966386556625366,-1.1976878643035889,-0.5135331749916077,0.007615657057613134,1.1661304235458374,1.3516936302185059,1.5394279956817627,0.2287558913230896,0.41962695121765137,-0.9680209159851074,-0.3943726122379303,-0.18941661715507507,0.04610459506511688,1.2273614406585693,1.7095160484313965,2.0150814056396484,0.45400312542915344,0.4578273594379425,0.0003953210834879428,0.00665859691798687,0.01612638495862484,0.3073785901069641,1.4019776582717896,1.8016465902328491,2.065537214279175,0.8639989495277405,0.21024970710277557,-0.007471363991498947,0.16008014976978302,0.36851516366004944,0.9616886377334595,0.999893069267273,0.999981701374054,0.9999998807907104,0.8639989495277405,0.21024970710277557,-0.007471363991498947,0.16008014976978302,0.36851516366004944,0.9616886377334595,0.999893069267273,0.999981701374054,0.9999998807907104,0.13600106537342072,0.21024970710277557,1.1920928955078125e-07,1.8298625946044922e-05,0.00010691583156585693,0.03831136226654053,0.6314848065376282,0.8399198651313782,1.0074713230133057,0.13600106537342072,0.21024970710277557,1.1920928955078125e-07,1.8298625946044922e-05,0.00010691583156585693,0.03831136226654053,0.6314848065376282,0.8399198651313782,1.0074713230133057
SC-INR,bsd100,102061.png,x4,x3,tanh_signed,2.1,True,0.3964237570762634,4.394531424622983e-05,0.0,0.0,0.08902153372764587,0.4235372543334961,-1.4966386556625366,-1.1976878643035889,-0.5135331749916077,0.007615657057613134,1.1661304235458374,1.3516936302185059,1.5394279956817627,0.2287558913230896,0.41962695121765137,-0.9680209159851074,-0.3943726122379303,-0.18941661715507507,0.04610459506511688,1.2273614406585693,1.7095160484313965,2.0150814056396484,0.45400312542915344,0.4578273594379425,0.0003953210834879428,0.00665859691798687,0.01612638495862484,0.3073785901069641,1.4019776582717896,1.8016465902328491,2.065537214279175,0.08902153372764587,0.4235372543334961,-1.4966386556625366,-1.1976878643035889,-0.5135331749916077,0.007615657057613134,1.1661304235458374,1.3516936302185059,1.5394279956817627,0.2287558913230896,0.41962695121765137,-0.9680209159851074,-0.3943726122379303,-0.18941661715507507,0.04610459506511688,1.2273614406585693,1.7095160484313965,2.0150814056396484,0.45400312542915344,0.4578273594379425,0.0003953210834879428,0.00665859691798687,0.01612638495862484,0.3073785901069641,1.4019776582717896,1.8016465902328491,2.065537214279175,0.9316522479057312,0.11374612152576447,0.40631383657455444,0.5233337879180908,0.6782370805740356,0.9828325510025024,0.999952495098114,0.9999918937683105,1.0,0.9316522479057312,0.11374612152576447,0.40631383657455444,0.5233337879180908,0.6782370805740356,0.9828325510025024,0.999952495098114,0.9999918937683105,1.0,0.06834784895181656,0.11374612152576447,0.0,8.106231689453125e-06,4.750192238134332e-05,0.017167478799819946,0.32176265120506287,0.47666627168655396,0.5936861634254456,0.06834784895181656,0.11374612152576447,0.0,8.106231689453125e-06,4.750192238134332e-05,0.017167478799819946,0.32176265120506287,0.47666627168655396,0.5936861634254456
SC-INR,bsd100,102061.png,x4,x4,tanh_signed,2.1,True,0.3964237570762634,4.394531424622983e-05,0.0,0.0,0.08902153372764587,0.4235372543334961,-1.4966386556625366,-1.1976878643035889,-0.5135331749916077,0.007615657057613134,1.1661304235458374,1.3516936302185059,1.5394279956817627,0.2287558913230896,0.41962695121765137,-0.9680209159851074,-0.3943726122379303,-0.18941661715507507,0.04610459506511688,1.2273614406585693,1.7095160484313965,2.0150814056396484,0.45400312542915344,0.4578273594379425,0.0003953210834879428,0.00665859691798687,0.01612638495862484,0.3073785901069641,1.4019776582717896,1.8016465902328491,2.065537214279175,0.08902153372764587,0.4235372543334961,-1.4966386556625366,-1.1976878643035889,-0.5135331749916077,0.007615657057613134,1.1661304235458374,1.3516936302185059,1.5394279956817627,0.2287558913230896,0.41962695121765137,-0.9680209159851074,-0.3943726122379303,-0.18941661715507507,0.04610459506511688,1.2273614406585693,1.7095160484313965,2.0150814056396484,0.45400312542915344,0.4578273594379425,0.0003953210834879428,0.00665859691798687,0.01612638495862484,0.3073785901069641,1.4019776582717896,1.8016465902328491,2.065537214279175,0.9597652554512024,0.06883562356233597,0.6314775943756104,0.7060754299163818,0.8099763989448547,0.9903174042701721,0.9999732971191406,0.9999954700469971,1.0,0.9597652554512024,0.06883562356233597,0.6314775943756104,0.7060754299163818,0.8099763989448547,0.9903174042701721,0.9999732971191406,0.9999954700469971,1.0,0.04023471847176552,0.06883562356233597,0.0,4.541278030956164e-06,2.6696921850088984e-05,0.00968259572982788,0.1900230050086975,0.29392462968826294,0.36852240562438965,0.04023471847176552,0.06883562356233597,0.0,4.541278030956164e-06,2.6696921850088984e-05,0.00968259572982788,0.1900230050086975,0.29392462968826294,0.36852240562438965
SC-INR,bsd100,102061.png,x4,x6,tanh_signed,2.1,True,0.3964237570762634,4.394531424622983e-05,0.0,0.0,0.08902153372764587,0.4235372543334961,-1.4966386556625366,-1.1976878643035889,-0.5135331749916077,0.007615657057613134,1.1661304235458374,1.3516936302185059,1.5394279956817627,0.2287558913230896,0.41962695121765137,-0.9680209159851074,-0.3943726122379303,-0.18941661715507507,0.04610459506511688,1.2273614406585693,1.7095160484313965,2.0150814056396484,0.45400312542915344,0.4578273594379425,0.0003953210834879428,0.00665859691798687,0.01612638495862484,0.3073785901069641,1.4019776582717896,1.8016465902328491,2.065537214279175,0.08902153372764587,0.4235372543334961,-1.4966386556625366,-1.1976878643035889,-0.5135331749916077,0.007615657057613134,1.1661304235458374,1.3516936302185059,1.5394279956817627,0.2287558913230896,0.41962695121765137,-0.9680209159851074,-0.3943726122379303,-0.18941661715507507,0.04610459506511688,1.2273614406585693,1.7095160484313965,2.0150814056396484,0.45400312542915344,0.4578273594379425,0.0003953210834879428,0.00665859691798687,0.01612638495862484,0.3073785901069641,1.4019776582717896,1.8016465902328491,2.065537214279175,0.9815126061439514,0.03227661922574043,0.8196317553520203,0.8598889112472534,0.9126087427139282,0.9956889152526855,0.9999881386756897,0.9999979734420776,1.0,0.9815126061439514,0.03227661922574043,0.8196317553520203,0.8598889112472534,0.9126087427139282,0.9956889152526855,0.9999881386756897,0.9999979734420776,1.0,0.01848740130662918,0.03227661922574043,0.0,2.0265579223632812e-06,1.1861324310302734e-05,0.004311054944992065,0.08739098161458969,0.14011108875274658,0.18036824464797974,0.01848740130662918,0.03227661922574043,0.0,2.0265579223632812e-06,1.1861324310302734e-05,0.004311054944992065,0.08739098161458969,0.14011108875274658,0.18036824464797974
SC-INR,bsd100,102061.png,x4,x8,tanh_signed,2.1,True,0.3964237570762634,4.394531424622983e-05,0.0,0.0,0.08902153372764587,0.4235372543334961,-1.4966386556625366,-1.1976878643035889,-0.5135331749916077,0.007615657057613134,1.1661304235458374,1.3516936302185059,1.5394279956817627,0.2287558913230896,0.41962695121765137,-0.9680209159851074,-0.3943726122379303,-0.18941661715507507,0.04610459506511688,1.2273614406585693,1.7095160484313965,2.0150814056396484,0.45400312542915344,0.4578273594379425,0.0003953210834879428,0.00665859691798687,0.01612638495862484,0.3073785901069641,1.4019776582717896,1.8016465902328491,2.065537214279175,0.08902153372764587,0.4235372543334961,-1.4966386556625366,-1.1976878643035889,-0.5135331749916077,0.007615657057613134,1.1661304235458374,1.3516936302185059,1.5394279956817627,0.2287558913230896,0.41962695121765137,-0.9680209159851074,-0.3943726122379303,-0.18941661715507507,0.04610459506511688,1.2273614406585693,1.7095160484313965,2.0150814056396484,0.45400312542915344,0.4578273594379425,0.0003953210834879428,0.00665859691798687,0.01612638495862484,0.3073785901069641,1.4019776582717896,1.8016465902328491,2.065537214279175,0.989477276802063,0.018503833562135696,0.895039975643158,0.9192441701889038,0.9502513408660889,0.9975736141204834,0.9999933242797852,0.9999988675117493,1.0,0.989477276802063,0.018503833562135696,0.895039975643158,0.9192441701889038,0.9502513408660889,0.9975736141204834,0.9999933242797852,0.9999988675117493,1.0,0.010522705502808094,0.018503833562135696,0.0,1.1324882507324219e-06,6.67572021484375e-06,0.002426356077194214,0.04974852874875069,0.08075583726167679,0.10496002435684204,0.010522705502808094,0.018503833562135696,0.0,1.1324882507324219e-06,6.67572021484375e-06,0.002426356077194214,0.04974852874875069,0.08075583726167679,0.10496002435684204
SC-INR,bsd100,102061.png,x4,x12,tanh_signed,2.1,True,0.3964237570762634,4.394531424622983e-05,0.0,0.0,0.08902153372764587,0.4235372543334961,-1.4966386556625366,-1.1976878643035889,-0.5135331749916077,0.007615657057613134,1.1661304235458374,1.3516936302185059,1.5394279956817627,0.2287558913230896,0.41962695121765137,-0.9680209159851074,-0.3943726122379303,-0.18941661715507507,0.04610459506511688,1.2273614406585693,1.7095160484313965,2.0150814056396484,0.45400312542915344,0.4578273594379425,0.0003953210834879428,0.00665859691798687,0.01612638495862484,0.3073785901069641,1.4019776582717896,1.8016465902328491,2.065537214279175,0.08902153372764587,0.4235372543334961,-1.4966386556625366,-1.1976878643035889,-0.5135331749916077,0.007615657057613134,1.1661304235458374,1.3516936302185059,1.5394279956817627,0.2287558913230896,0.41962695121765137,-0.9680209159851074,-0.3943726122379303,-0.18941661715507507,0.04610459506511688,1.2273614406585693,1.7095160484313965,2.0150814056396484,0.45400312542915344,0.4578273594379425,0.0003953210834879428,0.00665859691798687,0.01612638495862484,0.3073785901069641,1.4019776582717896,1.8016465902328491,2.065537214279175,0.9952834248542786,0.008336959406733513,0.9522035717964172,0.9634432792663574,0.9776999354362488,0.9989211559295654,0.9999970197677612,0.9999995231628418,1.0,0.9952834248542786,0.008336959406733513,0.9522035717964172,0.9634432792663574,0.9776999354362488,0.9989211559295654,0.9999970197677612,0.9999995231628418,1.0,0.004716614261269569,0.008336959406733513,0.0,4.76837158203125e-07,2.9802322387695312e-06,0.001078873872756958,0.022299977019429207,0.03655673936009407,0.047796428203582764,0.004716614261269569,0.008336959406733513,0.0,4.76837158203125e-07,2.9802322387695312e-06,0.001078873872756958,0.022299977019429207,0.03655673936009407,0.047796428203582764
SC-INR,bsd100,102061.png,x4,x16,tanh_signed,2.1,True,0.3964237570762634,4.394531424622983e-05,0.0,0.0,0.08902153372764587,0.4235372543334961,-1.4966386556625366,-1.1976878643035889,-0.5135331749916077,0.007615657057613134,1.1661304235458374,1.3516936302185059,1.5394279956817627,0.2287558913230896,0.41962695121765137,-0.9680209159851074,-0.3943726122379303,-0.18941661715507507,0.04610459506511688,1.2273614406585693,1.7095160484313965,2.0150814056396484,0.45400312542915344,0.4578273594379425,0.0003953210834879428,0.00665859691798687,0.01612638495862484,0.3073785901069641,1.4019776582717896,1.8016465902328491,2.065537214279175,0.08902153372764587,0.4235372543334961,-1.4966386556625366,-1.1976878643035889,-0.5135331749916077,0.007615657057613134,1.1661304235458374,1.3516936302185059,1.5394279956817627,0.2287558913230896,0.41962695121765137,-0.9680209159851074,-0.3943726122379303,-0.18941661715507507,0.04610459506511688,1.2273614406585693,1.7095160484313965,2.0150814056396484,0.45400312542915344,0.4578273594379425,0.0003953210834879428,0.00665859691798687,0.01612638495862484,0.3073785901069641,1.4019776582717896,1.8016465902328491,2.065537214279175,0.9973390102386475,0.00471207220107317,0.9728846549987793,0.9793031215667725,0.9874186515808105,0.9993929862976074,0.9999983310699463,0.9999997019767761,1.0,0.9973390102386475,0.00471207220107317,0.9728846549987793,0.9793031215667725,0.9874186515808105,0.9993929862976074,0.9999983310699463,0.9999997019767761,1.0,0.0026610135100781918,0.00471207220107317,0.0,2.980232238769531e-07,1.6689300537109375e-06,0.0006070137023925781,0.012581299059092999,0.02069689705967903,0.027115345001220703,0.0026610135100781918,0.00471207220107317,0.0,2.980232238769531e-07,1.6689300537109375e-06,0.0006070137023925781,0.012581299059092999,0.02069689705967903,0.027115345001220703
SC-INR,bsd100,102061.png,x4,x24,tanh_signed,2.1,True,0.3964237570762634,4.394531424622983e-05,0.0,0.0,0.08902153372764587,0.4235372543334961,-1.4966386556625366,-1.1976878643035889,-0.5135331749916077,0.007615657057613134,1.1661304235458374,1.3516936302185059,1.5394279956817627,0.2287558913230896,0.41962695121765137,-0.9680209159851074,-0.3943726122379303,-0.18941661715507507,0.04610459506511688,1.2273614406585693,1.7095160484313965,2.0150814056396484,0.45400312542915344,0.4578273594379425,0.0003953210834879428,0.00665859691798687,0.01612638495862484,0.3073785901069641,1.4019776582717896,1.8016465902328491,2.065537214279175,0.08902153372764587,0.4235372543334961,-1.4966386556625366,-1.1976878643035889,-0.5135331749916077,0.007615657057613134,1.1661304235458374,1.3516936302185059,1.5394279956817627,0.2287558913230896,0.41962695121765137,-0.9680209159851074,-0.3943726122379303,-0.18941661715507507,0.04610459506511688,1.2273614406585693,1.7095160484313965,2.0150814056396484,0.45400312542915344,0.4578273594379425,0.0003953210834879428,0.00665859691798687,0.01612638495862484,0.3073785901069641,1.4019776582717896,1.8016465902328491,2.065537214279175,0.9988148212432861,0.002101448131725192,0.9878751635551453,0.9907617568969727,0.9943963289260864,0.999730110168457,0.9999992847442627,0.9999998807907104,1.0,0.9988148212432861,0.002101448131725192,0.9878751635551453,0.9907617568969727,0.9943963289260864,0.999730110168457,0.9999992847442627,0.9999998807907104,1.0,0.0011851958697661757,0.002101448131725192,0.0,1.1920928955078125e-07,7.152557373046875e-07,0.00026986002922058105,0.005603651516139507,0.009238258004188538,0.012124836444854736,0.0011851958697661757,0.002101448131725192,0.0,1.1920928955078125e-07,7.152557373046875e-07,0.00026986002922058105,0.005603651516139507,0.009238258004188538,0.012124836444854736
SC-INR,bsd100,102061.png,x4,x30,tanh_signed,2.1,True,0.3964237570762634,4.394531424622983e-05,0.0,0.0,0.08902153372764587,0.4235372543334961,-1.4966386556625366,-1.1976878643035889,-0.5135331749916077,0.007615657057613134,1.1661304235458374,1.3516936302185059,1.5394279956817627,0.2287558913230896,0.41962695121765137,-0.9680209159851074,-0.3943726122379303,-0.18941661715507507,0.04610459506511688,1.2273614406585693,1.7095160484313965,2.0150814056396484,0.45400312542915344,0.4578273594379425,0.0003953210834879428,0.00665859691798687,0.01612638495862484,0.3073785901069641,1.4019776582717896,1.8016465902328491,2.065537214279175,0.08902153372764587,0.4235372543334961,-1.4966386556625366,-1.1976878643035889,-0.5135331749916077,0.007615657057613134,1.1661304235458374,1.3516936302185059,1.5394279956817627,0.2287558913230896,0.41962695121765137,-0.9680209159851074,-0.3943726122379303,-0.18941661715507507,0.04610459506511688,1.2273614406585693,1.7095160484313965,2.0150814056396484,0.45400312542915344,0.4578273594379425,0.0003953210834879428,0.00665859691798687,0.01612638495862484,0.3073785901069641,1.4019776582717896,1.8016465902328491,2.065537214279175,0.9992409944534302,0.0013462570495903492,0.9922264814376831,0.9940798878669739,0.9964115023612976,0.9998272657394409,0.9999995231628418,0.9999999403953552,1.0,0.9992409944534302,0.0013462570495903492,0.9922264814376831,0.9940798878669739,0.9964115023612976,0.9998272657394409,0.9999995231628418,0.9999999403953552,1.0,0.000758990878239274,0.0013462570495903492,0.0,5.960464477539063e-08,4.76837158203125e-07,0.00017273426055908203,0.003588469000533223,0.005920142401009798,0.0077735185623168945,0.000758990878239274,0.0013462570495903492,0.0,5.960464477539063e-08,4.76837158203125e-07,0.00017273426055908203,0.003588469000533223,0.005920142401009798,0.0077735185623168945
SC-INR,urban100,img_001.png,x4,x2,tanh_signed,2.1,True,0.40652990341186523,5.620162846753374e-05,8.81408341228962e-05,8.81408341228962e-05,0.33657726645469666,0.48960068821907043,-0.7466421127319336,-0.20821607112884521,-0.1112203374505043,0.11754412949085236,1.344021201133728,1.4091907739639282,1.5613735914230347,-0.024979175999760628,0.14570918679237366,-0.9821374416351318,-0.36347106099128723,-0.2737051844596863,-0.020783450454473495,0.3290095031261444,0.3660911023616791,0.6368111968040466,0.42486295104026794,0.4408397674560547,0.00042008314630948007,0.008048421703279018,0.021818213164806366,0.26470649242401123,1.349044680595398,1.4169021844863892,1.573467493057251,0.33657726645469666,0.48960068821907043,-0.7466421127319336,-0.20821607112884521,-0.1112203374505043,0.11754412949085236,1.344021201133728,1.4091907739639282,1.5613735914230347,-0.024979175999760628,0.14570918679237366,-0.9821374416351318,-0.36347106099128723,-0.2737051844596863,-0.020783450454473495,0.3290095031261444,0.3660911023616791,0.6368111968040466,0.42486295104026794,0.4408397674560547,0.00042008314630948007,0.008048421703279018,0.021818213164806366,0.26470649242401123,1.349044680595398,1.4169021844863892,1.573467493057251,0.8695340752601624,0.20160174369812012,0.255196213722229,0.35856422781944275,0.40385666489601135,0.9714577794075012,0.9998042583465576,0.9999732971191406,0.9999998807907104,0.8695340752601624,0.20160174369812012,0.255196213722229,0.35856422781944275,0.40385666489601135,0.9714577794075012,0.9998042583465576,0.9999732971191406,0.9999998807907104,0.13046585023403168,0.20160174369812012,1.1920928955078125e-07,2.6682615498430096e-05,0.0001957416534423828,0.02854222059249878,0.596143364906311,0.6414357423782349,0.744803786277771,0.13046585023403168,0.20160174369812012,1.1920928955078125e-07,2.6682615498430096e-05,0.0001957416534423828,0.02854222059249878,0.596143364906311,0.6414357423782349,0.744803786277771
SC-INR,urban100,img_001.png,x4,x3,tanh_signed,2.1,True,0.40652990341186523,5.620162846753374e-05,0.0,0.0,0.33657726645469666,0.48960068821907043,-0.7466421127319336,-0.20821607112884521,-0.1112203374505043,0.11754412949085236,1.344021201133728,1.4091907739639282,1.5613735914230347,-0.024979175999760628,0.14570918679237366,-0.9821374416351318,-0.36347106099128723,-0.2737051844596863,-0.020783450454473495,0.3290095031261444,0.3660911023616791,0.6368111968040466,0.42486295104026794,0.4408397674560547,0.00042008314630948007,0.008048421703279018,0.021818213164806366,0.26470649242401123,1.349044680595398,1.4169021844863892,1.573467493057251,0.33657726645469666,0.48960068821907043,-0.7466421127319336,-0.20821607112884521,-0.1112203374505043,0.11754412949085236,1.344021201133728,1.4091907739639282,1.5613735914230347,-0.024979175999760628,0.14570918679237366,-0.9821374416351318,-0.36347106099128723,-0.2737051844596863,-0.020783450454473495,0.3290095031261444,0.3660911023616791,0.6368111968040466,0.42486295104026794,0.4408397674560547,0.00042008314630948007,0.008048421703279018,0.021818213164806366,0.26470649242401123,1.349044680595398,1.4169021844863892,1.573467493057251,0.9364194273948669,0.10070770978927612,0.6061127781867981,0.6718621850013733,0.6992719769477844,0.9872486591339111,0.9999130368232727,0.9999881982803345,1.0,0.9364194273948669,0.10070770978927612,0.6061127781867981,0.6718621850013733,0.6992719769477844,0.9872486591339111,0.9999130368232727,0.9999881982803345,1.0,0.06358055770397186,0.10070770978927612,0.0,1.1801719665527344e-05,8.698106103111058e-05,0.012751370668411255,0.3007279932498932,0.3281378149986267,0.3938872218132019,0.06358055770397186,0.10070770978927612,0.0,1.1801719665527344e-05,8.698106103111058e-05,0.012751370668411255,0.3007279932498932,0.3281378149986267,0.3938872218132019
SC-INR,urban100,img_001.png,x4,x4,tanh_signed,2.1,True,0.40652990341186523,5.620162846753374e-05,0.0,0.0,0.33657726645469666,0.48960068821907043,-0.7466421127319336,-0.20821607112884521,-0.1112203374505043,0.11754412949085236,1.344021201133728,1.4091907739639282,1.5613735914230347,-0.024979175999760628,0.14570918679237366,-0.9821374416351318,-0.36347106099128723,-0.2737051844596863,-0.020783450454473495,0.3290095031261444,0.3660911023616791,0.6368111968040466,0.42486295104026794,0.4408397674560547,0.00042008314630948007,0.008048421703279018,0.021818213164806366,0.26470649242401123,1.349044680595398,1.4169021844863892,1.573467493057251,0.33657726645469666,0.48960068821907043,-0.7466421127319336,-0.20821607112884521,-0.1112203374505043,0.11754412949085236,1.344021201133728,1.4091907739639282,1.5613735914230347,-0.024979175999760628,0.14570918679237366,-0.9821374416351318,-0.36347106099128723,-0.2737051844596863,-0.020783450454473495,0.3290095031261444,0.3660911023616791,0.6368111968040466,0.42486295104026794,0.4408397674560547,0.00042008314630948007,0.008048421703279018,0.021818213164806366,0.26470649242401123,1.349044680595398,1.4169021844863892,1.573467493057251,0.9630517959594727,0.059021998196840286,0.764561116695404,0.8061654567718506,0.8232062458992004,0.9928146004676819,0.9999510645866394,0.9999933242797852,1.0,0.9630517959594727,0.059021998196840286,0.764561116695404,0.8061654567718506,0.8232062458992004,0.9928146004676819,0.9999510645866394,0.9999933242797852,1.0,0.03694824501872063,0.059021998196840286,0.0,6.665587534371298e-06,4.8944355512503535e-05,0.007185399532318115,0.17679372429847717,0.19383452832698822,0.23543888330459595,0.03694824501872063,0.059021998196840286,0.0,6.665587534371298e-06,4.8944355512503535e-05,0.007185399532318115,0.17679372429847717,0.19383452832698822,0.23543888330459595
SC-INR,urban100,img_001.png,x4,x6,tanh_signed,2.1,True,0.40652990341186523,5.620162846753374e-05,0.0,0.0,0.33657726645469666,0.48960068821907043,-0.7466421127319336,-0.20821607112884521,-0.1112203374505043,0.11754412949085236,1.344021201133728,1.4091907739639282,1.5613735914230347,-0.024979175999760628,0.14570918679237366,-0.9821374416351318,-0.36347106099128723,-0.2737051844596863,-0.020783450454473495,0.3290095031261444,0.3660911023616791,0.6368111968040466,0.42486295104026794,0.4408397674560547,0.00042008314630948007,0.008048421703279018,0.021818213164806366,0.26470649242401123,1.349044680595398,1.4169021844863892,1.573467493057251,0.33657726645469666,0.48960068821907043,-0.7466421127319336,-0.20821607112884521,-0.1112203374505043,0.11754412949085236,1.344021201133728,1.4091907739639282,1.5613735914230347,-0.024979175999760628,0.14570918679237366,-0.9821374416351318,-0.36347106099128723,-0.2737051844596863,-0.020783450454473495,0.3290095031261444,0.3660911023616791,0.6368111968040466,0.42486295104026794,0.4408397674560547,0.00042008314630948007,0.008048421703279018,0.021818213164806366,0.26470649242401123,1.349044680595398,1.4169021844863892,1.573467493057251,0.9831903576850891,0.027013666927814484,0.8907254934310913,0.9107908010482788,0.9189109206199646,0.9968019723892212,0.999978244304657,0.9999970197677612,1.0,0.9831903576850891,0.027013666927814484,0.8907254934310913,0.9107908010482788,0.9189109206199646,0.9968019723892212,0.999978244304657,0.9999970197677612,1.0,0.016809655353426933,0.027013666927814484,0.0,2.9802322387695312e-06,2.176463749492541e-05,0.0031980276107788086,0.0810890644788742,0.0892091915011406,0.10927450656890869,0.016809655353426933,0.027013666927814484,0.0,2.9802322387695312e-06,2.176463749492541e-05,0.0031980276107788086,0.0810890644788742,0.0892091915011406,0.10927450656890869
SC-INR,urban100,img_001.png,x4,x8,tanh_signed,2.1,True,0.40652990341186523,5.620162846753374e-05,0.0,0.0,0.33657726645469666,0.48960068821907043,-0.7466421127319336,-0.20821607112884521,-0.1112203374505043,0.11754412949085236,1.344021201133728,1.4091907739639282,1.5613735914230347,-0.024979175999760628,0.14570918679237366,-0.9821374416351318,-0.36347106099128723,-0.2737051844596863,-0.020783450454473495,0.3290095031261444,0.3660911023616791,0.6368111968040466,0.42486295104026794,0.4408397674560547,0.00042008314630948007,0.008048421703279018,0.021818213164806366,0.26470649242401123,1.349044680595398,1.4169021844863892,1.573467493057251,0.33657726645469666,0.48960068821907043,-0.7466421127319336,-0.20821607112884521,-0.1112203374505043,0.11754412949085236,1.344021201133728,1.4091907739639282,1.5613735914230347,-0.024979175999760628,0.14570918679237366,-0.9821374416351318,-0.36347106099128723,-0.2737051844596863,-0.020783450454473495,0.3290095031261444,0.3660911023616791,0.6368111968040466,0.42486295104026794,0.4408397674560547,0.00042008314630948007,0.008048421703279018,0.021818213164806366,0.26470649242401123,1.349044680595398,1.4169021844863892,1.573467493057251,0.9904667735099792,0.01535226684063673,0.9375942945480347,0.9492034316062927,0.9538822770118713,0.9982001781463623,0.999987781047821,0.9999983310699463,1.0,0.9904667735099792,0.01535226684063673,0.9375942945480347,0.9492034316062927,0.9538822770118713,0.9982001781463623,0.999987781047821,0.9999983310699463,1.0,0.009533253498375416,0.01535226684063673,0.0,1.6689300537109375e-06,1.222789433086291e-05,0.0017997920513153076,0.04611773416399956,0.05079657584428787,0.06240570545196533,0.009533253498375416,0.01535226684063673,0.0,1.6689300537109375e-06,1.222789433086291e-05,0.0017997920513153076,0.04611773416399956,0.05079657584428787,0.06240570545196533
SC-INR,urban100,img_001.png,x4,x12,tanh_signed,2.1,True,0.40652990341186523,5.620162846753374e-05,0.0,0.0,0.33657726645469666,0.48960068821907043,-0.7466421127319336,-0.20821607112884521,-0.1112203374505043,0.11754412949085236,1.344021201133728,1.4091907739639282,1.5613735914230347,-0.024979175999760628,0.14570918679237366,-0.9821374416351318,-0.36347106099128723,-0.2737051844596863,-0.020783450454473495,0.3290095031261444,0.3660911023616791,0.6368111968040466,0.42486295104026794,0.4408397674560547,0.00042008314630948007,0.008048421703279018,0.021818213164806366,0.26470649242401123,1.349044680595398,1.4169021844863892,1.573467493057251,0.33657726645469666,0.48960068821907043,-0.7466421127319336,-0.20821607112884521,-0.1112203374505043,0.11754412949085236,1.344021201133728,1.4091907739639282,1.5613735914230347,-0.024979175999760628,0.14570918679237366,-0.9821374416351318,-0.36347106099128723,-0.2737051844596863,-0.020783450454473495,0.3290095031261444,0.3660911023616791,0.6368111968040466,0.42486295104026794,0.4408397674560547,0.00042008314630948007,0.008048421703279018,0.021818213164806366,0.26470649242401123,1.349044680595398,1.4169021844863892,1.573467493057251,0.9957379698753357,0.006873553618788719,0.9719623327255249,0.9772260785102844,0.9793412685394287,0.9991998672485352,0.9999945759773254,0.9999992251396179,1.0,0.9957379698753357,0.006873553618788719,0.9719623327255249,0.9772260785102844,0.9793412685394287,0.9991998672485352,0.9999945759773254,0.9999992251396179,1.0,0.004261906258761883,0.006873553618788719,0.0,7.748603820800781e-07,5.424022674560547e-06,0.0008001029491424561,0.020658712834119797,0.02277393825352192,0.028037667274475098,0.004261906258761883,0.006873553618788719,0.0,7.748603820800781e-07,5.424022674560547e-06,0.0008001029491424561,0.020658712834119797,0.02277393825352192,0.028037667274475098
SC-INR,urban100,img_001.png,x4,x16,tanh_signed,2.1,True,0.40652990341186523,5.620162846753374e-05,0.0,0.0,0.33657726645469666,0.48960068821907043,-0.7466421127319336,-0.20821607112884521,-0.1112203374505043,0.11754412949085236,1.344021201133728,1.4091907739639282,1.5613735914230347,-0.024979175999760628,0.14570918679237366,-0.9821374416351318,-0.36347106099128723,-0.2737051844596863,-0.020783450454473495,0.3290095031261444,0.3660911023616791,0.6368111968040466,0.42486295104026794,0.4408397674560547,0.00042008314630948007,0.008048421703279018,0.021818213164806366,0.26470649242401123,1.349044680595398,1.4169021844863892,1.573467493057251,0.33657726645469666,0.48960068821907043,-0.7466421127319336,-0.20821607112884521,-0.1112203374505043,0.11754412949085236,1.344021201133728,1.4091907739639282,1.5613735914230347,-0.024979175999760628,0.14570918679237366,-0.9821374416351318,-0.36347106099128723,-0.2737051844596863,-0.020783450454473495,0.3290095031261444,0.3660911023616791,0.6368111968040466,0.42486295104026794,0.4408397674560547,0.00042008314630948007,0.008048421703279018,0.021818213164806366,0.26470649242401123,1.349044680595398,1.4169021844863892,1.573467493057251,0.9975978136062622,0.0038763319607824087,0.9841690063476562,0.9871505498886108,0.9883474707603455,0.9995498061180115,0.9999969601631165,0.9999995827674866,1.0,0.9975978136062622,0.0038763319607824087,0.9841690063476562,0.9871505498886108,0.9883474707603455,0.9995498061180115,0.9999969601631165,0.9999995827674866,1.0,0.002402246231213212,0.0038763319607824087,0.0,4.172325134277344e-07,3.039836883544922e-06,0.0004501938819885254,0.011652516201138496,0.012849449180066586,0.01583099365234375,0.002402246231213212,0.0038763319607824087,0.0,4.172325134277344e-07,3.039836883544922e-06,0.0004501938819885254,0.011652516201138496,0.012849449180066586,0.01583099365234375
SC-INR,urban100,img_001.png,x4,x24,tanh_signed,2.1,True,0.40652990341186523,5.620162846753374e-05,0.0,0.0,0.33657726645469666,0.48960068821907043,-0.7466421127319336,-0.20821607112884521,-0.1112203374505043,0.11754412949085236,1.344021201133728,1.4091907739639282,1.5613735914230347,-0.024979175999760628,0.14570918679237366,-0.9821374416351318,-0.36347106099128723,-0.2737051844596863,-0.020783450454473495,0.3290095031261444,0.3660911023616791,0.6368111968040466,0.42486295104026794,0.4408397674560547,0.00042008314630948007,0.008048421703279018,0.021818213164806366,0.26470649242401123,1.349044680595398,1.4169021844863892,1.573467493057251,0.33657726645469666,0.48960068821907043,-0.7466421127319336,-0.20821607112884521,-0.1112203374505043,0.11754412949085236,1.344021201133728,1.4091907739639282,1.5613735914230347,-0.024979175999760628,0.14570918679237366,-0.9821374416351318,-0.36347106099128723,-0.2737051844596863,-0.020783450454473495,0.3290095031261444,0.3660911023616791,0.6368111968040466,0.42486295104026794,0.4408397674560547,0.00042008314630948007,0.008048421703279018,0.021818213164806366,0.26470649242401123,1.349044680595398,1.4169021844863892,1.573467493057251,0.998930811882019,0.0017259828746318817,0.9929450154304504,0.9942767024040222,0.9948108196258545,0.9997999668121338,0.9999986290931702,0.9999998211860657,1.0,0.998930811882019,0.0017259828746318817,0.9929450154304504,0.9942767024040222,0.9948108196258545,0.9997999668121338,0.9999986290931702,0.9999998211860657,1.0,0.0010692317737266421,0.0017259828746318817,0.0,1.7881393432617188e-07,1.3709068298339844e-06,0.00020006299018859863,0.0051891920156776905,0.005723281763494015,0.0070549845695495605,0.0010692317737266421,0.0017259828746318817,0.0,1.7881393432617188e-07,1.3709068298339844e-06,0.00020006299018859863,0.0051891920156776905,0.005723281763494015,0.0070549845695495605
SC-INR,urban100,img_001.png,x4,x30,tanh_signed,2.1,True,0.40652990341186523,5.620162846753374e-05,0.0,0.0,0.33657726645469666,0.48960068821907043,-0.7466421127319336,-0.20821607112884521,-0.1112203374505043,0.11754412949085236,1.344021201133728,1.4091907739639282,1.5613735914230347,-0.024979175999760628,0.14570918679237366,-0.9821374416351318,-0.36347106099128723,-0.2737051844596863,-0.020783450454473495,0.3290095031261444,0.3660911023616791,0.6368111968040466,0.42486295104026794,0.4408397674560547,0.00042008314630948007,0.008048421703279018,0.021818213164806366,0.26470649242401123,1.349044680595398,1.4169021844863892,1.573467493057251,0.33657726645469666,0.48960068821907043,-0.7466421127319336,-0.20821607112884521,-0.1112203374505043,0.11754412949085236,1.344021201133728,1.4091907739639282,1.5613735914230347,-0.024979175999760628,0.14570918679237366,-0.9821374416351318,-0.36347106099128723,-0.2737051844596863,-0.020783450454473495,0.3290095031261444,0.3660911023616791,0.6368111968040466,0.42486295104026794,0.4408397674560547,0.00042008314630948007,0.008048421703279018,0.021818213164806366,0.26470649242401123,1.349044680595398,1.4169021844863892,1.573467493057251,0.9993154406547546,0.0011052145855501294,0.9954812526702881,0.9963347315788269,0.9966771006584167,0.9998719096183777,0.9999991059303284,0.9999998807907104,1.0,0.9993154406547546,0.0011052145855501294,0.9954812526702881,0.9963347315788269,0.9966771006584167,0.9998719096183777,0.9999991059303284,0.9999998807907104,1.0,0.0006845968309789896,0.0011052145855501294,0.0,1.1920928955078125e-07,8.940696716308594e-07,0.00012809038162231445,0.003322896081954241,0.003665280994027853,0.004518747329711914,0.0006845968309789896,0.0011052145855501294,0.0,1.1920928955078125e-07,8.940696716308594e-07,0.00012809038162231445,0.003322896081954241,0.003665280994027853,0.004518747329711914
SC-INR,urban100,img_002.png,x4,x2,tanh_signed,2.1,True,0.3768603801727295,1.6530355424038135e-05,2.4000804842216894e-05,2.4000804842216894e-05,0.05410783737897873,0.4365957975387573,-1.9246089458465576,-1.2862489223480225,-0.5455747246742249,0.017397288233041763,0.9361262321472168,1.4273284673690796,1.7211493253707886,0.22857633233070374,0.4261811077594757,-1.0496331453323364,-0.4464960992336273,-0.22581347823143005,0.07763035595417023,1.2409499883651733,1.751366376876831,1.9748414754867554,0.47222524881362915,0.45213308930397034,0.0003401410358492285,0.011401358991861343,0.02905329316854477,0.32538989186286926,1.433026909828186,1.8289374113082886,2.0474965572357178,0.05410783737897873,0.4365957975387573,-1.9246089458465576,-1.2862489223480225,-0.5455747246742249,0.017397288233041763,0.9361262321472168,1.4273284673690796,1.7211493253707886,0.22857633233070374,0.4261811077594757,-1.0496331453323364,-0.4464960992336273,-0.22581347823143005,0.07763035595417023,1.2409499883651733,1.751366376876831,1.9748414754867554,0.47222524881362915,0.45213308930397034,0.0003401410358492285,0.011401358991861343,0.02905329316854477,0.32538989186286926,1.433026909828186,1.8289374113082886,2.0474965572357178,0.8585191369056702,0.2154911905527115,0.01227839756757021,0.10929834097623825,0.35000020265579224,0.9570944309234619,0.9996529221534729,0.9999465346336365,1.0,0.8585191369056702,0.2154911905527115,0.01227839756757021,0.10929834097623825,0.35000020265579224,0.9570944309234619,0.9996529221534729,0.9999465346336365,1.0,0.14148074388504028,0.2154911905527115,0.0,5.3448675316758454e-05,0.00034710171166807413,0.042905569076538086,0.6500000357627869,0.890701413154602,0.9877216219902039,0.14148074388504028,0.2154911905527115,0.0,5.3448675316758454e-05,0.00034710171166807413,0.042905569076538086,0.6500000357627869,0.890701413154602,0.9877216219902039
SC-INR,urban100,img_002.png,x4,x3,tanh_signed,2.1,True,0.3768603801727295,1.6530355424038135e-05,0.0,0.0,0.05410783737897873,0.4365957975387573,-1.9246089458465576,-1.2862489223480225,-0.5455747246742249,0.017397288233041763,0.9361262321472168,1.4273284673690796,1.7211493253707886,0.22857633233070374,0.4261811077594757,-1.0496331453323364,-0.4464960992336273,-0.22581347823143005,0.07763035595417023,1.2409499883651733,1.751366376876831,1.9748414754867554,0.47222524881362915,0.45213308930397034,0.0003401410358492285,0.011401358991861343,0.02905329316854477,0.32538989186286926,1.433026909828186,1.8289374113082886,2.0474965572357178,0.05410783737897873,0.4365957975387573,-1.9246089458465576,-1.2862489223480225,-0.5455747246742249,0.017397288233041763,0.9361262321472168,1.4273284673690796,1.7211493253707886,0.22857633233070374,0.4261811077594757,-1.0496331453323364,-0.4464960992336273,-0.22581347823143005,0.07763035595417023,1.2409499883651733,1.751366376876831,1.9748414754867554,0.47222524881362915,0.45213308930397034,0.0003401410358492285,0.011401358991861343,0.02905329316854477,0.32538989186286926,1.433026909828186,1.8289374113082886,2.0474965572357178,0.9292832612991333,0.11534566432237625,0.41815823316574097,0.4995415508747101,0.6656389236450195,0.9807753562927246,0.9998456835746765,0.9999762177467346,1.0,0.9292832612991333,0.11534566432237625,0.41815823316574097,0.4995415508747101,0.6656389236450195,0.9807753562927246,0.9998456835746765,0.9999762177467346,1.0,0.07071669399738312,0.11534566432237625,0.0,2.378225326538086e-05,0.00015429258928634226,0.01922464370727539,0.33436110615730286,0.500458300113678,0.581841766834259,0.07071669399738312,0.11534566432237625,0.0,2.378225326538086e-05,0.00015429258928634226,0.01922464370727539,0.33436110615730286,0.500458300113678,0.581841766834259
SC-INR,urban100,img_002.png,x4,x4,tanh_signed,2.1,True,0.3768603801727295,1.6530355424038135e-05,0.0,0.0,0.05410783737897873,0.4365957975387573,-1.9246089458465576,-1.2862489223480225,-0.5455747246742249,0.017397288233041763,0.9361262321472168,1.4273284673690796,1.7211493253707886,0.22857633233070374,0.4261811077594757,-1.0496331453323364,-0.4464960992336273,-0.22581347823143005,0.07763035595417023,1.2409499883651733,1.751366376876831,1.9748414754867554,0.47222524881362915,0.45213308930397034,0.0003401410358492285,0.011401358991861343,0.02905329316854477,0.32538989186286926,1.433026909828186,1.8289374113082886,2.0474965572357178,0.05410783737897873,0.4365957975387573,-1.9246089458465576,-1.2862489223480225,-0.5455747246742249,0.017397288233041763,0.9361262321472168,1.4273284673690796,1.7211493253707886,0.22857633233070374,0.4261811077594757,-1.0496331453323364,-0.4464960992336273,-0.22581347823143005,0.07763035595417023,1.2409499883651733,1.751366376876831,1.9748414754867554,0.47222524881362915,0.45213308930397034,0.0003401410358492285,0.011401358991861343,0.02905329316854477,0.32538989186286926,1.433026909828186,1.8289374113082886,2.0474965572357178,0.9584763646125793,0.06944604218006134,0.6367977261543274,0.6931463479995728,0.8023093938827515,0.989156186580658,0.999913215637207,0.9999866485595703,1.0,0.9584763646125793,0.06944604218006134,0.6367977261543274,0.6931463479995728,0.8023093938827515,0.989156186580658,0.999913215637207,0.9999866485595703,1.0,0.04152362421154976,0.06944604218006134,0.0,1.33514404296875e-05,8.67962880874984e-05,0.010843813419342041,0.19769063591957092,0.30685365200042725,0.3632022738456726,0.04152362421154976,0.06944604218006134,0.0,1.33514404296875e-05,8.67962880874984e-05,0.010843813419342041,0.19769063591957092,0.30685365200042725,0.3632022738456726
SC-INR,urban100,img_002.png,x4,x6,tanh_signed,2.1,True,0.3768603801727295,1.6530355424038135e-05,0.0,0.0,0.05410783737897873,0.4365957975387573,-1.9246089458465576,-1.2862489223480225,-0.5455747246742249,0.017397288233041763,0.9361262321472168,1.4273284673690796,1.7211493253707886,0.22857633233070374,0.4261811077594757,-1.0496331453323364,-0.4464960992336273,-0.22581347823143005,0.07763035595417023,1.2409499883651733,1.751366376876831,1.9748414754867554,0.47222524881362915,0.45213308930397034,0.0003401410358492285,0.011401358991861343,0.02905329316854477,0.32538989186286926,1.433026909828186,1.8289374113082886,2.0474965572357178,0.05410783737897873,0.4365957975387573,-1.9246089458465576,-1.2862489223480225,-0.5455747246742249,0.017397288233041763,0.9361262321472168,1.4273284673690796,1.7211493253707886,0.22857633233070374,0.4261811077594757,-1.0496331453323364,-0.4464960992336273,-0.22581347823143005,0.07763035595417023,1.2409499883651733,1.751366376876831,1.9748414754867554,0.47222524881362915,0.45213308930397034,0.0003401410358492285,0.011401358991861343,0.02905329316854477,0.32538989186286926,1.433026909828186,1.8289374113082886,2.0474965572357178,0.9809590578079224,0.032429445534944534,0.8225300312042236,0.8546389937400818,0.9088728427886963,0.9951710104942322,0.9999614357948303,0.9999940395355225,1.0,0.9809590578079224,0.032429445534944534,0.8225300312042236,0.8546389937400818,0.9088728427886963,0.9951710104942322,0.9999614357948303,0.9999940395355225,1.0,0.01904095523059368,0.032429445534944534,0.0,5.9604644775390625e-06,3.854036549455486e-05,0.004828989505767822,0.09112722426652908,0.14536093175411224,0.17746996879577637,0.01904095523059368,0.032429445534944534,0.0,5.9604644775390625e-06,3.854036549455486e-05,0.004828989505767822,0.09112722426652908,0.14536093175411224,0.17746996879577637
SC-INR,urban100,img_002.png,x4,x8,tanh_signed,2.1,True,0.3768603801727295,1.6530355424038135e-05,0.0,0.0,0.05410783737897873,0.4365957975387573,-1.9246089458465576,-1.2862489223480225,-0.5455747246742249,0.017397288233041763,0.9361262321472168,1.4273284673690796,1.7211493253707886,0.22857633233070374,0.4261811077594757,-1.0496331453323364,-0.4464960992336273,-0.22581347823143005,0.07763035595417023,1.2409499883651733,1.751366376876831,1.9748414754867554,0.47222524881362915,0.45213308930397034,0.0003401410358492285,0.011401358991861343,0.02905329316854477,0.32538989186286926,1.433026909828186,1.8289374113082886,2.0474965572357178,0.05410783737897873,0.4365957975387573,-1.9246089458465576,-1.2862489223480225,-0.5455747246742249,0.017397288233041763,0.9361262321472168,1.4273284673690796,1.7211493253707886,0.22857633233070374,0.4261811077594757,-1.0496331453323364,-0.4464960992336273,-0.22581347823143005,0.07763035595417023,1.2409499883651733,1.751366376876831,1.9748414754867554,0.47222524881362915,0.45213308930397034,0.0003401410358492285,0.011401358991861343,0.02905329316854477,0.32538989186286926,1.433026909828186,1.8289374113082886,2.0474965572357178,0.9891704320907593,0.018563196063041687,0.8967871069908142,0.9163698554039001,0.9480851292610168,0.9972816705703735,0.9999783635139465,0.9999966621398926,1.0,0.9891704320907593,0.018563196063041687,0.8967871069908142,0.9163698554039001,0.9480851292610168,0.9972816705703735,0.9999783635139465,0.9999966621398926,1.0,0.01082961168140173,0.018563196063041687,0.0,3.337860107421875e-06,2.1636486053466797e-05,0.002718329429626465,0.051914915442466736,0.08363010734319687,0.10321289300918579,0.01082961168140173,0.018563196063041687,0.0,3.337860107421875e-06,2.1636486053466797e-05,0.002718329429626465,0.051914915442466736,0.08363010734319687,0.10321289300918579
SC-INR,urban100,img_002.png,x4,x12,tanh_signed,2.1,True,0.3768603801727295,1.6530355424038135e-05,0.0,0.0,0.05410783737897873,0.4365957975387573,-1.9246089458465576,-1.2862489223480225,-0.5455747246742249,0.017397288233041763,0.9361262321472168,1.4273284673690796,1.7211493253707886,0.22857633233070374,0.4261811077594757,-1.0496331453323364,-0.4464960992336273,-0.22581347823143005,0.07763035595417023,1.2409499883651733,1.751366376876831,1.9748414754867554,0.47222524881362915,0.45213308930397034,0.0003401410358492285,0.011401358991861343,0.02905329316854477,0.32538989186286926,1.433026909828186,1.8289374113082886,2.0474965572357178,0.05410783737897873,0.4365957975387573,-1.9246089458465576,-1.2862489223480225,-0.5455747246742249,0.017397288233041763,0.9361262321472168,1.4273284673690796,1.7211493253707886,0.22857633233070374,0.4261811077594757,-1.0496331453323364,-0.4464960992336273,-0.22581347823143005,0.07763035595417023,1.2409499883651733,1.751366376876831,1.9748414754867554,0.47222524881362915,0.45213308930397034,0.0003401410358492285,0.011401358991861343,0.02905329316854477,0.32538989186286926,1.433026909828186,1.8289374113082886,2.0474965572357178,0.9951485395431519,0.00835440680384636,0.9530189633369446,0.9622570276260376,0.9767136573791504,0.9987910389900208,0.9999903440475464,0.9999985098838806,1.0,0.9951485395431519,0.00835440680384636,0.9530189633369446,0.9622570276260376,0.9767136573791504,0.9987910389900208,0.9999903440475464,0.9999985098838806,1.0,0.004851500038057566,0.00835440680384636,0.0,1.4901161193847656e-06,9.655952453613281e-06,0.001208961009979248,0.0232863612473011,0.037742942571640015,0.04698103666305542,0.004851500038057566,0.00835440680384636,0.0,1.4901161193847656e-06,9.655952453613281e-06,0.001208961009979248,0.0232863612473011,0.037742942571640015,0.04698103666305542
SC-INR,urban100,img_002.png,x4,x16,tanh_signed,2.1,True,0.3768603801727295,1.6530355424038135e-05,0.0,0.0,0.05410783737897873,0.4365957975387573,-1.9246089458465576,-1.2862489223480225,-0.5455747246742249,0.017397288233041763,0.9361262321472168,1.4273284673690796,1.7211493253707886,0.22857633233070374,0.4261811077594757,-1.0496331453323364,-0.4464960992336273,-0.22581347823143005,0.07763035595417023,1.2409499883651733,1.751366376876831,1.9748414754867554,0.47222524881362915,0.45213308930397034,0.0003401410358492285,0.011401358991861343,0.02905329316854477,0.32538989186286926,1.433026909828186,1.8289374113082886,2.0474965572357178,0.05410783737897873,0.4365957975387573,-1.9246089458465576,-1.2862489223480225,-0.5455747246742249,0.017397288233041763,0.9361262321472168,1.4273284673690796,1.7211493253707886,0.22857633233070374,0.4261811077594757,-1.0496331453323364,-0.4464960992336273,-0.22581347823143005,0.07763035595417023,1.2409499883651733,1.751366376876831,1.9748414754867554,0.47222524881362915,0.45213308930397034,0.0003401410358492285,0.011401358991861343,0.02905329316854477,0.32538989186286926,1.433026909828186,1.8289374113082886,2.0474965572357178,0.997263491153717,0.004720070865005255,0.9733510613441467,0.9786527156829834,0.9868592619895935,0.9993199110031128,0.9999945759773254,0.9999991655349731,1.0,0.997263491153717,0.004720070865005255,0.9733510613441467,0.9786527156829834,0.9868592619895935,0.9993199110031128,0.9999945759773254,0.9999991655349731,1.0,0.0027365766000002623,0.004720070865005255,0.0,8.344650268554688e-07,5.424022674560547e-06,0.000680088996887207,0.013140729628503323,0.02134726382791996,0.02664893865585327,0.0027365766000002623,0.004720070865005255,0.0,8.344650268554688e-07,5.424022674560547e-06,0.000680088996887207,0.013140729628503323,0.02134726382791996,0.02664893865585327
SC-INR,urban100,img_002.png,x4,x24,tanh_signed,2.1,True,0.3768603801727295,1.6530355424038135e-05,0.0,0.0,0.05410783737897873,0.4365957975387573,-1.9246089458465576,-1.2862489223480225,-0.5455747246742249,0.017397288233041763,0.9361262321472168,1.4273284673690796,1.7211493253707886,0.22857633233070374,0.4261811077594757,-1.0496331453323364,-0.4464960992336273,-0.22581347823143005,0.07763035595417023,1.2409499883651733,1.751366376876831,1.9748414754867554,0.47222524881362915,0.45213308930397034,0.0003401410358492285,0.011401358991861343,0.02905329316854477,0.32538989186286926,1.433026909828186,1.8289374113082886,2.0474965572357178,0.05410783737897873,0.4365957975387573,-1.9246089458465576,-1.2862489223480225,-0.5455747246742249,0.017397288233041763,0.9361262321472168,1.4273284673690796,1.7211493253707886,0.22857633233070374,0.4261811077594757,-1.0496331453323364,-0.4464960992336273,-0.22581347823143005,0.07763035595417023,1.2409499883651733,1.751366376876831,1.9748414754867554,0.47222524881362915,0.45213308930397034,0.0003401410358492285,0.011401358991861343,0.02905329316854477,0.32538989186286926,1.433026909828186,1.8289374113082886,2.0474965572357178,0.9987813830375671,0.0021044183522462845,0.9880850315093994,0.990476131439209,0.9941462278366089,0.9996976852416992,0.999997615814209,0.9999996423721313,1.0,0.9987813830375671,0.0021044183522462845,0.9880850315093994,0.990476131439209,0.9941462278366089,0.9996976852416992,0.999997615814209,0.9999996423721313,1.0,0.0012186799431219697,0.0021044183522462845,0.0,3.5762786865234375e-07,2.384185791015625e-06,0.00030231475830078125,0.005853797309100628,0.009523846209049225,0.011914968490600586,0.0012186799431219697,0.0021044183522462845,0.0,3.5762786865234375e-07,2.384185791015625e-06,0.00030231475830078125,0.005853797309100628,0.009523846209049225,0.011914968490600586
SC-INR,urban100,img_002.png,x4,x30,tanh_signed,2.1,True,0.3768603801727295,1.6530355424038135e-05,0.0,0.0,0.05410783737897873,0.4365957975387573,-1.9246089458465576,-1.2862489223480225,-0.5455747246742249,0.017397288233041763,0.9361262321472168,1.4273284673690796,1.7211493253707886,0.22857633233070374,0.4261811077594757,-1.0496331453323364,-0.4464960992336273,-0.22581347823143005,0.07763035595417023,1.2409499883651733,1.751366376876831,1.9748414754867554,0.47222524881362915,0.45213308930397034,0.0003401410358492285,0.011401358991861343,0.02905329316854477,0.32538989186286926,1.433026909828186,1.8289374113082886,2.0474965572357178,0.05410783737897873,0.4365957975387573,-1.9246089458465576,-1.2862489223480225,-0.5455747246742249,0.017397288233041763,0.9361262321472168,1.4273284673690796,1.7211493253707886,0.22857633233070374,0.4261811077594757,-1.0496331453323364,-0.4464960992336273,-0.22581347823143005,0.07763035595417023,1.2409499883651733,1.751366376876831,1.9748414754867554,0.47222524881362915,0.45213308930397034,0.0003401410358492285,0.011401358991861343,0.02905329316854477,0.32538989186286926,1.433026909828186,1.8289374113082886,2.0474965572357178,0.999219536781311,0.0013480490306392312,0.9923611879348755,0.9938980937004089,0.9962510466575623,0.9998064637184143,0.9999984502792358,0.9999997615814209,1.0,0.999219536781311,0.0013480490306392312,0.9923611879348755,0.9938980937004089,0.9962510466575623,0.9998064637184143,0.9999984502792358,0.9999997615814209,1.0,0.0007804025080986321,0.0013480490306392312,0.0,2.384185791015625e-07,1.5497207641601562e-06,0.00019353628158569336,0.0037489302922040224,0.00610191049054265,0.007638812065124512,0.0007804025080986321,0.0013480490306392312,0.0,2.384185791015625e-07,1.5497207641601562e-06,0.00019353628158569336,0.0037489302922040224,0.00610191049054265,0.007638812065124512
SC-INR,urban100,img_003.png,x4,x2,tanh_signed,2.1,True,0.40586575865745544,6.327909795800224e-05,9.604061779100448e-05,9.604061779100448e-05,0.031275175511837006,0.4417600631713867,-1.9081765413284302,-1.2679978609085083,-0.5854811668395996,0.0007042675861157477,0.8998343348503113,1.442589282989502,1.7391941547393799,0.22433900833129883,0.42103853821754456,-1.157317042350769,-0.3877749443054199,-0.19042840600013733,0.06870710104703903,1.2422007322311401,1.777913212776184,2.0188212394714355,0.47074979543685913,0.4495844841003418,0.0009379871771670878,0.012661751359701157,0.03257771208882332,0.3245028555393219,1.4482786655426025,1.8410346508026123,2.1227757930755615,0.031275175511837006,0.4417600631713867,-1.9081765413284302,-1.2679978609085083,-0.5854811668395996,0.0007042675861157477,0.8998343348503113,1.442589282989502,1.7391941547393799,0.22433900833129883,0.42103853821754456,-1.157317042350769,-0.3877749443054199,-0.19042840600013733,0.06870710104703903,1.2422007322311401,1.777913212776184,2.0188212394714355,0.47074979543685913,0.4495844841003418,0.0009379871771670878,0.012661751359701157,0.03257771208882332,0.3245028555393219,1.4482786655426025,1.8410346508026123,2.1227757930755615,0.8596534132957458,0.21529161930084229,-0.009185530245304108,0.10661293566226959,0.33854085206985474,0.9573348760604858,0.9995635747909546,0.9999340772628784,0.9999996423721313,0.8596534132957458,0.21529161930084229,-0.009185530245304108,0.10661293566226959,0.33854085206985474,0.9573348760604858,0.9995635747909546,0.9999340772628784,0.9999996423721313,0.14034661650657654,0.21529161930084229,3.5762786865234375e-07,6.590247357962653e-05,0.00043640731018967927,0.04266512393951416,0.6614586114883423,0.8933870196342468,1.009185552597046,0.14034661650657654,0.21529161930084229,3.5762786865234375e-07,6.590247357962653e-05,0.00043640731018967927,0.04266512393951416,0.6614586114883423,0.8933870196342468,1.009185552597046
SC-INR,urban100,img_003.png,x4,x3,tanh_signed,2.1,True,0.40586575865745544,6.327909795800224e-05,0.0,0.0,0.031275175511837006,0.4417600631713867,-1.9081765413284302,-1.2679978609085083,-0.5854811668395996,0.0007042675861157477,0.8998343348503113,1.442589282989502,1.7391941547393799,0.22433900833129883,0.42103853821754456,-1.157317042350769,-0.3877749443054199,-0.19042840600013733,0.06870710104703903,1.2422007322311401,1.777913212776184,2.0188212394714355,0.47074979543685913,0.4495844841003418,0.0009379871771670878,0.012661751359701157,0.03257771208882332,0.3245028555393219,1.4482786655426025,1.8410346508026123,2.1227757930755615,0.031275175511837006,0.4417600631713867,-1.9081765413284302,-1.2679978609085083,-0.5854811668395996,0.0007042675861157477,0.8998343348503113,1.442589282989502,1.7391941547393799,0.22433900833129883,0.42103853821754456,-1.157317042350769,-0.3877749443054199,-0.19042840600013733,0.06870710104703903,1.2422007322311401,1.777913212776184,2.0188212394714355,0.47074979543685913,0.4495844841003418,0.0009379871771670878,0.012661751359701157,0.03257771208882332,0.3245028555393219,1.4482786655426025,1.8410346508026123,2.1227757930755615,0.9298787117004395,0.11537718772888184,0.40226826071739197,0.49758410453796387,0.6594640612602234,0.9808893203735352,0.9998060464859009,0.9999706745147705,0.9999998807907104,0.9298787117004395,0.11537718772888184,0.40226826071739197,0.49758410453796387,0.6594640612602234,0.9808893203735352,0.9998060464859009,0.9999706745147705,0.9999998807907104,0.07012125104665756,0.11537718772888184,1.1920928955078125e-07,2.9325485229492188e-05,0.00019397735013626516,0.019110679626464844,0.3405357599258423,0.5024158954620361,0.5977317094802856,0.07012125104665756,0.11537718772888184,1.1920928955078125e-07,2.9325485229492188e-05,0.00019397735013626516,0.019110679626464844,0.3405357599258423,0.5024158954620361,0.5977317094802856
SC-INR,urban100,img_003.png,x4,x4,tanh_signed,2.1,True,0.40586575865745544,6.327909795800224e-05,0.0,0.0,0.031275175511837006,0.4417600631713867,-1.9081765413284302,-1.2679978609085083,-0.5854811668395996,0.0007042675861157477,0.8998343348503113,1.442589282989502,1.7391941547393799,0.22433900833129883,0.42103853821754456,-1.157317042350769,-0.3877749443054199,-0.19042840600013733,0.06870710104703903,1.2422007322311401,1.777913212776184,2.0188212394714355,0.47074979543685913,0.4495844841003418,0.0009379871771670878,0.012661751359701157,0.03257771208882332,0.3245028555393219,1.4482786655426025,1.8410346508026123,2.1227757930755615,0.031275175511837006,0.4417600631713867,-1.9081765413284302,-1.2679978609085083,-0.5854811668395996,0.0007042675861157477,0.8998343348503113,1.442589282989502,1.7391941547393799,0.22433900833129883,0.42103853821754456,-1.157317042350769,-0.3877749443054199,-0.19042840600013733,0.06870710104703903,1.2422007322311401,1.777913212776184,2.0188212394714355,0.47074979543685913,0.4495844841003418,0.0009379871771670878,0.012661751359701157,0.03257771208882332,0.3245028555393219,1.4482786655426025,1.8410346508026123,2.1227757930755615,0.9588305354118347,0.06949862092733383,0.6142891049385071,0.6903494000434875,0.7982861399650574,0.9892148971557617,0.9998908638954163,0.9999834299087524,0.9999999403953552,0.9588305354118347,0.06949862092733383,0.6142891049385071,0.6903494000434875,0.7982861399650574,0.9892148971557617,0.9998908638954163,0.9999834299087524,0.9999999403953552,0.04116957634687424,0.06949862092733383,5.960464477539063e-08,1.6549824067624286e-05,0.00010910630226135254,0.010785102844238281,0.20171374082565308,0.30965057015419006,0.3857108950614929,0.04116957634687424,0.06949862092733383,5.960464477539063e-08,1.6549824067624286e-05,0.00010910630226135254,0.010785102844238281,0.20171374082565308,0.30965057015419006,0.3857108950614929
SC-INR,urban100,img_003.png,x4,x6,tanh_signed,2.1,True,0.40586575865745544,6.327909795800224e-05,0.0,0.0,0.031275175511837006,0.4417600631713867,-1.9081765413284302,-1.2679978609085083,-0.5854811668395996,0.0007042675861157477,0.8998343348503113,1.442589282989502,1.7391941547393799,0.22433900833129883,0.42103853821754456,-1.157317042350769,-0.3877749443054199,-0.19042840600013733,0.06870710104703903,1.2422007322311401,1.777913212776184,2.0188212394714355,0.47074979543685913,0.4495844841003418,0.0009379871771670878,0.012661751359701157,0.03257771208882332,0.3245028555393219,1.4482786655426025,1.8410346508026123,2.1227757930755615,0.031275175511837006,0.4417600631713867,-1.9081765413284302,-1.2679978609085083,-0.5854811668395996,0.0007042675861157477,0.8998343348503113,1.442589282989502,1.7391941547393799,0.22433900833129883,0.42103853821754456,-1.157317042350769,-0.3877749443054199,-0.19042840600013733,0.06870710104703903,1.2422007322311401,1.777913212776184,2.0188212394714355,0.47074979543685913,0.4495844841003418,0.0009379871771670878,0.012661751359701157,0.03257771208882332,0.3245028555393219,1.4482786655426025,1.8410346508026123,2.1227757930755615,0.9811226725578308,0.032466042786836624,0.8102713227272034,0.8527380228042603,0.9069514870643616,0.9951955676078796,0.9999514818191528,0.9999926686286926,0.9999999403953552,0.9811226725578308,0.032466042786836624,0.8102713227272034,0.8527380228042603,0.9069514870643616,0.9951955676078796,0.9999514818191528,0.9999926686286926,0.9999999403953552,0.018877403810620308,0.032466042786836624,5.960464477539063e-08,7.331371307373047e-06,4.8512218199903145e-05,0.004804432392120361,0.09304843097925186,0.14726199209690094,0.18972867727279663,0.018877403810620308,0.032466042786836624,5.960464477539063e-08,7.331371307373047e-06,4.8512218199903145e-05,0.004804432392120361,0.09304843097925186,0.14726199209690094,0.18972867727279663
SC-INR,urban100,img_003.png,x4,x8,tanh_signed,2.1,True,0.40586575865745544,6.327909795800224e-05,0.0,0.0,0.031275175511837006,0.4417600631713867,-1.9081765413284302,-1.2679978609085083,-0.5854811668395996,0.0007042675861157477,0.8998343348503113,1.442589282989502,1.7391941547393799,0.22433900833129883,0.42103853821754456,-1.157317042350769,-0.3877749443054199,-0.19042840600013733,0.06870710104703903,1.2422007322311401,1.777913212776184,2.0188212394714355,0.47074979543685913,0.4495844841003418,0.0009379871771670878,0.012661751359701157,0.03257771208882332,0.3245028555393219,1.4482786655426025,1.8410346508026123,2.1227757930755615,0.031275175511837006,0.4417600631713867,-1.9081765413284302,-1.2679978609085083,-0.5854811668395996,0.0007042675861157477,0.8998343348503113,1.442589282989502,1.7391941547393799,0.22433900833129883,0.42103853821754456,-1.157317042350769,-0.3877749443054199,-0.19042840600013733,0.06870710104703903,1.2422007322311401,1.777913212776184,2.0188212394714355,0.47074979543685913,0.4495844841003418,0.0009379871771670878,0.012661751359701157,0.03257771208882332,0.3245028555393219,1.4482786655426025,1.8410346508026123,2.1227757930755615,0.9892635345458984,0.01858665980398655,0.8893966674804688,0.9153165817260742,0.9469763040542603,0.9972957372665405,0.9999727010726929,0.9999958872795105,1.0,0.9892635345458984,0.01858665980398655,0.8893966674804688,0.9153165817260742,0.9469763040542603,0.9972957372665405,0.9999727010726929,0.9999958872795105,1.0,0.010736379772424698,0.01858665980398655,0.0,4.092454219062347e-06,2.7275083994027227e-05,0.0027042627334594727,0.053023628890514374,0.08468342572450638,0.11060333251953125,0.010736379772424698,0.01858665980398655,0.0,4.092454219062347e-06,2.7275083994027227e-05,0.0027042627334594727,0.053023628890514374,0.08468342572450638,0.11060333251953125
SC-INR,urban100,img_003.png,x4,x12,tanh_signed,2.1,True,0.40586575865745544,6.327909795800224e-05,0.0,0.0,0.031275175511837006,0.4417600631713867,-1.9081765413284302,-1.2679978609085083,-0.5854811668395996,0.0007042675861157477,0.8998343348503113,1.442589282989502,1.7391941547393799,0.22433900833129883,0.42103853821754456,-1.157317042350769,-0.3877749443054199,-0.19042840600013733,0.06870710104703903,1.2422007322311401,1.777913212776184,2.0188212394714355,0.47074979543685913,0.4495844841003418,0.0009379871771670878,0.012661751359701157,0.03257771208882332,0.3245028555393219,1.4482786655426025,1.8410346508026123,2.1227757930755615,0.031275175511837006,0.4417600631713867,-1.9081765413284302,-1.2679978609085083,-0.5854811668395996,0.0007042675861157477,0.8998343348503113,1.442589282989502,1.7391941547393799,0.22433900833129883,0.42103853821754456,-1.157317042350769,-0.3877749443054199,-0.19042840600013733,0.06870710104703903,1.2422007322311401,1.777913212776184,2.0188212394714355,0.47074979543685913,0.4495844841003418,0.0009379871771670878,0.012661751359701157,0.03257771208882332,0.3245028555393219,1.4482786655426025,1.8410346508026123,2.1227757930755615,0.9951903223991394,0.008365792222321033,0.9495694637298584,0.9617428779602051,0.976219654083252,0.998797595500946,0.9999878406524658,0.9999982118606567,1.0,0.9951903223991394,0.008365792222321033,0.9495694637298584,0.9617428779602051,0.976219654083252,0.998797595500946,0.9999878406524658,0.9999982118606567,1.0,0.004809671081602573,0.008365792222321033,0.0,1.7881393432617188e-06,1.2159347534179688e-05,0.001202404499053955,0.02378033474087715,0.03825712203979492,0.0504305362701416,0.004809671081602573,0.008365792222321033,0.0,1.7881393432617188e-06,1.2159347534179688e-05,0.001202404499053955,0.02378033474087715,0.03825712203979492,0.0504305362701416
SC-INR,urban100,img_003.png,x4,x16,tanh_signed,2.1,True,0.40586575865745544,6.327909795800224e-05,0.0,0.0,0.031275175511837006,0.4417600631713867,-1.9081765413284302,-1.2679978609085083,-0.5854811668395996,0.0007042675861157477,0.8998343348503113,1.442589282989502,1.7391941547393799,0.22433900833129883,0.42103853821754456,-1.157317042350769,-0.3877749443054199,-0.19042840600013733,0.06870710104703903,1.2422007322311401,1.777913212776184,2.0188212394714355,0.47074979543685913,0.4495844841003418,0.0009379871771670878,0.012661751359701157,0.03257771208882332,0.3245028555393219,1.4482786655426025,1.8410346508026123,2.1227757930755615,0.031275175511837006,0.4417600631713867,-1.9081765413284302,-1.2679978609085083,-0.5854811668395996,0.0007042675861157477,0.8998343348503113,1.442589282989502,1.7391941547393799,0.22433900833129883,0.42103853821754456,-1.157317042350769,-0.3877749443054199,-0.19042840600013733,0.06870710104703903,1.2422007322311401,1.777913212776184,2.0188212394714355,0.47074979543685913,0.4495844841003418,0.0009379871771670878,0.012661751359701157,0.03257771208882332,0.3245028555393219,1.4482786655426025,1.8410346508026123,2.1227757930755615,0.9972870349884033,0.004726668819785118,0.9713775515556335,0.9783666729927063,0.9865792989730835,0.9993235468864441,0.9999931454658508,0.9999989867210388,1.0,0.9972870349884033,0.004726668819785118,0.9713775515556335,0.9783666729927063,0.9865792989730835,0.9993235468864441,0.9999931454658508,0.9999989867210388,1.0,0.002712969435378909,0.004726668819785118,0.0,1.0132789611816406e-06,6.854534149169922e-06,0.0006764531135559082,0.013420656323432922,0.02163330279290676,0.028622448444366455,0.002712969435378909,0.004726668819785118,0.0,1.0132789611816406e-06,6.854534149169922e-06,0.0006764531135559082,0.013420656323432922,0.02163330279290676,0.028622448444366455
SC-INR,urban100,img_003.png,x4,x24,tanh_signed,2.1,True,0.40586575865745544,6.327909795800224e-05,0.0,0.0,0.031275175511837006,0.4417600631713867,-1.9081765413284302,-1.2679978609085083,-0.5854811668395996,0.0007042675861157477,0.8998343348503113,1.442589282989502,1.7391941547393799,0.22433900833129883,0.42103853821754456,-1.157317042350769,-0.3877749443054199,-0.19042840600013733,0.06870710104703903,1.2422007322311401,1.777913212776184,2.0188212394714355,0.47074979543685913,0.4495844841003418,0.0009379871771670878,0.012661751359701157,0.03257771208882332,0.3245028555393219,1.4482786655426025,1.8410346508026123,2.1227757930755615,0.031275175511837006,0.4417600631713867,-1.9081765413284302,-1.2679978609085083,-0.5854811668395996,0.0007042675861157477,0.8998343348503113,1.442589282989502,1.7391941547393799,0.22433900833129883,0.42103853821754456,-1.157317042350769,-0.3877749443054199,-0.19042840600013733,0.06870710104703903,1.2422007322311401,1.777913212776184,2.0188212394714355,0.47074979543685913,0.4495844841003418,0.0009379871771670878,0.012661751359701157,0.03257771208882332,0.3245028555393219,1.4482786655426025,1.8410346508026123,2.1227757930755615,0.9987918734550476,0.0021074130199849606,0.9871970415115356,0.9903491735458374,0.9940212368965149,0.9996992945671082,0.9999969601631165,0.9999995231628418,1.0,0.9987918734550476,0.0021074130199849606,0.9871970415115356,0.9903491735458374,0.9940212368965149,0.9996992945671082,0.9999969601631165,0.9999995231628418,1.0,0.0012081637978553772,0.0021074130199849606,0.0,4.76837158203125e-07,3.039836883544922e-06,0.0003007054328918457,0.005978770088404417,0.00965084321796894,0.012802958488464355,0.0012081637978553772,0.0021074130199849606,0.0,4.76837158203125e-07,3.039836883544922e-06,0.0003007054328918457,0.005978770088404417,0.00965084321796894,0.012802958488464355
SC-INR,urban100,img_003.png,x4,x30,tanh_signed,2.1,True,0.40586575865745544,6.327909795800224e-05,0.0,0.0,0.031275175511837006,0.4417600631713867,-1.9081765413284302,-1.2679978609085083,-0.5854811668395996,0.0007042675861157477,0.8998343348503113,1.442589282989502,1.7391941547393799,0.22433900833129883,0.42103853821754456,-1.157317042350769,-0.3877749443054199,-0.19042840600013733,0.06870710104703903,1.2422007322311401,1.777913212776184,2.0188212394714355,0.47074979543685913,0.4495844841003418,0.0009379871771670878,0.012661751359701157,0.03257771208882332,0.3245028555393219,1.4482786655426025,1.8410346508026123,2.1227757930755615,0.031275175511837006,0.4417600631713867,-1.9081765413284302,-1.2679978609085083,-0.5854811668395996,0.0007042675861157477,0.8998343348503113,1.442589282989502,1.7391941547393799,0.22433900833129883,0.42103853821754456,-1.157317042350769,-0.3877749443054199,-0.19042840600013733,0.06870710104703903,1.2422007322311401,1.777913212776184,2.0188212394714355,0.47074979543685913,0.4495844841003418,0.0009379871771670878,0.012661751359701157,0.03257771208882332,0.3245028555393219,1.4482786655426025,1.8410346508026123,2.1227757930755615,0.9992263317108154,0.0013499772176146507,0.9917909502983093,0.9938167929649353,0.9961710572242737,0.999807596206665,0.9999980926513672,0.9999997019767761,1.0,0.9992263317108154,0.0013499772176146507,0.9917909502983093,0.9938167929649353,0.9961710572242737,0.999807596206665,0.9999980926513672,0.9999997019767761,1.0,0.0007736677653156221,0.0013499772176146507,0.0,2.980232238769531e-07,1.9073486328125e-06,0.00019240379333496094,0.003828963730484247,0.00618321867659688,0.008209049701690674,0.0007736677653156221,0.0013499772176146507,0.0,2.980232238769531e-07,1.9073486328125e-06,0.00019240379333496094,0.003828963730484247,0.00618321867659688,0.008209049701690674
SC-INR-NoSinc,bsd100,101085.png,x4,x2,tanh_signed,2.1,False,0.3983813524246216,0.015389811247587204,0.03072102926671505,0.0,0.1517142504453659,0.4449576139450073,-0.879051923751831,-0.4754537045955658,-0.2585392892360687,0.01657404750585556,1.0442662239074707,2.0773003101348877,2.0965027809143066,0.15761081874370575,0.4154110848903656,-1.322230339050293,-0.4055093228816986,-0.2661907970905304,0.023255521431565285,1.0012837648391724,2.089219093322754,2.098407745361328,0.4019928574562073,0.506767988204956,0.0009934918489307165,0.007041970267891884,0.017590617761015892,0.24468399584293365,1.3237621784210205,2.5637078285217285,2.7020435333251953,0.1517142504453659,0.4449576139450073,-0.879051923751831,-0.4754537045955658,-0.2585392892360687,0.01657404750585556,1.0442662239074707,2.0773003101348877,2.0965027809143066,0.15761081874370575,0.4154110848903656,-1.322230339050293,-0.4055093228816986,-0.2661907970905304,0.023255521431565285,1.0012837648391724,2.089219093322754,2.098407745361328,0.4019928574562073,0.506767988204956,0.0009934918489307165,0.007041970267891884,0.017590617761015892,0.24468399584293365,1.3237621784210205,2.5637078285217285,2.7020435333251953,0.8842287659645081,0.23135314881801605,-0.04668792337179184,-0.04297621548175812,0.4200548231601715,0.9755781888961792,0.9998726844787598,0.9999796152114868,0.9999996423721313,1.0,0.0,1.0,1.0,1.0,1.0,1.0,1.0,1.0,0.11577130109071732,0.23135314881801605,3.5762786865234375e-07,2.0407438569236547e-05,0.00012730360322166234,0.024421781301498413,0.5799448490142822,1.0429762601852417,1.0466879606246948,0.0,0.0,0.0,0.0,0.0,0.0,0.0,0.0,0.0
SC-INR-NoSinc,bsd100,101085.png,x4,x3,tanh_signed,2.1,False,0.3983813524246216,0.015389811247587204,0.0,0.0,0.1517142504453659,0.4449576139450073,-0.879051923751831,-0.4754537045955658,-0.2585392892360687,0.01657404750585556,1.0442662239074707,2.0773003101348877,2.0965027809143066,0.15761081874370575,0.4154110848903656,-1.322230339050293,-0.4055093228816986,-0.2661907970905304,0.023255521431565285,1.0012837648391724,2.089219093322754,2.098407745361328,0.4019928574562073,0.506767988204956,0.0009934918489307165,0.007041970267891884,0.017590617761015892,0.24468399584293365,1.3237621784210205,2.5637078285217285,2.7020435333251953,0.1517142504453659,0.4449576139450073,-0.879051923751831,-0.4754537045955658,-0.2585392892360687,0.01657404750585556,1.0442662239074707,2.0773003101348877,2.0965027809143066,0.15761081874370575,0.4154110848903656,-1.322230339050293,-0.4055093228816986,-0.2661907970905304,0.023255521431565285,1.0012837648391724,2.089219093322754,2.098407745361328,0.4019928574562073,0.506767988204956,0.0009934918489307165,0.007041970267891884,0.017590617761015892,0.24468399584293365,1.3237621784210205,2.5637078285217285,2.7020435333251953,0.937063455581665,0.14534159004688263,0.20283669233322144,0.241572305560112,0.7091250419616699,0.9890940189361572,0.9999434947967529,0.9999909400939941,0.9999998807907104,1.0,0.0,1.0,1.0,1.0,1.0,1.0,1.0,1.0,0.06293661147356033,0.14534159004688263,1.1920928955078125e-07,9.071231033885852e-06,5.6502223742427304e-05,0.010905981063842773,0.29087477922439575,0.7584277987480164,0.7971633076667786,0.0,0.0,0.0,0.0,0.0,0.0,0.0,0.0,0.0
SC-INR-NoSinc,bsd100,101085.png,x4,x4,tanh_signed,2.1,False,0.3983813524246216,0.015389811247587204,0.0,0.0,0.1517142504453659,0.4449576139450073,-0.879051923751831,-0.4754537045955658,-0.2585392892360687,0.01657404750585556,1.0442662239074707,2.0773003101348877,2.0965027809143066,0.15761081874370575,0.4154110848903656,-1.322230339050293,-0.4055093228816986,-0.2661907970905304,0.023255521431565285,1.0012837648391724,2.089219093322754,2.098407745361328,0.4019928574562073,0.506767988204956,0.0009934918489307165,0.007041970267891884,0.017590617761015892,0.24468399584293365,1.3237621784210205,2.5637078285217285,2.7020435333251953,0.1517142504453659,0.4449576139450073,-0.879051923751831,-0.4754537045955658,-0.2585392892360687,0.01657404750585556,1.0442662239074707,2.0773003101348877,2.0965027809143066,0.15761081874370575,0.4154110848903656,-1.322230339050293,-0.4055093228816986,-0.2661907970905304,0.023255521431565285,1.0012837648391724,2.089219093322754,2.098407745361328,0.4019928574562073,0.506767988204956,0.0009934918489307165,0.007041970267891884,0.017590617761015892,0.24468399584293365,1.3237621784210205,2.5637078285217285,2.7020435333251953,0.9615987539291382,0.09387756139039993,0.4404476284980774,0.4798022508621216,0.829334020614624,0.9938564300537109,0.9999681711196899,0.9999948740005493,0.9999999403953552,1.0,0.0,1.0,1.0,1.0,1.0,1.0,1.0,1.0,0.03840119019150734,0.09387756139039993,5.960464477539063e-08,5.125999450683594e-06,3.1825900805415586e-05,0.00614359974861145,0.17066586017608643,0.520197868347168,0.5595523715019226,0.0,0.0,0.0,0.0,0.0,0.0,0.0,0.0,0.0
SC-INR-NoSinc,bsd100,101085.png,x4,x6,tanh_signed,2.1,False,0.3983813524246216,0.015389811247587204,0.0,0.0,0.1517142504453659,0.4449576139450073,-0.879051923751831,-0.4754537045955658,-0.2585392892360687,0.01657404750585556,1.0442662239074707,2.0773003101348877,2.0965027809143066,0.15761081874370575,0.4154110848903656,-1.322230339050293,-0.4055093228816986,-0.2661907970905304,0.023255521431565285,1.0012837648391724,2.089219093322754,2.098407745361328,0.4019928574562073,0.506767988204956,0.0009934918489307165,0.007041970267891884,0.017590617761015892,0.24468399584293365,1.3237621784210205,2.5637078285217285,2.7020435333251953,0.1517142504453659,0.4449576139450073,-0.879051923751831,-0.4754537045955658,-0.2585392892360687,0.01657404750585556,1.0442662239074707,2.0773003101348877,2.0965027809143066,0.15761081874370575,0.4154110848903656,-1.322230339050293,-0.4055093228816986,-0.2661907970905304,0.023255521431565285,1.0012837648391724,2.089219093322754,2.098407745361328,0.4019928574562073,0.506767988204956,0.0009934918489307165,0.007041970267891884,0.017590617761015892,0.24468399584293365,1.3237621784210205,2.5637078285217285,2.7020435333251953,0.9818450212478638,0.04631371796131134,0.7075238823890686,0.7328878045082092,0.921832263469696,0.9972666501998901,0.9999858736991882,0.9999977350234985,1.0,1.0,0.0,1.0,1.0,1.0,1.0,1.0,1.0,1.0,0.01815497688949108,0.04631371796131134,0.0,2.2649765014648438e-06,1.4126300811767578e-05,0.0027333199977874756,0.07816769182682037,0.26711219549179077,0.2924761176109314,0.0,0.0,0.0,0.0,0.0,0.0,0.0,0.0,0.0
SC-INR-NoSinc,bsd100,101085.png,x4,x8,tanh_signed,2.1,False,0.3983813524246216,0.015389811247587204,0.0,0.0,0.1517142504453659,0.4449576139450073,-0.879051923751831,-0.4754537045955658,-0.2585392892360687,0.01657404750585556,1.0442662239074707,2.0773003101348877,2.0965027809143066,0.15761081874370575,0.4154110848903656,-1.322230339050293,-0.4055093228816986,-0.2661907970905304,0.023255521431565285,1.0012837648391724,2.089219093322754,2.098407745361328,0.4019928574562073,0.506767988204956,0.0009934918489307165,0.007041970267891884,0.017590617761015892,0.24468399584293365,1.3237621784210205,2.5637078285217285,2.7020435333251953,0.1517142504453659,0.4449576139450073,-0.879051923751831,-0.4754537045955658,-0.2585392892360687,0.01657404750585556,1.0442662239074707,2.0773003101348877,2.0965027809143066,0.15761081874370575,0.4154110848903656,-1.322230339050293,-0.4055093228816986,-0.2661907970905304,0.023255521431565285,1.0012837648391724,2.089219093322754,2.098407745361328,0.4019928574562073,0.506767988204956,0.0009934918489307165,0.007041970267891884,0.017590617761015892,0.24468399584293365,1.3237621784210205,2.5637078285217285,2.7020435333251953,0.9895567893981934,0.02705037035048008,0.8257648944854736,0.8418729305267334,0.9555656313896179,0.9984619617462158,0.9999920129776001,0.9999987483024597,1.0,1.0,0.0,1.0,1.0,1.0,1.0,1.0,1.0,1.0,0.010443187318742275,0.02705037035048008,0.0,1.2630225683096796e-06,7.987022399902344e-06,0.0015380680561065674,0.0444343201816082,0.1581270545721054,0.17423510551452637,0.0,0.0,0.0,0.0,0.0,0.0,0.0,0.0,0.0
SC-INR-NoSinc,bsd100,101085.png,x4,x12,tanh_signed,2.1,False,0.3983813524246216,0.015389811247587204,0.0,0.0,0.1517142504453659,0.4449576139450073,-0.879051923751831,-0.4754537045955658,-0.2585392892360687,0.01657404750585556,1.0442662239074707,2.0773003101348877,2.0965027809143066,0.15761081874370575,0.4154110848903656,-1.322230339050293,-0.4055093228816986,-0.2661907970905304,0.023255521431565285,1.0012837648391724,2.089219093322754,2.098407745361328,0.4019928574562073,0.506767988204956,0.0009934918489307165,0.007041970267891884,0.017590617761015892,0.24468399584293365,1.3237621784210205,2.5637078285217285,2.7020435333251953,0.1517142504453659,0.4449576139450073,-0.879051923751831,-0.4754537045955658,-0.2585392892360687,0.01657404750585556,1.0442662239074707,2.0773003101348877,2.0965027809143066,0.15761081874370575,0.4154110848903656,-1.322230339050293,-0.4055093228816986,-0.2661907970905304,0.023255521431565285,1.0012837648391724,2.089219093322754,2.098407745361328,0.4019928574562073,0.506767988204956,0.0009934918489307165,0.007041970267891884,0.017590617761015892,0.24468399584293365,1.3237621784210205,2.5637078285217285,2.7020435333251953,0.995282769203186,0.012354130856692791,0.9193082451820374,0.9270961880683899,0.9801025986671448,0.9993162155151367,0.9999964833259583,0.9999994039535522,1.0,1.0,0.0,1.0,1.0,1.0,1.0,1.0,1.0,1.0,0.0047172983177006245,0.012354130856692791,0.0,5.960464477539062e-07,3.516674041748047e-06,0.0006837844848632812,0.01989741437137127,0.0729038342833519,0.08069175481796265,0.0,0.0,0.0,0.0,0.0,0.0,0.0,0.0,0.0
SC-INR-NoSinc,bsd100,101085.png,x4,x16,tanh_signed,2.1,False,0.3983813524246216,0.015389811247587204,0.0,0.0,0.1517142504453659,0.4449576139450073,-0.879051923751831,-0.4754537045955658,-0.2585392892360687,0.01657404750585556,1.0442662239074707,2.0773003101348877,2.0965027809143066,0.15761081874370575,0.4154110848903656,-1.322230339050293,-0.4055093228816986,-0.2661907970905304,0.023255521431565285,1.0012837648391724,2.089219093322754,2.098407745361328,0.4019928574562073,0.506767988204956,0.0009934918489307165,0.007041970267891884,0.017590617761015892,0.24468399584293365,1.3237621784210205,2.5637078285217285,2.7020435333251953,0.1517142504453659,0.4449576139450073,-0.879051923751831,-0.4754537045955658,-0.2585392892360687,0.01657404750585556,1.0442662239074707,2.0773003101348877,2.0965027809143066,0.15761081874370575,0.4154110848903656,-1.322230339050293,-0.4055093228816986,-0.2661907970905304,0.023255521431565285,1.0012837648391724,2.089219093322754,2.098407745361328,0.4019928574562073,0.506767988204956,0.0009934918489307165,0.007041970267891884,0.017590617761015892,0.24468399584293365,1.3237621784210205,2.5637078285217285,2.7020435333251953,0.9973312616348267,0.007016190327703953,0.953950822353363,0.9584609270095825,0.988778293132782,0.9996153116226196,0.9999980330467224,0.9999997019767761,1.0,1.0,0.0,1.0,1.0,1.0,1.0,1.0,1.0,1.0,0.002668709959834814,0.007016190327703953,0.0,2.980232238769531e-07,1.9669532775878906e-06,0.0003846585750579834,0.011221719905734062,0.04153907299041748,0.04604917764663696,0.0,0.0,0.0,0.0,0.0,0.0,0.0,0.0,0.0
SC-INR-NoSinc,bsd100,101085.png,x4,x24,tanh_signed,2.1,False,0.3983813524246216,0.015389811247587204,0.0,0.0,0.1517142504453659,0.4449576139450073,-0.879051923751831,-0.4754537045955658,-0.2585392892360687,0.01657404750585556,1.0442662239074707,2.0773003101348877,2.0965027809143066,0.15761081874370575,0.4154110848903656,-1.322230339050293,-0.4055093228816986,-0.2661907970905304,0.023255521431565285,1.0012837648391724,2.089219093322754,2.098407745361328,0.4019928574562073,0.506767988204956,0.0009934918489307165,0.007041970267891884,0.017590617761015892,0.24468399584293365,1.3237621784210205,2.5637078285217285,2.7020435333251953,0.1517142504453659,0.4449576139450073,-0.879051923751831,-0.4754537045955658,-0.2585392892360687,0.01657404750585556,1.0442662239074707,2.0773003101348877,2.0965027809143066,0.15761081874370575,0.4154110848903656,-1.322230339050293,-0.4055093228816986,-0.2661907970905304,0.023255521431565285,1.0012837648391724,2.089219093322754,2.098407745361328,0.4019928574562073,0.506767988204956,0.0009934918489307165,0.007041970267891884,0.017590617761015892,0.24468399584293365,1.3237621784210205,2.5637078285217285,2.7020435333251953,0.9988089799880981,0.0031398164574056864,0.9793213605880737,0.9813677072525024,0.9950031638145447,0.9998290538787842,0.9999991059303284,0.9999998807907104,1.0,1.0,0.0,1.0,1.0,1.0,1.0,1.0,1.0,1.0,0.001190969138406217,0.0031398164574056864,0.0,1.1920928955078125e-07,8.940696716308594e-07,0.000170975923538208,0.00499685388058424,0.01863229274749756,0.02067863941192627,0.0,0.0,0.0,0.0,0.0,0.0,0.0,0.0,0.0
SC-INR-NoSinc,bsd100,101085.png,x4,x30,tanh_signed,2.1,False,0.3983813524246216,0.015389811247587204,0.0,0.0,0.1517142504453659,0.4449576139450073,-0.879051923751831,-0.4754537045955658,-0.2585392892360687,0.01657404750585556,1.0442662239074707,2.0773003101348877,2.0965027809143066,0.15761081874370575,0.4154110848903656,-1.322230339050293,-0.4055093228816986,-0.2661907970905304,0.023255521431565285,1.0012837648391724,2.089219093322754,2.098407745361328,0.4019928574562073,0.506767988204956,0.0009934918489307165,0.007041970267891884,0.017590617761015892,0.24468399584293365,1.3237621784210205,2.5637078285217285,2.7020435333251953,0.1517142504453659,0.4449576139450073,-0.879051923751831,-0.4754537045955658,-0.2585392892360687,0.01657404750585556,1.0442662239074707,2.0773003101348877,2.0965027809143066,0.15761081874370575,0.4154110848903656,-1.322230339050293,-0.4055093228816986,-0.2661907970905304,0.023255521431565285,1.0012837648391724,2.089219093322754,2.098407745361328,0.4019928574562073,0.506767988204956,0.0009934918489307165,0.007041970267891884,0.017590617761015892,0.24468399584293365,1.3237621784210205,2.5637078285217285,2.7020435333251953,0.9992368817329407,0.00201347260735929,0.9867262244224548,0.9880436658859253,0.9968003034591675,0.9998905658721924,0.999999463558197,0.9999999403953552,1.0,1.0,0.0,1.0,1.0,1.0,1.0,1.0,1.0,1.0,0.0007631226908415556,0.00201347260735929,0.0,5.960464477539063e-08,5.364418029785156e-07,0.00010943412780761719,0.0031996676698327065,0.011956342495977879,0.013273775577545166,0.0,0.0,0.0,0.0,0.0,0.0,0.0,0.0,0.0
SC-INR-NoSinc,bsd100,101087.png,x4,x2,tanh_signed,2.1,False,0.3907771706581116,0.014460449106991291,0.028518881648778915,0.0,0.15243196487426758,0.44240546226501465,-1.1829514503479004,-0.48429590463638306,-0.2623956501483917,0.010405557230114937,1.0459460020065308,2.0555832386016846,2.092064619064331,0.15805645287036896,0.4080897867679596,-1.0597102642059326,-0.38371387124061584,-0.26029080152511597,0.015203889459371567,0.9721434712409973,2.07672119140625,2.0981061458587646,0.3924086093902588,0.5064510703086853,7.870490662753582e-05,0.003035114612430334,0.008707791566848755,0.2408391237258911,1.3134077787399292,2.4707510471343994,2.7172837257385254,0.15243196487426758,0.44240546226501465,-1.1829514503479004,-0.48429590463638306,-0.2623956501483917,0.010405557230114937,1.0459460020065308,2.0555832386016846,2.092064619064331,0.15805645287036896,0.4080897867679596,-1.0597102642059326,-0.38371387124061584,-0.26029080152511597,0.015203889459371567,0.9721434712409973,2.07672119140625,2.0981061458587646,0.3924086093902588,0.5064510703086853,7.870490662753582e-05,0.003035114612430334,0.008707791566848755,0.2408391237258911,1.3134077787399292,2.4707510471343994,2.7172837257385254,0.8848777413368225,0.23032747209072113,-0.046558137983083725,-0.038420598953962326,0.4271964430809021,0.9763419032096863,0.9999688267707825,0.9999962449073792,1.0,1.0,0.0,1.0,1.0,1.0,1.0,1.0,1.0,1.0,0.11512225866317749,0.23032747209072113,0.0,3.766417648876086e-06,3.11732292175293e-05,0.02365809679031372,0.5728030800819397,1.038420557975769,1.046558141708374,0.0,0.0,0.0,0.0,0.0,0.0,0.0,0.0,0.0
SC-INR-NoSinc,bsd100,101087.png,x4,x3,tanh_signed,2.1,False,0.3907771706581116,0.014460449106991291,0.0,0.0,0.15243196487426758,0.44240546226501465,-1.1829514503479004,-0.48429590463638306,-0.2623956501483917,0.010405557230114937,1.0459460020065308,2.0555832386016846,2.092064619064331,0.15805645287036896,0.4080897867679596,-1.0597102642059326,-0.38371387124061584,-0.26029080152511597,0.015203889459371567,0.9721434712409973,2.07672119140625,2.0981061458587646,0.3924086093902588,0.5064510703086853,7.870490662753582e-05,0.003035114612430334,0.008707791566848755,0.2408391237258911,1.3134077787399292,2.4707510471343994,2.7172837257385254,0.15243196487426758,0.44240546226501465,-1.1829514503479004,-0.48429590463638306,-0.2623956501483917,0.010405557230114937,1.0459460020065308,2.0555832386016846,2.092064619064331,0.15805645287036896,0.4080897867679596,-1.0597102642059326,-0.38371387124061584,-0.26029080152511597,0.015203889459371567,0.9721434712409973,2.07672119140625,2.0981061458587646,0.3924086093902588,0.5064510703086853,7.870490662753582e-05,0.003035114612430334,0.008707791566848755,0.2408391237258911,1.3134077787399292,2.4707510471343994,2.7172837257385254,0.937766432762146,0.14296002686023712,0.20009182393550873,0.2695901095867157,0.7132379412651062,0.9894367456436157,0.9999861717224121,0.9999983310699463,1.0,1.0,0.0,1.0,1.0,1.0,1.0,1.0,1.0,1.0,0.062233563512563705,0.14296002686023712,0.0,1.6689300537109375e-06,1.3828277587890625e-05,0.010563284158706665,0.2867617905139923,0.7304099798202515,0.7999081611633301,0.0,0.0,0.0,0.0,0.0,0.0,0.0,0.0,0.0
SC-INR-NoSinc,bsd100,101087.png,x4,x4,tanh_signed,2.1,False,0.3907771706581116,0.014460449106991291,0.0,0.0,0.15243196487426758,0.44240546226501465,-1.1829514503479004,-0.48429590463638306,-0.2623956501483917,0.010405557230114937,1.0459460020065308,2.0555832386016846,2.092064619064331,0.15805645287036896,0.4080897867679596,-1.0597102642059326,-0.38371387124061584,-0.26029080152511597,0.015203889459371567,0.9721434712409973,2.07672119140625,2.0981061458587646,0.3924086093902588,0.5064510703086853,7.870490662753582e-05,0.003035114612430334,0.008707791566848755,0.2408391237258911,1.3134077787399292,2.4707510471343994,2.7172837257385254,0.15243196487426758,0.44240546226501465,-1.1829514503479004,-0.48429590463638306,-0.2623956501483917,0.010405557230114937,1.0459460020065308,2.0555832386016846,2.092064619064331,0.15805645287036896,0.4080897867679596,-1.0597102642059326,-0.38371387124061584,-0.26029080152511597,0.015203889459371567,0.9721434712409973,2.07672119140625,2.0981061458587646,0.3924086093902588,0.5064510703086853,7.870490662753582e-05,0.003035114612430334,0.008707791566848755,0.2408391237258911,1.3134077787399292,2.4707510471343994,2.7172837257385254,0.9621431827545166,0.09178614616394043,0.4366859793663025,0.5065223574638367,0.8318553566932678,0.9940487742424011,0.9999921917915344,0.9999990463256836,1.0,1.0,0.0,1.0,1.0,1.0,1.0,1.0,1.0,1.0,0.03785676509141922,0.09178614616394043,0.0,9.5367431640625e-07,7.808208465576172e-06,0.005951225757598877,0.16814450919628143,0.4934776723384857,0.5633140206336975,0.0,0.0,0.0,0.0,0.0,0.0,0.0,0.0,0.0
SC-INR-NoSinc,bsd100,101087.png,x4,x6,tanh_signed,2.1,False,0.3907771706581116,0.014460449106991291,0.0,0.0,0.15243196487426758,0.44240546226501465,-1.1829514503479004,-0.48429590463638306,-0.2623956501483917,0.010405557230114937,1.0459460020065308,2.0555832386016846,2.092064619064331,0.15805645287036896,0.4080897867679596,-1.0597102642059326,-0.38371387124061584,-0.26029080152511597,0.015203889459371567,0.9721434712409973,2.07672119140625,2.0981061458587646,0.3924086093902588,0.5064510703086853,7.870490662753582e-05,0.003035114612430334,0.008707791566848755,0.2408391237258911,1.3134077787399292,2.4707510471343994,2.7172837257385254,0.15243196487426758,0.44240546226501465,-1.1829514503479004,-0.48429590463638306,-0.2623956501483917,0.010405557230114937,1.0459460020065308,2.0555832386016846,2.092064619064331,0.15805645287036896,0.4080897867679596,-1.0597102642059326,-0.38371387124061584,-0.26029080152511597,0.015203889459371567,0.9721434712409973,2.07672119140625,2.0981061458587646,0.3924086093902588,0.5064510703086853,7.870490662753582e-05,0.003035114612430334,0.008707791566848755,0.2408391237258911,1.3134077787399292,2.4707510471343994,2.7172837257385254,0.982148289680481,0.045060962438583374,0.7048236727714539,0.7495163083076477,0.9230220913887024,0.9973520040512085,0.999996542930603,0.9999995827674866,1.0,1.0,0.0,1.0,1.0,1.0,1.0,1.0,1.0,1.0,0.0178516898304224,0.045060962438583374,0.0,4.172325134277344e-07,3.4570693969726562e-06,0.002647966146469116,0.07697784155607224,0.2504837214946747,0.29517632722854614,0.0,0.0,0.0,0.0,0.0,0.0,0.0,0.0,0.0
SC-INR-NoSinc,bsd100,101087.png,x4,x8,tanh_signed,2.1,False,0.3907771706581116,0.014460449106991291,0.0,0.0,0.15243196487426758,0.44240546226501465,-1.1829514503479004,-0.48429590463638306,-0.2623956501483917,0.010405557230114937,1.0459460020065308,2.0555832386016846,2.092064619064331,0.15805645287036896,0.4080897867679596,-1.0597102642059326,-0.38371387124061584,-0.26029080152511597,0.015203889459371567,0.9721434712409973,2.07672119140625,2.0981061458587646,0.3924086093902588,0.5064510703086853,7.870490662753582e-05,0.003035114612430334,0.008707791566848755,0.2408391237258911,1.3134077787399292,2.4707510471343994,2.7172837257385254,0.15243196487426758,0.44240546226501465,-1.1829514503479004,-0.48429590463638306,-0.2623956501483917,0.010405557230114937,1.0459460020065308,2.0555832386016846,2.092064619064331,0.15805645287036896,0.4080897867679596,-1.0597102642059326,-0.38371387124061584,-0.26029080152511597,0.015203889459371567,0.9721434712409973,2.07672119140625,2.0981061458587646,0.3924086093902588,0.5064510703086853,7.870490662753582e-05,0.003035114612430334,0.008707791566848755,0.2408391237258911,1.3134077787399292,2.4707510471343994,2.7172837257385254,0.9897412657737732,0.02627064473927021,0.8239989280700684,0.8523329496383667,0.9562490582466125,0.99850994348526,0.9999980926513672,0.9999997615814209,1.0,1.0,0.0,1.0,1.0,1.0,1.0,1.0,1.0,1.0,0.010258681140840054,0.02627064473927021,0.0,2.384185791015625e-07,1.9073486328125e-06,0.0014900565147399902,0.04375089704990387,0.14766710996627808,0.17600107192993164,0.0,0.0,0.0,0.0,0.0,0.0,0.0,0.0,0.0
SC-INR-NoSinc,bsd100,101087.png,x4,x12,tanh_signed,2.1,False,0.3907771706581116,0.014460449106991291,0.0,0.0,0.15243196487426758,0.44240546226501465,-1.1829514503479004,-0.48429590463638306,-0.2623956501483917,0.010405557230114937,1.0459460020065308,2.0555832386016846,2.092064619064331,0.15805645287036896,0.4080897867679596,-1.0597102642059326,-0.38371387124061584,-0.26029080152511597,0.015203889459371567,0.9721434712409973,2.07672119140625,2.0981061458587646,0.3924086093902588,0.5064510703086853,7.870490662753582e-05,0.003035114612430334,0.008707791566848755,0.2408391237258911,1.3134077787399292,2.4707510471343994,2.7172837257385254,0.15243196487426758,0.44240546226501465,-1.1829514503479004,-0.48429590463638306,-0.2623956501483917,0.010405557230114937,1.0459460020065308,2.0555832386016846,2.092064619064331,0.15805645287036896,0.4080897867679596,-1.0597102642059326,-0.38371387124061584,-0.26029080152511597,0.015203889459371567,0.9721434712409973,2.07672119140625,2.0981061458587646,0.3924086093902588,0.5064510703086853,7.870490662753582e-05,0.003035114612430334,0.008707791566848755,0.2408391237258911,1.3134077787399292,2.4707510471343994,2.7172837257385254,0.9953694343566895,0.011981956660747528,0.9184378385543823,0.9321234822273254,0.9804108142852783,0.9993375539779663,0.9999991655349731,0.9999998807907104,1.0,1.0,0.0,1.0,1.0,1.0,1.0,1.0,1.0,1.0,0.004630597308278084,0.011981956660747528,0.0,1.1920928955078125e-07,8.344650268554688e-07,0.0006624758243560791,0.019589168950915337,0.06787657737731934,0.08156216144561768,0.0,0.0,0.0,0.0,0.0,0.0,0.0,0.0,0.0
SC-INR-NoSinc,bsd100,101087.png,x4,x16,tanh_signed,2.1,False,0.3907771706581116,0.014460449106991291,0.0,0.0,0.15243196487426758,0.44240546226501465,-1.1829514503479004,-0.48429590463638306,-0.2623956501483917,0.010405557230114937,1.0459460020065308,2.0555832386016846,2.092064619064331,0.15805645287036896,0.4080897867679596,-1.0597102642059326,-0.38371387124061584,-0.26029080152511597,0.015203889459371567,0.9721434712409973,2.07672119140625,2.0981061458587646,0.3924086093902588,0.5064510703086853,7.870490662753582e-05,0.003035114612430334,0.008707791566848755,0.2408391237258911,1.3134077787399292,2.4707510471343994,2.7172837257385254,0.15243196487426758,0.44240546226501465,-1.1829514503479004,-0.48429590463638306,-0.2623956501483917,0.010405557230114937,1.0459460020065308,2.0555832386016846,2.092064619064331,0.15805645287036896,0.4080897867679596,-1.0597102642059326,-0.38371387124061584,-0.26029080152511597,0.015203889459371567,0.9721434712409973,2.07672119140625,2.0981061458587646,0.3924086093902588,0.5064510703086853,7.870490662753582e-05,0.003035114612430334,0.008707791566848755,0.2408391237258911,1.3134077787399292,2.4707510471343994,2.7172837257385254,0.9973810315132141,0.006801587995141745,0.9534435868263245,0.9613659977912903,0.9889525771141052,0.9996273517608643,0.9999995231628418,0.9999999403953552,1.0,1.0,0.0,1.0,1.0,1.0,1.0,1.0,1.0,1.0,0.002618981758132577,0.006801587995141745,0.0,5.960464477539063e-08,4.76837158203125e-07,0.0003726780414581299,0.01104741171002388,0.03863399848341942,0.04655641317367554,0.0,0.0,0.0,0.0,0.0,0.0,0.0,0.0,0.0
SC-INR-NoSinc,bsd100,101087.png,x4,x24,tanh_signed,2.1,False,0.3907771706581116,0.014460449106991291,0.0,0.0,0.15243196487426758,0.44240546226501465,-1.1829514503479004,-0.48429590463638306,-0.2623956501483917,0.010405557230114937,1.0459460020065308,2.0555832386016846,2.092064619064331,0.15805645287036896,0.4080897867679596,-1.0597102642059326,-0.38371387124061584,-0.26029080152511597,0.015203889459371567,0.9721434712409973,2.07672119140625,2.0981061458587646,0.3924086093902588,0.5064510703086853,7.870490662753582e-05,0.003035114612430334,0.008707791566848755,0.2408391237258911,1.3134077787399292,2.4707510471343994,2.7172837257385254,0.15243196487426758,0.44240546226501465,-1.1829514503479004,-0.48429590463638306,-0.2623956501483917,0.010405557230114937,1.0459460020065308,2.0555832386016846,2.092064619064331,0.15805645287036896,0.4080897867679596,-1.0597102642059326,-0.38371387124061584,-0.26029080152511597,0.015203889459371567,0.9721434712409973,2.07672119140625,2.0981061458587646,0.3924086093902588,0.5064510703086853,7.870490662753582e-05,0.003035114612430334,0.008707791566848755,0.2408391237258911,1.3134077787399292,2.4707510471343994,2.7172837257385254,0.9988314509391785,0.0030427388846874237,0.9790900349617004,0.9826838970184326,0.9950809478759766,0.9998343586921692,0.9999998211860657,1.0,1.0,1.0,0.0,1.0,1.0,1.0,1.0,1.0,1.0,1.0,0.0011685594217851758,0.0030427388846874237,0.0,0.0,1.7881393432617188e-07,0.00016564130783081055,0.004919020459055901,0.01731613278388977,0.02090996503829956,0.0,0.0,0.0,0.0,0.0,0.0,0.0,0.0,0.0
SC-INR-NoSinc,bsd100,101087.png,x4,x30,tanh_signed,2.1,False,0.3907771706581116,0.014460449106991291,0.0,0.0,0.15243196487426758,0.44240546226501465,-1.1829514503479004,-0.48429590463638306,-0.2623956501483917,0.010405557230114937,1.0459460020065308,2.0555832386016846,2.092064619064331,0.15805645287036896,0.4080897867679596,-1.0597102642059326,-0.38371387124061584,-0.26029080152511597,0.015203889459371567,0.9721434712409973,2.07672119140625,2.0981061458587646,0.3924086093902588,0.5064510703086853,7.870490662753582e-05,0.003035114612430334,0.008707791566848755,0.2408391237258911,1.3134077787399292,2.4707510471343994,2.7172837257385254,0.15243196487426758,0.44240546226501465,-1.1829514503479004,-0.48429590463638306,-0.2623956501483917,0.010405557230114937,1.0459460020065308,2.0555832386016846,2.092064619064331,0.15805645287036896,0.4080897867679596,-1.0597102642059326,-0.38371387124061584,-0.26029080152511597,0.015203889459371567,0.9721434712409973,2.07672119140625,2.0981061458587646,0.3924086093902588,0.5064510703086853,7.870490662753582e-05,0.003035114612430334,0.008707791566848755,0.2408391237258911,1.3134077787399292,2.4707510471343994,2.7172837257385254,0.9992512464523315,0.0019510252168402076,0.9865772724151611,0.9888906478881836,0.9968500733375549,0.9998940229415894,0.9999998807907104,1.0,1.0,1.0,0.0,1.0,1.0,1.0,1.0,1.0,1.0,1.0,0.0007487216498702765,0.0019510252168402076,0.0,0.0,1.1920928955078125e-07,0.00010600686073303223,0.0031499327160418034,0.011109336279332638,0.013422727584838867,0.0,0.0,0.0,0.0,0.0,0.0,0.0,0.0,0.0
SC-INR-NoSinc,bsd100,102061.png,x4,x2,tanh_signed,2.1,False,0.39282146096229553,0.01398315466940403,0.027371419593691826,0.0,0.15100541710853577,0.4393818974494934,-0.9257258176803589,-0.4696880578994751,-0.2656276524066925,0.01232006773352623,1.0365993976593018,2.049226999282837,2.0906121730804443,0.15703332424163818,0.40928152203559875,-1.0434849262237549,-0.3851454257965088,-0.2533431947231293,0.01564166322350502,0.9857709407806396,2.0684006214141846,2.0988876819610596,0.39058738946914673,0.5054417848587036,0.00017779640620574355,0.0039599621668457985,0.010087434202432632,0.24080318212509155,1.3181655406951904,2.499478340148926,2.697990655899048,0.15100541710853577,0.4393818974494934,-0.9257258176803589,-0.4696880578994751,-0.2656276524066925,0.01232006773352623,1.0365993976593018,2.049226999282837,2.0906121730804443,0.15703332424163818,0.40928152203559875,-1.0434849262237549,-0.3851454257965088,-0.2533431947231293,0.01564166322350502,0.9857709407806396,2.0684006214141846,2.0988876819610596,0.39058738946914673,0.5054417848587036,0.00017779640620574355,0.0039599621668457985,0.010087434202432632,0.24080318212509155,1.3181655406951904,2.499478340148926,2.697990655899048,0.8857895731925964,0.22982364892959595,-0.0469248965382576,-0.03569730371236801,0.4238891303539276,0.9763465523719788,0.9999580979347229,0.9999935626983643,1.0,1.0,0.0,1.0,1.0,1.0,1.0,1.0,1.0,1.0,0.1142103374004364,0.22982364892959595,0.0,6.4373016357421875e-06,4.189610626781359e-05,0.02365344762802124,0.5761100053787231,1.035697340965271,1.0469249486923218,0.0,0.0,0.0,0.0,0.0,0.0,0.0,0.0,0.0
SC-INR-NoSinc,bsd100,102061.png,x4,x3,tanh_signed,2.1,False,0.39282146096229553,0.01398315466940403,0.0,0.0,0.15100541710853577,0.4393818974494934,-0.9257258176803589,-0.4696880578994751,-0.2656276524066925,0.01232006773352623,1.0365993976593018,2.049226999282837,2.0906121730804443,0.15703332424163818,0.40928152203559875,-1.0434849262237549,-0.3851454257965088,-0.2533431947231293,0.01564166322350502,0.9857709407806396,2.0684006214141846,2.0988876819610596,0.39058738946914673,0.5054417848587036,0.00017779640620574355,0.0039599621668457985,0.010087434202432632,0.24080318212509155,1.3181655406951904,2.499478340148926,2.697990655899048,0.15100541710853577,0.4393818974494934,-0.9257258176803589,-0.4696880578994751,-0.2656276524066925,0.01232006773352623,1.0365993976593018,2.049226999282837,2.0906121730804443,0.15703332424163818,0.40928152203559875,-1.0434849262237549,-0.3851454257965088,-0.2533431947231293,0.01564166322350502,0.9857709407806396,2.0684006214141846,2.0988876819610596,0.39058738946914673,0.5054417848587036,0.00017779640620574355,0.0039599621668457985,0.010087434202432632,0.24080318212509155,1.3181655406951904,2.499478340148926,2.697990655899048,0.9382098913192749,0.14276406168937683,0.20553483068943024,0.26132187247276306,0.7113441824913025,0.9894379377365112,0.9999814033508301,0.9999971389770508,1.0,1.0,0.0,1.0,1.0,1.0,1.0,1.0,1.0,1.0,0.06179012730717659,0.14276406168937683,0.0,2.86102294921875e-06,1.8596649169921875e-05,0.01056206226348877,0.2886553108692169,0.7386782169342041,0.794465184211731,0.0,0.0,0.0,0.0,0.0,0.0,0.0,0.0,0.0
SC-INR-NoSinc,bsd100,102061.png,x4,x4,tanh_signed,2.1,False,0.39282146096229553,0.01398315466940403,0.0,0.0,0.15100541710853577,0.4393818974494934,-0.9257258176803589,-0.4696880578994751,-0.2656276524066925,0.01232006773352623,1.0365993976593018,2.049226999282837,2.0906121730804443,0.15703332424163818,0.40928152203559875,-1.0434849262237549,-0.3851454257965088,-0.2533431947231293,0.01564166322350502,0.9857709407806396,2.0684006214141846,2.0988876819610596,0.39058738946914673,0.5054417848587036,0.00017779640620574355,0.0039599621668457985,0.010087434202432632,0.24080318212509155,1.3181655406951904,2.499478340148926,2.697990655899048,0.15100541710853577,0.4393818974494934,-0.9257258176803589,-0.4696880578994751,-0.2656276524066925,0.01232006773352623,1.0365993976593018,2.049226999282837,2.0906121730804443,0.15703332424163818,0.40928152203559875,-1.0434849262237549,-0.3851454257965088,-0.2533431947231293,0.01564166322350502,0.9857709407806396,2.0684006214141846,2.0988876819610596,0.39058738946914673,0.5054417848587036,0.00017779640620574355,0.0039599621668457985,0.010087434202432632,0.24080318212509155,1.3181655406951904,2.499478340148926,2.697990655899048,0.9623961448669434,0.0917159914970398,0.4422524571418762,0.4986205995082855,0.8306964635848999,0.9940493702888489,0.9999895095825195,0.9999984502792358,1.0,1.0,0.0,1.0,1.0,1.0,1.0,1.0,1.0,1.0,0.037603918462991714,0.0917159914970398,0.0,1.5497207641601562e-06,1.049041748046875e-05,0.005950629711151123,0.16930322349071503,0.5013794302940369,0.5577475428581238,0.0,0.0,0.0,0.0,0.0,0.0,0.0,0.0,0.0
SC-INR-NoSinc,bsd100,102061.png,x4,x6,tanh_signed,2.1,False,0.39282146096229553,0.01398315466940403,0.0,0.0,0.15100541710853577,0.4393818974494934,-0.9257258176803589,-0.4696880578994751,-0.2656276524066925,0.01232006773352623,1.0365993976593018,2.049226999282837,2.0906121730804443,0.15703332424163818,0.40928152203559875,-1.0434849262237549,-0.3851454257965088,-0.2533431947231293,0.01564166322350502,0.9857709407806396,2.0684006214141846,2.0988876819610596,0.39058738946914673,0.5054417848587036,0.00017779640620574355,0.0039599621668457985,0.010087434202432632,0.24080318212509155,1.3181655406951904,2.499478340148926,2.697990655899048,0.15100541710853577,0.4393818974494934,-0.9257258176803589,-0.4696880578994751,-0.2656276524066925,0.01232006773352623,1.0365993976593018,2.049226999282837,2.0906121730804443,0.15703332424163818,0.40928152203559875,-1.0434849262237549,-0.3851454257965088,-0.2533431947231293,0.01564166322350502,0.9857709407806396,2.0684006214141846,2.0988876819610596,0.39058738946914673,0.5054417848587036,0.00017779640620574355,0.0039599621668457985,0.010087434202432632,0.24080318212509155,1.3181655406951904,2.499478340148926,2.697990655899048,0.9822607636451721,0.045050330460071564,0.7084311246871948,0.7445218563079834,0.9224759340286255,0.9973526000976562,0.9999953508377075,0.9999992847442627,1.0,1.0,0.0,1.0,1.0,1.0,1.0,1.0,1.0,1.0,0.017739206552505493,0.045050330460071564,0.0,7.152557373046875e-07,4.649162292480469e-06,0.0026474297046661377,0.07752393931150436,0.2554782032966614,0.2915688753128052,0.0,0.0,0.0,0.0,0.0,0.0,0.0,0.0,0.0
SC-INR-NoSinc,bsd100,102061.png,x4,x8,tanh_signed,2.1,False,0.39282146096229553,0.01398315466940403,0.0,0.0,0.15100541710853577,0.4393818974494934,-0.9257258176803589,-0.4696880578994751,-0.2656276524066925,0.01232006773352623,1.0365993976593018,2.049226999282837,2.0906121730804443,0.15703332424163818,0.40928152203559875,-1.0434849262237549,-0.3851454257965088,-0.2533431947231293,0.01564166322350502,0.9857709407806396,2.0684006214141846,2.0988876819610596,0.39058738946914673,0.5054417848587036,0.00017779640620574355,0.0039599621668457985,0.010087434202432632,0.24080318212509155,1.3181655406951904,2.499478340148926,2.697990655899048,0.15100541710853577,0.4393818974494934,-0.9257258176803589,-0.4696880578994751,-0.2656276524066925,0.01232006773352623,1.0365993976593018,2.049226999282837,2.0906121730804443,0.15703332424163818,0.40928152203559875,-1.0434849262237549,-0.3851454257965088,-0.2533431947231293,0.01564166322350502,0.9857709407806396,2.0684006214141846,2.0988876819610596,0.39058738946914673,0.5054417848587036,0.00017779640620574355,0.0039599621668457985,0.010087434202432632,0.24080318212509155,1.3181655406951904,2.499478340148926,2.697990655899048,0.9898044466972351,0.026269733905792236,0.8262974619865417,0.8491691946983337,0.955935537815094,0.9985103607177734,0.9999973773956299,0.9999996423721313,1.0,1.0,0.0,1.0,1.0,1.0,1.0,1.0,1.0,1.0,0.010195521637797356,0.026269733905792236,0.0,3.5762786865234375e-07,2.6226043701171875e-06,0.0014896690845489502,0.04406435787677765,0.15083087980747223,0.17370253801345825,0.0,0.0,0.0,0.0,0.0,0.0,0.0,0.0,0.0
SC-INR-NoSinc,bsd100,102061.png,x4,x12,tanh_signed,2.1,False,0.39282146096229553,0.01398315466940403,0.0,0.0,0.15100541710853577,0.4393818974494934,-0.9257258176803589,-0.4696880578994751,-0.2656276524066925,0.01232006773352623,1.0365993976593018,2.049226999282837,2.0906121730804443,0.15703332424163818,0.40928152203559875,-1.0434849262237549,-0.3851454257965088,-0.2533431947231293,0.01564166322350502,0.9857709407806396,2.0684006214141846,2.0988876819610596,0.39058738946914673,0.5054417848587036,0.00017779640620574355,0.0039599621668457985,0.010087434202432632,0.24080318212509155,1.3181655406951904,2.499478340148926,2.697990655899048,0.15100541710853577,0.4393818974494934,-0.9257258176803589,-0.4696880578994751,-0.2656276524066925,0.01232006773352623,1.0365993976593018,2.049226999282837,2.0906121730804443,0.15703332424163818,0.40928152203559875,-1.0434849262237549,-0.3851454257965088,-0.2533431947231293,0.01564166322350502,0.9857709407806396,2.0684006214141846,2.0988876819610596,0.39058738946914673,0.5054417848587036,0.00017779640620574355,0.0039599621668457985,0.010087434202432632,0.24080318212509155,1.3181655406951904,2.499478340148926,2.697990655899048,0.9953974485397339,0.01198331918567419,0.9195522665977478,0.9305956959724426,0.9802693724632263,0.9993377923965454,0.9999988675117493,0.9999998211860657,1.0,1.0,0.0,1.0,1.0,1.0,1.0,1.0,1.0,1.0,0.00460258312523365,0.01198331918567419,0.0,1.7881393432617188e-07,1.1324882507324219e-06,0.0006622076034545898,0.019730597734451294,0.06940431147813797,0.0804477334022522,0.0,0.0,0.0,0.0,0.0,0.0,0.0,0.0,0.0
SC-INR-NoSinc,bsd100,102061.png,x4,x16,tanh_signed,2.1,False,0.39282146096229553,0.01398315466940403,0.0,0.0,0.15100541710853577,0.4393818974494934,-0.9257258176803589,-0.4696880578994751,-0.2656276524066925,0.01232006773352623,1.0365993976593018,2.049226999282837,2.0906121730804443,0.15703332424163818,0.40928152203559875,-1.0434849262237549,-0.3851454257965088,-0.2533431947231293,0.01564166322350502,0.9857709407806396,2.0684006214141846,2.0988876819610596,0.39058738946914673,0.5054417848587036,0.00017779640620574355,0.0039599621668457985,0.010087434202432632,0.24080318212509155,1.3181655406951904,2.499478340148926,2.697990655899048,0.15100541710853577,0.4393818974494934,-0.9257258176803589,-0.4696880578994751,-0.2656276524066925,0.01232006773352623,1.0365993976593018,2.049226999282837,2.0906121730804443,0.15703332424163818,0.40928152203559875,-1.0434849262237549,-0.3851454257965088,-0.2533431947231293,0.01564166322350502,0.9857709407806396,2.0684006214141846,2.0988876819610596,0.39058738946914673,0.5054417848587036,0.00017779640620574355,0.0039599621668457985,0.010087434202432632,0.24080318212509155,1.3181655406951904,2.499478340148926,2.697990655899048,0.9973967671394348,0.006802720483392477,0.9540895819664001,0.9604818820953369,0.9888725876808167,0.999627411365509,0.9999993443489075,0.9999999403953552,1.0,1.0,0.0,1.0,1.0,1.0,1.0,1.0,1.0,1.0,0.0026032368186861277,0.006802720483392477,0.0,5.960464477539063e-08,6.556510925292969e-07,0.0003725886344909668,0.011127368547022343,0.039518099278211594,0.045910418033599854,0.0,0.0,0.0,0.0,0.0,0.0,0.0,0.0,0.0
SC-INR-NoSinc,bsd100,102061.png,x4,x24,tanh_signed,2.1,False,0.39282146096229553,0.01398315466940403,0.0,0.0,0.15100541710853577,0.4393818974494934,-0.9257258176803589,-0.4696880578994751,-0.2656276524066925,0.01232006773352623,1.0365993976593018,2.049226999282837,2.0906121730804443,0.15703332424163818,0.40928152203559875,-1.0434849262237549,-0.3851454257965088,-0.2533431947231293,0.01564166322350502,0.9857709407806396,2.0684006214141846,2.0988876819610596,0.39058738946914673,0.5054417848587036,0.00017779640620574355,0.0039599621668457985,0.010087434202432632,0.24080318212509155,1.3181655406951904,2.499478340148926,2.697990655899048,0.15100541710853577,0.4393818974494934,-0.9257258176803589,-0.4696880578994751,-0.2656276524066925,0.01232006773352623,1.0365993976593018,2.049226999282837,2.0906121730804443,0.15703332424163818,0.40928152203559875,-1.0434849262237549,-0.3851454257965088,-0.2533431947231293,0.01564166322350502,0.9857709407806396,2.0684006214141846,2.0988876819610596,0.39058738946914673,0.5054417848587036,0.00017779640620574355,0.0039599621668457985,0.010087434202432632,0.24080318212509155,1.3181655406951904,2.499478340148926,2.697990655899048,0.998838484287262,0.003043361473828554,0.9793835282325745,0.982282280921936,0.9950452446937561,0.999834418296814,0.9999997019767761,1.0,1.0,1.0,0.0,1.0,1.0,1.0,1.0,1.0,1.0,1.0,0.0011615657713264227,0.003043361473828554,0.0,0.0,2.980232238769531e-07,0.00016555190086364746,0.0049547660164535046,0.017717739567160606,0.020616471767425537,0.0,0.0,0.0,0.0,0.0,0.0,0.0,0.0,0.0
SC-INR-NoSinc,bsd100,102061.png,x4,x30,tanh_signed,2.1,False,0.39282146096229553,0.01398315466940403,0.0,0.0,0.15100541710853577,0.4393818974494934,-0.9257258176803589,-0.4696880578994751,-0.2656276524066925,0.01232006773352623,1.0365993976593018,2.049226999282837,2.0906121730804443,0.15703332424163818,0.40928152203559875,-1.0434849262237549,-0.3851454257965088,-0.2533431947231293,0.01564166322350502,0.9857709407806396,2.0684006214141846,2.0988876819610596,0.39058738946914673,0.5054417848587036,0.00017779640620574355,0.0039599621668457985,0.010087434202432632,0.24080318212509155,1.3181655406951904,2.499478340148926,2.697990655899048,0.15100541710853577,0.4393818974494934,-0.9257258176803589,-0.4696880578994751,-0.2656276524066925,0.01232006773352623,1.0365993976593018,2.049226999282837,2.0906121730804443,0.15703332424163818,0.40928152203559875,-1.0434849262237549,-0.3851454257965088,-0.2533431947231293,0.01564166322350502,0.9857709407806396,2.0684006214141846,2.0988876819610596,0.39058738946914673,0.5054417848587036,0.00017779640620574355,0.0039599621668457985,0.010087434202432632,0.24080318212509155,1.3181655406951904,2.499478340148926,2.697990655899048,0.9992557764053345,0.0019514459418132901,0.9867660403251648,0.988632082939148,0.996827244758606,0.9998940229415894,0.9999998211860657,1.0,1.0,1.0,0.0,1.0,1.0,1.0,1.0,1.0,1.0,1.0,0.0007442478672601283,0.0019514459418132901,0.0,0.0,1.7881393432617188e-07,0.00010597705841064453,0.0031727307941764593,0.011367889121174812,0.013233959674835205,0.0,0.0,0.0,0.0,0.0,0.0,0.0,0.0,0.0
SC-INR-NoSinc,urban100,img_001.png,x4,x2,tanh_signed,2.1,False,0.4009145498275757,0.011897969990968704,0.02297329157590866,0.0,0.4264070987701416,0.5585541725158691,-0.45835304260253906,-0.18573546409606934,-0.08148472011089325,0.2126704901456833,1.9733418226242065,2.0342533588409424,2.0879223346710205,-0.05659571662545204,0.15661266446113586,-0.8718816637992859,-0.5614845156669617,-0.39077597856521606,-0.01368757989257574,0.13613270223140717,0.24742627143859863,0.5488776564598083,0.4955099821090698,0.5253629684448242,0.00011097586684627458,0.004717289004474878,0.013712155632674694,0.3358699083328247,1.973530650138855,2.035113573074341,2.0880520343780518,0.4264070987701416,0.5585541725158691,-0.45835304260253906,-0.18573546409606934,-0.08148472011089325,0.2126704901456833,1.9733418226242065,2.0342533588409424,2.0879223346710205,-0.05659571662545204,0.15661266446113586,-0.8718816637992859,-0.5614845156669617,-0.39077597856521606,-0.01368757989257574,0.13613270223140717,0.24742627143859863,0.5488776564598083,0.4955099821090698,0.5253629684448242,0.00011097586684627458,0.004717289004474878,0.013712155632674694,0.3358699083328247,1.973530650138855,2.035113573074341,2.0880520343780518,0.8368662595748901,0.2552652955055237,-0.04196687787771225,-0.016811536625027657,0.013489477336406708,0.9543966054916382,0.9999226927757263,0.9999908804893494,1.0,1.0,0.0,1.0,1.0,1.0,1.0,1.0,1.0,1.0,0.16313374042510986,0.2552652955055237,0.0,9.119510650634766e-06,7.731616642558947e-05,0.04560336470603943,0.9865105152130127,1.016811490058899,1.0419669151306152,0.0,0.0,0.0,0.0,0.0,0.0,0.0,0.0,0.0
SC-INR-NoSinc,urban100,img_001.png,x4,x3,tanh_signed,2.1,False,0.4009145498275757,0.011897969990968704,0.0,0.0,0.4264070987701416,0.5585541725158691,-0.45835304260253906,-0.18573546409606934,-0.08148472011089325,0.2126704901456833,1.9733418226242065,2.0342533588409424,2.0879223346710205,-0.05659571662545204,0.15661266446113586,-0.8718816637992859,-0.5614845156669617,-0.39077597856521606,-0.01368757989257574,0.13613270223140717,0.24742627143859863,0.5488776564598083,0.4955099821090698,0.5253629684448242,0.00011097586684627458,0.004717289004474878,0.013712155632674694,0.3358699083328247,1.973530650138855,2.035113573074341,2.0880520343780518,0.4264070987701416,0.5585541725158691,-0.45835304260253906,-0.18573546409606934,-0.08148472011089325,0.2126704901456833,1.9733418226242065,2.0342533588409424,2.0879223346710205,-0.05659571662545204,0.15661266446113586,-0.8718816637992859,-0.5614845156669617,-0.39077597856521606,-0.01368757989257574,0.13613270223140717,0.24742627143859863,0.5488776564598083,0.4955099821090698,0.5253629684448242,0.00011097586684627458,0.004717289004474878,0.013712155632674694,0.3358699083328247,1.973530650138855,2.035113573074341,2.0880520343780518,0.9159713387489319,0.1451992690563202,0.3733444809913635,0.3976372480392456,0.4255979061126709,0.9795411825180054,0.9999656081199646,0.9999959468841553,1.0,1.0,0.0,1.0,1.0,1.0,1.0,1.0,1.0,1.0,0.08402867615222931,0.1451992690563202,0.0,4.0531158447265625e-06,3.439188003540039e-05,0.020458847284317017,0.5744020342826843,0.6023627519607544,0.6266555190086365,0.0,0.0,0.0,0.0,0.0,0.0,0.0,0.0,0.0
SC-INR-NoSinc,urban100,img_001.png,x4,x4,tanh_signed,2.1,False,0.4009145498275757,0.011897969990968704,0.0,0.0,0.4264070987701416,0.5585541725158691,-0.45835304260253906,-0.18573546409606934,-0.08148472011089325,0.2126704901456833,1.9733418226242065,2.0342533588409424,2.0879223346710205,-0.05659571662545204,0.15661266446113586,-0.8718816637992859,-0.5614845156669617,-0.39077597856521606,-0.01368757989257574,0.13613270223140717,0.24742627143859863,0.5488776564598083,0.4955099821090698,0.5253629684448242,0.00011097586684627458,0.004717289004474878,0.013712155632674694,0.3358699083328247,1.973530650138855,2.035113573074341,2.0880520343780518,0.4264070987701416,0.5585541725158691,-0.45835304260253906,-0.18573546409606934,-0.08148472011089325,0.2126704901456833,1.9733418226242065,2.0342533588409424,2.0879223346710205,-0.05659571662545204,0.15661266446113586,-0.8718816637992859,-0.5614845156669617,-0.39077597856521606,-0.01368757989257574,0.13613270223140717,0.24742627143859863,0.5488776564598083,0.4955099821090698,0.5253629684448242,0.00011097586684627458,0.004717289004474878,0.013712155632674694,0.3358699083328247,1.973530650138855,2.035113573074341,2.0880520343780518,0.9500954151153564,0.08929005265235901,0.6083244681358337,0.6254570484161377,0.6450228691101074,0.9884524345397949,0.9999806880950928,0.9999977350234985,1.0,1.0,0.0,1.0,1.0,1.0,1.0,1.0,1.0,1.0,0.04990450665354729,0.08929005265235901,0.0,2.2649765014648438e-06,1.9320847059134394e-05,0.011547595262527466,0.3549771010875702,0.3745429515838623,0.39167553186416626,0.0,0.0,0.0,0.0,0.0,0.0,0.0,0.0,0.0
SC-INR-NoSinc,urban100,img_001.png,x4,x6,tanh_signed,2.1,False,0.4009145498275757,0.011897969990968704,0.0,0.0,0.4264070987701416,0.5585541725158691,-0.45835304260253906,-0.18573546409606934,-0.08148472011089325,0.2126704901456833,1.9733418226242065,2.0342533588409424,2.0879223346710205,-0.05659571662545204,0.15661266446113586,-0.8718816637992859,-0.5614845156669617,-0.39077597856521606,-0.01368757989257574,0.13613270223140717,0.24742627143859863,0.5488776564598083,0.4955099821090698,0.5253629684448242,0.00011097586684627458,0.004717289004474878,0.013712155632674694,0.3358699083328247,1.973530650138855,2.035113573074341,2.0880520343780518,0.4264070987701416,0.5585541725158691,-0.45835304260253906,-0.18573546409606934,-0.08148472011089325,0.2126704901456833,1.9733418226242065,2.0342533588409424,2.0879223346710205,-0.05659571662545204,0.15661266446113586,-0.8718816637992859,-0.5614845156669617,-0.39077597856521606,-0.01368757989257574,0.13613270223140717,0.24742627143859863,0.5488776564598083,0.4955099821090698,0.5253629684448242,0.00011097586684627458,0.004717289004474878,0.013712155632674694,0.3358699083328247,1.973530650138855,2.035113573074341,2.0880520343780518,0.976923942565918,0.04232022538781166,0.8123568892478943,0.8212237358093262,0.8312997221946716,0.9948551654815674,0.9999914169311523,0.9999989867210388,1.0,1.0,0.0,1.0,1.0,1.0,1.0,1.0,1.0,1.0,0.023076023906469345,0.04232022538781166,0.0,1.0132789611816406e-06,8.58306884765625e-06,0.005144864320755005,0.16870029270648956,0.17877629399299622,0.1876431107521057,0.0,0.0,0.0,0.0,0.0,0.0,0.0,0.0,0.0
SC-INR-NoSinc,urban100,img_001.png,x4,x8,tanh_signed,2.1,False,0.4009145498275757,0.011897969990968704,0.0,0.0,0.4264070987701416,0.5585541725158691,-0.45835304260253906,-0.18573546409606934,-0.08148472011089325,0.2126704901456833,1.9733418226242065,2.0342533588409424,2.0879223346710205,-0.05659571662545204,0.15661266446113586,-0.8718816637992859,-0.5614845156669617,-0.39077597856521606,-0.01368757989257574,0.13613270223140717,0.24742627143859863,0.5488776564598083,0.4955099821090698,0.5253629684448242,0.00011097586684627458,0.004717289004474878,0.013712155632674694,0.3358699083328247,1.973530650138855,2.035113573074341,2.0880520343780518,0.4264070987701416,0.5585541725158691,-0.45835304260253906,-0.18573546409606934,-0.08148472011089325,0.2126704901456833,1.9733418226242065,2.0342533588409424,2.0879223346710205,-0.05659571662545204,0.15661266446113586,-0.8718816637992859,-0.5614845156669617,-0.39077597856521606,-0.01368757989257574,0.13613270223140717,0.24742627143859863,0.5488776564598083,0.4955099821090698,0.5253629684448242,0.00011097586684627458,0.004717289004474878,0.013712155632674694,0.3358699083328247,1.973530650138855,2.035113573074341,2.0880520343780518,0.9868364334106445,0.024349506944417953,0.8916479349136353,0.8969014883041382,0.9028589129447937,0.9971036911010742,0.9999951720237732,0.999999463558197,1.0,1.0,0.0,1.0,1.0,1.0,1.0,1.0,1.0,1.0,0.013163546100258827,0.024349506944417953,0.0,5.364418029785156e-07,4.827976226806641e-06,0.0028962790966033936,0.09714110195636749,0.10309852659702301,0.10835206508636475,0.0,0.0,0.0,0.0,0.0,0.0,0.0,0.0,0.0
SC-INR-NoSinc,urban100,img_001.png,x4,x12,tanh_signed,2.1,False,0.4009145498275757,0.011897969990968704,0.0,0.0,0.4264070987701416,0.5585541725158691,-0.45835304260253906,-0.18573546409606934,-0.08148472011089325,0.2126704901456833,1.9733418226242065,2.0342533588409424,2.0879223346710205,-0.05659571662545204,0.15661266446113586,-0.8718816637992859,-0.5614845156669617,-0.39077597856521606,-0.01368757989257574,0.13613270223140717,0.24742627143859863,0.5488776564598083,0.4955099821090698,0.5253629684448242,0.00011097586684627458,0.004717289004474878,0.013712155632674694,0.3358699083328247,1.973530650138855,2.035113573074341,2.0880520343780518,0.4264070987701416,0.5585541725158691,-0.45835304260253906,-0.18573546409606934,-0.08148472011089325,0.2126704901456833,1.9733418226242065,2.0342533588409424,2.0879223346710205,-0.05659571662545204,0.15661266446113586,-0.8718816637992859,-0.5614845156669617,-0.39077597856521606,-0.01368757989257574,0.13613270223140717,0.24742627143859863,0.5488776564598083,0.4955099821090698,0.5253629684448242,0.00011097586684627458,0.004717289004474878,0.013712155632674694,0.3358699083328247,1.973530650138855,2.035113573074341,2.0880520343780518,0.9940903782844543,0.010998533107340336,0.9509345293045044,0.9533565640449524,0.9560989737510681,0.9987120032310486,0.9999978542327881,0.9999997615814209,1.0,1.0,0.0,1.0,1.0,1.0,1.0,1.0,1.0,1.0,0.0059096431359648705,0.010998533107340336,0.0,2.384185791015625e-07,2.1457672119140625e-06,0.001287996768951416,0.04390101507306099,0.0466434620320797,0.049065470695495605,0.0,0.0,0.0,0.0,0.0,0.0,0.0,0.0,0.0
SC-INR-NoSinc,urban100,img_001.png,x4,x16,tanh_signed,2.1,False,0.4009145498275757,0.011897969990968704,0.0,0.0,0.4264070987701416,0.5585541725158691,-0.45835304260253906,-0.18573546409606934,-0.08148472011089325,0.2126704901456833,1.9733418226242065,2.0342533588409424,2.0879223346710205,-0.05659571662545204,0.15661266446113586,-0.8718816637992859,-0.5614845156669617,-0.39077597856521606,-0.01368757989257574,0.13613270223140717,0.24742627143859863,0.5488776564598083,0.4955099821090698,0.5253629684448242,0.00011097586684627458,0.004717289004474878,0.013712155632674694,0.3358699083328247,1.973530650138855,2.035113573074341,2.0880520343780518,0.4264070987701416,0.5585541725158691,-0.45835304260253906,-0.18573546409606934,-0.08148472011089325,0.2126704901456833,1.9733418226242065,2.0342533588409424,2.0879223346710205,-0.05659571662545204,0.15661266446113586,-0.8718816637992859,-0.5614845156669617,-0.39077597856521606,-0.01368757989257574,0.13613270223140717,0.24742627143859863,0.5488776564598083,0.4955099821090698,0.5253629684448242,0.00011097586684627458,0.004717289004474878,0.013712155632674694,0.3358699083328247,1.973530650138855,2.035113573074341,2.0880520343780518,0.9966641068458557,0.006221844349056482,0.9722195267677307,0.9735992550849915,0.9751610159873962,0.9992753267288208,0.9999988079071045,0.9999998807907104,1.0,1.0,0.0,1.0,1.0,1.0,1.0,1.0,1.0,1.0,0.003335936227813363,0.006221844349056482,0.0,1.1920928955078125e-07,1.1920928955078125e-06,0.0007247030735015869,0.0248390045017004,0.02640073373913765,0.027780473232269287,0.0,0.0,0.0,0.0,0.0,0.0,0.0,0.0,0.0
SC-INR-NoSinc,urban100,img_001.png,x4,x24,tanh_signed,2.1,False,0.4009145498275757,0.011897969990968704,0.0,0.0,0.4264070987701416,0.5585541725158691,-0.45835304260253906,-0.18573546409606934,-0.08148472011089325,0.2126704901456833,1.9733418226242065,2.0342533588409424,2.0879223346710205,-0.05659571662545204,0.15661266446113586,-0.8718816637992859,-0.5614845156669617,-0.39077597856521606,-0.01368757989257574,0.13613270223140717,0.24742627143859863,0.5488776564598083,0.4955099821090698,0.5253629684448242,0.00011097586684627458,0.004717289004474878,0.013712155632674694,0.3358699083328247,1.973530650138855,2.035113573074341,2.0880520343780518,0.4264070987701416,0.5585541725158691,-0.45835304260253906,-0.18573546409606934,-0.08148472011089325,0.2126704901456833,1.9733418226242065,2.0342533588409424,2.0879223346710205,-0.05659571662545204,0.15661266446113586,-0.8718816637992859,-0.5614845156669617,-0.39077597856521606,-0.01368757989257574,0.13613270223140717,0.24742627143859863,0.5488776564598083,0.4955099821090698,0.5253629684448242,0.00011097586684627458,0.004717289004474878,0.013712155632674694,0.3358699083328247,1.973530650138855,2.035113573074341,2.0880520343780518,0.9985135793685913,0.0027764886617660522,0.98759526014328,0.9882140755653381,0.9889142513275146,0.9996778964996338,0.999999463558197,0.9999999403953552,1.0,1.0,0.0,1.0,1.0,1.0,1.0,1.0,1.0,1.0,0.0014863876858726144,0.0027764886617660522,0.0,5.960464477539063e-08,5.364418029785156e-07,0.00032213330268859863,0.011085733771324158,0.011785898357629776,0.01240473985671997,0.0,0.0,0.0,0.0,0.0,0.0,0.0,0.0,0.0
SC-INR-NoSinc,urban100,img_001.png,x4,x30,tanh_signed,2.1,False,0.4009145498275757,0.011897969990968704,0.0,0.0,0.4264070987701416,0.5585541725158691,-0.45835304260253906,-0.18573546409606934,-0.08148472011089325,0.2126704901456833,1.9733418226242065,2.0342533588409424,2.0879223346710205,-0.05659571662545204,0.15661266446113586,-0.8718816637992859,-0.5614845156669617,-0.39077597856521606,-0.01368757989257574,0.13613270223140717,0.24742627143859863,0.5488776564598083,0.4955099821090698,0.5253629684448242,0.00011097586684627458,0.004717289004474878,0.013712155632674694,0.3358699083328247,1.973530650138855,2.035113573074341,2.0880520343780518,0.4264070987701416,0.5585541725158691,-0.45835304260253906,-0.18573546409606934,-0.08148472011089325,0.2126704901456833,1.9733418226242065,2.0342533588409424,2.0879223346710205,-0.05659571662545204,0.15661266446113586,-0.8718816637992859,-0.5614845156669617,-0.39077597856521606,-0.01368757989257574,0.13613270223140717,0.24742627143859863,0.5488776564598083,0.4955099821090698,0.5253629684448242,0.00011097586684627458,0.004717289004474878,0.013712155632674694,0.3358699083328247,1.973530650138855,2.035113573074341,2.0880520343780518,0.9990480542182922,0.00177902786526829,0.9920503497123718,0.9924474358558655,0.9928966164588928,0.9997938275337219,0.9999996423721313,1.0,1.0,1.0,0.0,1.0,1.0,1.0,1.0,1.0,1.0,1.0,0.0009519803570583463,0.00177902786526829,0.0,0.0,3.5762786865234375e-07,0.00020617246627807617,0.007103362586349249,0.007552576716989279,0.007949650287628174,0.0,0.0,0.0,0.0,0.0,0.0,0.0,0.0,0.0
SC-INR-NoSinc,urban100,img_002.png,x4,x2,tanh_signed,2.1,False,0.39306730031967163,0.01431640051305294,0.02831093594431877,0.0,0.07399018108844757,0.401540070772171,-1.3565481901168823,-0.8972607851028442,-0.39452502131462097,0.01112181507050991,0.8814499974250793,2.0336520671844482,2.09173583984375,0.17932532727718353,0.4068549573421478,-0.8751448392868042,-0.3897593915462494,-0.24525992572307587,0.05755971372127533,0.9656053185462952,2.070312261581421,2.0977425575256348,0.4010929763317108,0.45113405585289,0.0008138342527672648,0.009107451885938644,0.0231479462236166,0.2751425504684448,1.2431995868682861,2.093782901763916,2.7317769527435303,0.07399018108844757,0.401540070772171,-1.3565481901168823,-0.8972607851028442,-0.39452502131462097,0.01112181507050991,0.8814499974250793,2.0336520671844482,2.09173583984375,0.17932532727718353,0.4068549573421478,-0.8751448392868042,-0.3897593915462494,-0.24525992572307587,0.05755971372127533,0.9656053185462952,2.070312261581421,2.0977425575256348,0.4010929763317108,0.45113405585289,0.0008138342527672648,0.009107451885938644,0.0231479462236166,0.2751425504684448,1.2431995868682861,2.093782901763916,2.7317769527435303,0.8901621699333191,0.2094961404800415,-0.046395450830459595,-0.035809848457574844,0.4755162000656128,0.9692218899726868,0.9997797012329102,0.9999659061431885,0.9999997019767761,1.0,0.0,1.0,1.0,1.0,1.0,1.0,1.0,1.0,0.10983783006668091,0.2094961404800415,2.980232238769531e-07,3.409624332562089e-05,0.000220310699660331,0.030778110027313232,0.5244840383529663,1.0358097553253174,1.0463954210281372,0.0,0.0,0.0,0.0,0.0,0.0,0.0,0.0,0.0
SC-INR-NoSinc,urban100,img_002.png,x4,x3,tanh_signed,2.1,False,0.39306730031967163,0.01431640051305294,0.0,0.0,0.07399018108844757,0.401540070772171,-1.3565481901168823,-0.8972607851028442,-0.39452502131462097,0.01112181507050991,0.8814499974250793,2.0336520671844482,2.09173583984375,0.17932532727718353,0.4068549573421478,-0.8751448392868042,-0.3897593915462494,-0.24525992572307587,0.05755971372127533,0.9656053185462952,2.070312261581421,2.0977425575256348,0.4010929763317108,0.45113405585289,0.0008138342527672648,0.009107451885938644,0.0231479462236166,0.2751425504684448,1.2431995868682861,2.093782901763916,2.7317769527435303,0.07399018108844757,0.401540070772171,-1.3565481901168823,-0.8972607851028442,-0.39452502131462097,0.01112181507050991,0.8814499974250793,2.0336520671844482,2.09173583984375,0.17932532727718353,0.4068549573421478,-0.8751448392868042,-0.3897593915462494,-0.24525992572307587,0.05755971372127533,0.9656053185462952,2.070312261581421,2.0977425575256348,0.4010929763317108,0.45113405585289,0.0008138342527672648,0.009107451885938644,0.0231479462236166,0.2751425504684448,1.2431995868682861,2.093782901763916,2.7317769527435303,0.9427680373191833,0.1254444569349289,0.19561849534511566,0.37076646089553833,0.7406827211380005,0.9862360954284668,0.999902069568634,0.999984860420227,0.9999999403953552,1.0,0.0,1.0,1.0,1.0,1.0,1.0,1.0,1.0,0.057232074439525604,0.1254444569349289,5.960464477539063e-08,1.5165805962169543e-05,9.790659532882273e-05,0.013763904571533203,0.2593173682689667,0.6292335391044617,0.8043814897537231,0.0,0.0,0.0,0.0,0.0,0.0,0.0,0.0,0.0
SC-INR-NoSinc,urban100,img_002.png,x4,x4,tanh_signed,2.1,False,0.39306730031967163,0.01431640051305294,0.0,0.0,0.07399018108844757,0.401540070772171,-1.3565481901168823,-0.8972607851028442,-0.39452502131462097,0.01112181507050991,0.8814499974250793,2.0336520671844482,2.09173583984375,0.17932532727718353,0.4068549573421478,-0.8751448392868042,-0.3897593915462494,-0.24525992572307587,0.05755971372127533,0.9656053185462952,2.070312261581421,2.0977425575256348,0.4010929763317108,0.45113405585289,0.0008138342527672648,0.009107451885938644,0.0231479462236166,0.2751425504684448,1.2431995868682861,2.093782901763916,2.7317769527435303,0.07399018108844757,0.401540070772171,-1.3565481901168823,-0.8972607851028442,-0.39452502131462097,0.01112181507050991,0.8814499974250793,2.0336520671844482,2.09173583984375,0.17932532727718353,0.4068549573421478,-0.8751448392868042,-0.3897593915462494,-0.24525992572307587,0.05755971372127533,0.9656053185462952,2.070312261581421,2.0977425575256348,0.4010929763317108,0.45113405585289,0.0008138342527672648,0.009107451885938644,0.0231479462236166,0.2751425504684448,1.2431995868682861,2.093782901763916,2.7317769527435303,0.9656997919082642,0.0795789510011673,0.4323365390300751,0.6064778566360474,0.8485264778137207,0.9922397136688232,0.9999448657035828,0.9999914765357971,0.9999999403953552,1.0,0.0,1.0,1.0,1.0,1.0,1.0,1.0,1.0,0.03430022671818733,0.0795789510011673,5.960464477539063e-08,8.506774975103326e-06,5.5110456742113456e-05,0.007760286331176758,0.1514735072851181,0.39352214336395264,0.5676634311676025,0.0,0.0,0.0,0.0,0.0,0.0,0.0,0.0,0.0
SC-INR-NoSinc,urban100,img_002.png,x4,x6,tanh_signed,2.1,False,0.39306730031967163,0.01431640051305294,0.0,0.0,0.07399018108844757,0.401540070772171,-1.3565481901168823,-0.8972607851028442,-0.39452502131462097,0.01112181507050991,0.8814499974250793,2.0336520671844482,2.09173583984375,0.17932532727718353,0.4068549573421478,-0.8751448392868042,-0.3897593915462494,-0.24525992572307587,0.05755971372127533,0.9656053185462952,2.070312261581421,2.0977425575256348,0.4010929763317108,0.45113405585289,0.0008138342527672648,0.009107451885938644,0.0231479462236166,0.2751425504684448,1.2431995868682861,2.093782901763916,2.7317769527435303,0.07399018108844757,0.401540070772171,-1.3565481901168823,-0.8972607851028442,-0.39452502131462097,0.01112181507050991,0.8814499974250793,2.0336520671844482,2.09173583984375,0.17932532727718353,0.4068549573421478,-0.8751448392868042,-0.3897593915462494,-0.24525992572307587,0.05755971372127533,0.9656053185462952,2.070312261581421,2.0977425575256348,0.4010929763317108,0.45113405585289,0.0008138342527672648,0.009107451885938644,0.0231479462236166,0.2751425504684448,1.2431995868682861,2.093782901763916,2.7317769527435303,0.9840052723884583,0.03875977545976639,0.7020641565322876,0.8113910555839539,0.9308618307113647,0.9965450763702393,0.9999755024909973,0.9999961853027344,1.0,1.0,0.0,1.0,1.0,1.0,1.0,1.0,1.0,1.0,0.01599474437534809,0.03875977545976639,0.0,3.7980080378474668e-06,2.4473669327562675e-05,0.003454923629760742,0.06913815438747406,0.18860891461372375,0.2979358434677124,0.0,0.0,0.0,0.0,0.0,0.0,0.0,0.0,0.0
SC-INR-NoSinc,urban100,img_002.png,x4,x8,tanh_signed,2.1,False,0.39306730031967163,0.01431640051305294,0.0,0.0,0.07399018108844757,0.401540070772171,-1.3565481901168823,-0.8972607851028442,-0.39452502131462097,0.01112181507050991,0.8814499974250793,2.0336520671844482,2.09173583984375,0.17932532727718353,0.4068549573421478,-0.8751448392868042,-0.3897593915462494,-0.24525992572307587,0.05755971372127533,0.9656053185462952,2.070312261581421,2.0977425575256348,0.4010929763317108,0.45113405585289,0.0008138342527672648,0.009107451885938644,0.0231479462236166,0.2751425504684448,1.2431995868682861,2.093782901763916,2.7317769527435303,0.07399018108844757,0.401540070772171,-1.3565481901168823,-0.8972607851028442,-0.39452502131462097,0.01112181507050991,0.8814499974250793,2.0336520671844482,2.09173583984375,0.17932532727718353,0.4068549573421478,-0.8751448392868042,-0.3897593915462494,-0.24525992572307587,0.05755971372127533,0.9656053185462952,2.070312261581421,2.0977425575256348,0.4010929763317108,0.45113405585289,0.0008138342527672648,0.009107451885938644,0.0231479462236166,0.2751425504684448,1.2431995868682861,2.093782901763916,2.7317769527435303,0.990845263004303,0.022538339719176292,0.8222505450248718,0.8910737633705139,0.9607471823692322,0.9980554580688477,0.9999862313270569,0.9999978542327881,1.0,1.0,0.0,1.0,1.0,1.0,1.0,1.0,1.0,1.0,0.009154771454632282,0.022538339719176292,0.0,2.1457672119140625e-06,1.3768672943115234e-05,0.0019445419311523438,0.039252810180187225,0.10892623662948608,0.17774945497512817,0.0,0.0,0.0,0.0,0.0,0.0,0.0,0.0,0.0
SC-INR-NoSinc,urban100,img_002.png,x4,x12,tanh_signed,2.1,False,0.39306730031967163,0.01431640051305294,0.0,0.0,0.07399018108844757,0.401540070772171,-1.3565481901168823,-0.8972607851028442,-0.39452502131462097,0.01112181507050991,0.8814499974250793,2.0336520671844482,2.09173583984375,0.17932532727718353,0.4068549573421478,-0.8751448392868042,-0.3897593915462494,-0.24525992572307587,0.05755971372127533,0.9656053185462952,2.070312261581421,2.0977425575256348,0.4010929763317108,0.45113405585289,0.0008138342527672648,0.009107451885938644,0.0231479462236166,0.2751425504684448,1.2431995868682861,2.093782901763916,2.7317769527435303,0.07399018108844757,0.401540070772171,-1.3565481901168823,-0.8972607851028442,-0.39452502131462097,0.01112181507050991,0.8814499974250793,2.0336520671844482,2.09173583984375,0.17932532727718353,0.4068549573421478,-0.8751448392868042,-0.3897593915462494,-0.24525992572307587,0.05755971372127533,0.9656053185462952,2.070312261581421,2.0977425575256348,0.4010929763317108,0.45113405585289,0.0008138342527672648,0.009107451885938644,0.0231479462236166,0.2751425504684448,1.2431995868682861,2.093782901763916,2.7317769527435303,0.995879590511322,0.010261219926178455,0.9175930619239807,0.9506691098213196,0.982438325881958,0.999135434627533,0.9999938607215881,0.9999990463256836,1.0,1.0,0.0,1.0,1.0,1.0,1.0,1.0,1.0,1.0,0.00412036944180727,0.010261219926178455,0.0,9.5367431640625e-07,6.139278411865234e-06,0.000864565372467041,0.017561687156558037,0.04933089390397072,0.08240693807601929,0.0,0.0,0.0,0.0,0.0,0.0,0.0,0.0,0.0
SC-INR-NoSinc,urban100,img_002.png,x4,x16,tanh_signed,2.1,False,0.39306730031967163,0.01431640051305294,0.0,0.0,0.07399018108844757,0.401540070772171,-1.3565481901168823,-0.8972607851028442,-0.39452502131462097,0.01112181507050991,0.8814499974250793,2.0336520671844482,2.09173583984375,0.17932532727718353,0.4068549573421478,-0.8751448392868042,-0.3897593915462494,-0.24525992572307587,0.05755971372127533,0.9656053185462952,2.070312261581421,2.0977425575256348,0.4010929763317108,0.45113405585289,0.0008138342527672648,0.009107451885938644,0.0231479462236166,0.2751425504684448,1.2431995868682861,2.093782901763916,2.7317769527435303,0.07399018108844757,0.401540070772171,-1.3565481901168823,-0.8972607851028442,-0.39452502131462097,0.01112181507050991,0.8814499974250793,2.0336520671844482,2.09173583984375,0.17932532727718353,0.4068549573421478,-0.8751448392868042,-0.3897593915462494,-0.24525992572307587,0.05755971372127533,0.9656053185462952,2.070312261581421,2.0977425575256348,0.4010929763317108,0.45113405585289,0.0008138342527672648,0.009107451885938644,0.0231479462236166,0.2751425504684448,1.2431995868682861,2.093782901763916,2.7317769527435303,0.9976719617843628,0.005821221508085728,0.9529544115066528,0.9720682501792908,0.9900985956192017,0.9995136857032776,0.999996542930603,0.999999463558197,1.0,1.0,0.0,1.0,1.0,1.0,1.0,1.0,1.0,1.0,0.0023280344903469086,0.005821221508085728,0.0,5.364418029785156e-07,3.4570693969726562e-06,0.0004863142967224121,0.009901393204927444,0.027931757271289825,0.04704558849334717,0.0,0.0,0.0,0.0,0.0,0.0,0.0,0.0,0.0
SC-INR-NoSinc,urban100,img_002.png,x4,x24,tanh_signed,2.1,False,0.39306730031967163,0.01431640051305294,0.0,0.0,0.07399018108844757,0.401540070772171,-1.3565481901168823,-0.8972607851028442,-0.39452502131462097,0.01112181507050991,0.8814499974250793,2.0336520671844482,2.09173583984375,0.17932532727718353,0.4068549573421478,-0.8751448392868042,-0.3897593915462494,-0.24525992572307587,0.05755971372127533,0.9656053185462952,2.070312261581421,2.0977425575256348,0.4010929763317108,0.45113405585289,0.0008138342527672648,0.009107451885938644,0.0231479462236166,0.2751425504684448,1.2431995868682861,2.093782901763916,2.7317769527435303,0.07399018108844757,0.401540070772171,-1.3565481901168823,-0.8972607851028442,-0.39452502131462097,0.01112181507050991,0.8814499974250793,2.0336520671844482,2.09173583984375,0.17932532727718353,0.4068549573421478,-0.8751448392868042,-0.3897593915462494,-0.24525992572307587,0.05755971372127533,0.9656053185462952,2.070312261581421,2.0977425575256348,0.4010929763317108,0.45113405585289,0.0008138342527672648,0.009107451885938644,0.0231479462236166,0.2751425504684448,1.2431995868682861,2.093782901763916,2.7317769527435303,0.9989619851112366,0.0026030305307358503,0.978868305683136,0.9875273108482361,0.9955921173095703,0.9997838139533997,0.9999985098838806,0.9999997615814209,1.0,1.0,0.0,1.0,1.0,1.0,1.0,1.0,1.0,1.0,0.0010379855521023273,0.0026030305307358503,0.0,2.384185791015625e-07,1.4901161193847656e-06,0.0002161860466003418,0.004407871514558792,0.012472663074731827,0.021131694316864014,0.0,0.0,0.0,0.0,0.0,0.0,0.0,0.0,0.0
SC-INR-NoSinc,urban100,img_002.png,x4,x30,tanh_signed,2.1,False,0.39306730031967163,0.01431640051305294,0.0,0.0,0.07399018108844757,0.401540070772171,-1.3565481901168823,-0.8972607851028442,-0.39452502131462097,0.01112181507050991,0.8814499974250793,2.0336520671844482,2.09173583984375,0.17932532727718353,0.4068549573421478,-0.8751448392868042,-0.3897593915462494,-0.24525992572307587,0.05755971372127533,0.9656053185462952,2.070312261581421,2.0977425575256348,0.4010929763317108,0.45113405585289,0.0008138342527672648,0.009107451885938644,0.0231479462236166,0.2751425504684448,1.2431995868682861,2.093782901763916,2.7317769527435303,0.07399018108844757,0.401540070772171,-1.3565481901168823,-0.8972607851028442,-0.39452502131462097,0.01112181507050991,0.8814499974250793,2.0336520671844482,2.09173583984375,0.17932532727718353,0.4068549573421478,-0.8751448392868042,-0.3897593915462494,-0.24525992572307587,0.05755971372127533,0.9656053185462952,2.070312261581421,2.0977425575256348,0.4010929763317108,0.45113405585289,0.0008138342527672648,0.009107451885938644,0.0231479462236166,0.2751425504684448,1.2431995868682861,2.093782901763916,2.7317769527435303,0.9993350505828857,0.0016688737086951733,0.9864343404769897,0.9920067191123962,0.9971775412559509,0.9998616576194763,0.9999990463256836,0.9999998807907104,1.0,1.0,0.0,1.0,1.0,1.0,1.0,1.0,1.0,1.0,0.0006649213028140366,0.0016688737086951733,0.0,1.1920928955078125e-07,9.5367431640625e-07,0.00013834238052368164,0.0028224471025168896,0.00799325481057167,0.013565659523010254,0.0,0.0,0.0,0.0,0.0,0.0,0.0,0.0,0.0
SC-INR-NoSinc,urban100,img_003.png,x4,x2,tanh_signed,2.1,False,0.40530627965927124,0.010810313746333122,0.02091405540704727,0.0,0.06098559871315956,0.4062998592853546,-1.502758264541626,-0.8732460737228394,-0.44110003113746643,0.005334082059562206,0.8700641393661499,1.985169529914856,2.0834364891052246,0.1736828237771988,0.3967643678188324,-1.1918197870254517,-0.3872707486152649,-0.2141779214143753,0.05346016213297844,0.9594827890396118,2.052786350250244,2.0977180004119873,0.40036195516586304,0.44282814860343933,0.0003038741124328226,0.009603007696568966,0.025813797488808632,0.2764055132865906,1.2370877265930176,2.094132423400879,2.6930646896362305,0.06098559871315956,0.4062998592853546,-1.502758264541626,-0.8732460737228394,-0.44110003113746643,0.005334082059562206,0.8700641393661499,1.985169529914856,2.0834364891052246,0.1736828237771988,0.3967643678188324,-1.1918197870254517,-0.3872707486152649,-0.2141779214143753,0.05346016213297844,0.9594827890396118,2.052786350250244,2.0977180004119873,0.40036195516586304,0.44282814860343933,0.0003038741124328226,0.009603007696568966,0.025813797488808632,0.2764055132865906,1.2370877265930176,2.094132423400879,2.6930646896362305,0.8910487294197083,0.20711134374141693,-0.04639529064297676,-0.028998149558901787,0.47958967089653015,0.9688974618911743,0.9997259974479675,0.9999620318412781,0.9999999403953552,1.0,0.0,1.0,1.0,1.0,1.0,1.0,1.0,1.0,0.10895127803087234,0.20711134374141693,5.960464477539063e-08,3.79669654648751e-05,0.0002740025520324707,0.031102538108825684,0.5204100012779236,1.0289981365203857,1.0463953018188477,0.0,0.0,0.0,0.0,0.0,0.0,0.0,0.0,0.0
SC-INR-NoSinc,urban100,img_003.png,x4,x3,tanh_signed,2.1,False,0.40530627965927124,0.010810313746333122,0.0,0.0,0.06098559871315956,0.4062998592853546,-1.502758264541626,-0.8732460737228394,-0.44110003113746643,0.005334082059562206,0.8700641393661499,1.985169529914856,2.0834364891052246,0.1736828237771988,0.3967643678188324,-1.1918197870254517,-0.3872707486152649,-0.2141779214143753,0.05346016213297844,0.9594827890396118,2.052786350250244,2.0977180004119873,0.40036195516586304,0.44282814860343933,0.0003038741124328226,0.009603007696568966,0.025813797488808632,0.2764055132865906,1.2370877265930176,2.094132423400879,2.6930646896362305,0.06098559871315956,0.4062998592853546,-1.502758264541626,-0.8732460737228394,-0.44110003113746643,0.005334082059562206,0.8700641393661499,1.985169529914856,2.0834364891052246,0.1736828237771988,0.3967643678188324,-1.1918197870254517,-0.3872707486152649,-0.2141779214143753,0.05346016213297844,0.9594827890396118,2.052786350250244,2.0977180004119873,0.40036195516586304,0.44282814860343933,0.0003038741124328226,0.009603007696568966,0.025813797488808632,0.2764055132865906,1.2370877265930176,2.094132423400879,2.6930646896362305,0.943579375743866,0.12259158492088318,0.20520098507404327,0.3708251416683197,0.7429041862487793,0.9860988855361938,0.9998782277107239,0.9999830722808838,1.0,1.0,0.0,1.0,1.0,1.0,1.0,1.0,1.0,1.0,0.05642060190439224,0.12259158492088318,0.0,1.690745193627663e-05,0.00012177228927612305,0.013901114463806152,0.25709572434425354,0.6291748285293579,0.7947990298271179,0.0,0.0,0.0,0.0,0.0,0.0,0.0,0.0,0.0
SC-INR-NoSinc,urban100,img_003.png,x4,x4,tanh_signed,2.1,False,0.40530627965927124,0.010810313746333122,0.0,0.0,0.06098559871315956,0.4062998592853546,-1.502758264541626,-0.8732460737228394,-0.44110003113746643,0.005334082059562206,0.8700641393661499,1.985169529914856,2.0834364891052246,0.1736828237771988,0.3967643678188324,-1.1918197870254517,-0.3872707486152649,-0.2141779214143753,0.05346016213297844,0.9594827890396118,2.052786350250244,2.0977180004119873,0.40036195516586304,0.44282814860343933,0.0003038741124328226,0.009603007696568966,0.025813797488808632,0.2764055132865906,1.2370877265930176,2.094132423400879,2.6930646896362305,0.06098559871315956,0.4062998592853546,-1.502758264541626,-0.8732460737228394,-0.44110003113746643,0.005334082059562206,0.8700641393661499,1.985169529914856,2.0834364891052246,0.1736828237771988,0.3967643678188324,-1.1918197870254517,-0.3872707486152649,-0.2141779214143753,0.05346016213297844,0.9594827890396118,2.052786350250244,2.0977180004119873,0.40036195516586304,0.44282814860343933,0.0003038741124328226,0.009603007696568966,0.025813797488808632,0.2764055132865906,1.2370877265930176,2.094132423400879,2.6930646896362305,0.9662903547286987,0.07727498561143875,0.44296684861183167,0.606495201587677,0.8499447703361511,0.9921661615371704,0.9999315142631531,0.9999905228614807,1.0,1.0,0.0,1.0,1.0,1.0,1.0,1.0,1.0,1.0,0.03370964154601097,0.07727498561143875,0.0,9.456872248847503e-06,6.850362115073949e-05,0.00783383846282959,0.1500551998615265,0.393504798412323,0.5570331811904907,0.0,0.0,0.0,0.0,0.0,0.0,0.0,0.0,0.0
SC-INR-NoSinc,urban100,img_003.png,x4,x6,tanh_signed,2.1,False,0.40530627965927124,0.010810313746333122,0.0,0.0,0.06098559871315956,0.4062998592853546,-1.502758264541626,-0.8732460737228394,-0.44110003113746643,0.005334082059562206,0.8700641393661499,1.985169529914856,2.0834364891052246,0.1736828237771988,0.3967643678188324,-1.1918197870254517,-0.3872707486152649,-0.2141779214143753,0.05346016213297844,0.9594827890396118,2.052786350250244,2.0977180004119873,0.40036195516586304,0.44282814860343933,0.0003038741124328226,0.009603007696568966,0.025813797488808632,0.2764055132865906,1.2370877265930176,2.094132423400879,2.6930646896362305,0.06098559871315956,0.4062998592853546,-1.502758264541626,-0.8732460737228394,-0.44110003113746643,0.005334082059562206,0.8700641393661499,1.985169529914856,2.0834364891052246,0.1736828237771988,0.3967643678188324,-1.1918197870254517,-0.3872707486152649,-0.2141779214143753,0.05346016213297844,0.9594827890396118,2.052786350250244,2.0977180004119873,0.40036195516586304,0.44282814860343933,0.0003038741124328226,0.009603007696568966,0.025813797488808632,0.2764055132865906,1.2370877265930176,2.094132423400879,2.6930646896362305,0.9843209981918335,0.037432827055454254,0.7091824412345886,0.8113281726837158,0.9315290451049805,0.9965135455131531,0.9999695420265198,0.999995768070221,1.0,1.0,0.0,1.0,1.0,1.0,1.0,1.0,1.0,1.0,0.015679020434617996,0.037432827055454254,0.0,4.211663508613128e-06,3.045797348022461e-05,0.003486454486846924,0.06847094744443893,0.18867182731628418,0.2908175587654114,0.0,0.0,0.0,0.0,0.0,0.0,0.0,0.0,0.0
SC-INR-NoSinc,urban100,img_003.png,x4,x8,tanh_signed,2.1,False,0.40530627965927124,0.010810313746333122,0.0,0.0,0.06098559871315956,0.4062998592853546,-1.502758264541626,-0.8732460737228394,-0.44110003113746643,0.005334082059562206,0.8700641393661499,1.985169529914856,2.0834364891052246,0.1736828237771988,0.3967643678188324,-1.1918197870254517,-0.3872707486152649,-0.2141779214143753,0.05346016213297844,0.9594827890396118,2.052786350250244,2.0977180004119873,0.40036195516586304,0.44282814860343933,0.0003038741124328226,0.009603007696568966,0.025813797488808632,0.2764055132865906,1.2370877265930176,2.094132423400879,2.6930646896362305,0.06098559871315956,0.4062998592853546,-1.502758264541626,-0.8732460737228394,-0.44110003113746643,0.005334082059562206,0.8700641393661499,1.985169529914856,2.0834364891052246,0.1736828237771988,0.3967643678188324,-1.1918197870254517,-0.3872707486152649,-0.2141779214143753,0.05346016213297844,0.9594827890396118,2.052786350250244,2.0977180004119873,0.40036195516586304,0.44282814860343933,0.0003038741124328226,0.009603007696568966,0.025813797488808632,0.2764055132865906,1.2370877265930176,2.094132423400879,2.6930646896362305,0.991034746170044,0.021721182391047478,0.8268259763717651,0.8910374045372009,0.9611287117004395,0.9980378150939941,0.9999828338623047,0.999997615814209,1.0,1.0,0.0,1.0,1.0,1.0,1.0,1.0,1.0,1.0,0.008965305984020233,0.021721182391047478,0.0,2.384185791015625e-06,1.7184018361149356e-05,0.0019621849060058594,0.03887130320072174,0.10896260291337967,0.17317402362823486,0.0,0.0,0.0,0.0,0.0,0.0,0.0,0.0,0.0
SC-INR-NoSinc,urban100,img_003.png,x4,x12,tanh_signed,2.1,False,0.40530627965927124,0.010810313746333122,0.0,0.0,0.06098559871315956,0.4062998592853546,-1.502758264541626,-0.8732460737228394,-0.44110003113746643,0.005334082059562206,0.8700641393661499,1.985169529914856,2.0834364891052246,0.1736828237771988,0.3967643678188324,-1.1918197870254517,-0.3872707486152649,-0.2141779214143753,0.05346016213297844,0.9594827890396118,2.052786350250244,2.0977180004119873,0.40036195516586304,0.44282814860343933,0.0003038741124328226,0.009603007696568966,0.025813797488808632,0.2764055132865906,1.2370877265930176,2.094132423400879,2.6930646896362305,0.06098559871315956,0.4062998592853546,-1.502758264541626,-0.8732460737228394,-0.44110003113746643,0.005334082059562206,0.8700641393661499,1.985169529914856,2.0834364891052246,0.1736828237771988,0.3967643678188324,-1.1918197870254517,-0.3872707486152649,-0.2141779214143753,0.05346016213297844,0.9594827890396118,2.052786350250244,2.0977180004119873,0.40036195516586304,0.44282814860343933,0.0003038741124328226,0.009603007696568966,0.025813797488808632,0.2764055132865906,1.2370877265930176,2.094132423400879,2.6930646896362305,0.9959677457809448,0.009873811155557632,0.9198240041732788,0.9506525993347168,0.9826098680496216,0.9991276264190674,0.9999923706054688,0.9999989867210388,1.0,1.0,0.0,1.0,1.0,1.0,1.0,1.0,1.0,1.0,0.004032180178910494,0.009873811155557632,0.0,1.0132789611816406e-06,7.62939453125e-06,0.0008723735809326172,0.017390118911862373,0.049347396939992905,0.08017599582672119,0.0,0.0,0.0,0.0,0.0,0.0,0.0,0.0,0.0
SC-INR-NoSinc,urban100,img_003.png,x4,x16,tanh_signed,2.1,False,0.40530627965927124,0.010810313746333122,0.0,0.0,0.06098559871315956,0.4062998592853546,-1.502758264541626,-0.8732460737228394,-0.44110003113746643,0.005334082059562206,0.8700641393661499,1.985169529914856,2.0834364891052246,0.1736828237771988,0.3967643678188324,-1.1918197870254517,-0.3872707486152649,-0.2141779214143753,0.05346016213297844,0.9594827890396118,2.052786350250244,2.0977180004119873,0.40036195516586304,0.44282814860343933,0.0003038741124328226,0.009603007696568966,0.025813797488808632,0.2764055132865906,1.2370877265930176,2.094132423400879,2.6930646896362305,0.06098559871315956,0.4062998592853546,-1.502758264541626,-0.8732460737228394,-0.44110003113746643,0.005334082059562206,0.8700641393661499,1.985169529914856,2.0834364891052246,0.1736828237771988,0.3967643678188324,-1.1918197870254517,-0.3872707486152649,-0.2141779214143753,0.05346016213297844,0.9594827890396118,2.052786350250244,2.0977180004119873,0.40036195516586304,0.44282814860343933,0.0003038741124328226,0.009603007696568966,0.025813797488808632,0.2764055132865906,1.2370877265930176,2.094132423400879,2.6930646896362305,0.9977223873138428,0.005598328076303005,0.9542500972747803,0.972058892250061,0.9901955723762512,0.9995092153549194,0.9999957084655762,0.9999994039535522,1.0,1.0,0.0,1.0,1.0,1.0,1.0,1.0,1.0,1.0,0.00227761990390718,0.005598328076303005,0.0,5.960464477539062e-07,4.291534423828125e-06,0.0004907846450805664,0.009804438799619675,0.02794109843671322,0.04574990272521973,0.0,0.0,0.0,0.0,0.0,0.0,0.0,0.0,0.0
SC-INR-NoSinc,urban100,img_003.png,x4,x24,tanh_signed,2.1,False,0.40530627965927124,0.010810313746333122,0.0,0.0,0.06098559871315956,0.4062998592853546,-1.502758264541626,-0.8732460737228394,-0.44110003113746643,0.005334082059562206,0.8700641393661499,1.985169529914856,2.0834364891052246,0.1736828237771988,0.3967643678188324,-1.1918197870254517,-0.3872707486152649,-0.2141779214143753,0.05346016213297844,0.9594827890396118,2.052786350250244,2.0977180004119873,0.40036195516586304,0.44282814860343933,0.0003038741124328226,0.009603007696568966,0.025813797488808632,0.2764055132865906,1.2370877265930176,2.094132423400879,2.6930646896362305,0.06098559871315956,0.4062998592853546,-1.502758264541626,-0.8732460737228394,-0.44110003113746643,0.005334082059562206,0.8700641393661499,1.985169529914856,2.0834364891052246,0.1736828237771988,0.3967643678188324,-1.1918197870254517,-0.3872707486152649,-0.2141779214143753,0.05346016213297844,0.9594827890396118,2.052786350250244,2.0977180004119873,0.40036195516586304,0.44282814860343933,0.0003038741124328226,0.009603007696568966,0.025813797488808632,0.2764055132865906,1.2370877265930176,2.094132423400879,2.6930646896362305,0.9989846348762512,0.0025023564230650663,0.9794572591781616,0.9875231981277466,0.9956352710723877,0.9997818470001221,0.9999980926513672,0.9999997615814209,1.0,1.0,0.0,1.0,1.0,1.0,1.0,1.0,1.0,1.0,0.0010153183247894049,0.0025023564230650663,0.0,2.384185791015625e-07,1.9073486328125e-06,0.0002181529998779297,0.004364711232483387,0.01247678603976965,0.02054274082183838,0.0,0.0,0.0,0.0,0.0,0.0,0.0,0.0,0.0
SC-INR-NoSinc,urban100,img_003.png,x4,x30,tanh_signed,2.1,False,0.40530627965927124,0.010810313746333122,0.0,0.0,0.06098559871315956,0.4062998592853546,-1.502758264541626,-0.8732460737228394,-0.44110003113746643,0.005334082059562206,0.8700641393661499,1.985169529914856,2.0834364891052246,0.1736828237771988,0.3967643678188324,-1.1918197870254517,-0.3872707486152649,-0.2141779214143753,0.05346016213297844,0.9594827890396118,2.052786350250244,2.0977180004119873,0.40036195516586304,0.44282814860343933,0.0003038741124328226,0.009603007696568966,0.025813797488808632,0.2764055132865906,1.2370877265930176,2.094132423400879,2.6930646896362305,0.06098559871315956,0.4062998592853546,-1.502758264541626,-0.8732460737228394,-0.44110003113746643,0.005334082059562206,0.8700641393661499,1.985169529914856,2.0834364891052246,0.1736828237771988,0.3967643678188324,-1.1918197870254517,-0.3872707486152649,-0.2141779214143753,0.05346016213297844,0.9594827890396118,2.052786350250244,2.0977180004119873,0.40036195516586304,0.44282814860343933,0.0003038741124328226,0.009603007696568966,0.025813797488808632,0.2764055132865906,1.2370877265930176,2.094132423400879,2.6930646896362305,0.9993495941162109,0.00160414248239249,0.9868137836456299,0.9920040965080261,0.9972053170204163,0.999860405921936,0.9999988079071045,0.9999998807907104,1.0,1.0,0.0,1.0,1.0,1.0,1.0,1.0,1.0,1.0,0.0006503662443719804,0.00160414248239249,0.0,1.1920928955078125e-07,1.1920928955078125e-06,0.00013959407806396484,0.0027946829795837402,0.007995927706360817,0.013186216354370117,0.0,0.0,0.0,0.0,0.0,0.0,0.0,0.0,0.0
SC-INR-EQ,bsd100,101085.png,x4,x2,fixed,2.1,True,0.31306764483451843,0.0,0.0,0.0,0.07996918261051178,0.4322062134742737,-1.3415030241012573,-1.2044011354446411,-0.7627514004707336,0.05751391500234604,0.635165274143219,1.515851616859436,1.789117455482483,0.29641711711883545,0.42588648200035095,-0.4358016848564148,-0.1920263171195984,-0.14679820835590363,0.17868778109550476,1.2628748416900635,1.557960033416748,1.9078216552734375,0.5130370259284973,0.4463548958301544,0.0003477419668342918,0.01691914163529873,0.04472793638706207,0.35155564546585083,1.445090413093567,1.5924004316329956,1.910739779472351,0.00022305546735879034,0.43954208493232727,-1.7803775072097778,-1.4538004398345947,-0.6695795655250549,0.002095032250508666,0.6682379245758057,1.45444917678833,1.789117455482483,0.000474897853564471,0.5188854932785034,-1.9078216552734375,-1.4917298555374146,-1.0400851964950562,-0.00041786374640651047,1.0444488525390625,1.4902124404907227,1.8831584453582764,0.5130370259284973,0.4463548958301544,0.0003477419668342918,0.01691914163529873,0.04472793638706207,0.35155564546585083,1.445090413093567,1.5924004316329956,1.910739779472351,0.8431397080421448,0.21735228598117828,0.047927044332027435,0.23978862166404724,0.33880549669265747,0.9501399993896484,0.9991774559020996,0.9998823404312134,1.0,0.8431397080421448,0.21735228598117828,0.047927044332027435,0.23978862166404724,0.33880549669265747,0.9501399993896484,0.9991774559020996,0.9998823404312134,1.0,0.15686027705669403,0.21735228598117828,0.0,0.00011768221884267405,0.0008225589990615845,0.04986003041267395,0.6611945033073425,0.7602114081382751,0.9520729780197144,0.15686027705669403,0.21735228598117828,0.0,0.00011768221884267405,0.0008225589990615845,0.04986003041267395,0.6611945033073425,0.7602114081382751,0.9520729780197144
SC-INR-EQ,bsd100,101085.png,x4,x3,fixed,2.1,True,0.31306764483451843,0.0,0.0,0.0,0.07996918261051178,0.4322062134742737,-1.3415030241012573,-1.2044011354446411,-0.7627514004707336,0.05751391500234604,0.635165274143219,1.515851616859436,1.789117455482483,0.29641711711883545,0.42588648200035095,-0.4358016848564148,-0.1920263171195984,-0.14679820835590363,0.17868778109550476,1.2628748416900635,1.557960033416748,1.9078216552734375,0.5130370259284973,0.4463548958301544,0.0003477419668342918,0.01691914163529873,0.04472793638706207,0.35155564546585083,1.445090413093567,1.5924004316329956,1.910739779472351,0.00022305546735879034,0.43954208493232727,-1.7803775072097778,-1.4538004398345947,-0.6695795655250549,0.002095032250508666,0.6682379245758057,1.45444917678833,1.789117455482483,0.000474897853564471,0.5188854932785034,-1.9078216552734375,-1.4917298555374146,-1.0400851964950562,-0.00041786374640651047,1.0444488525390625,1.4902124404907227,1.8831584453582764,0.5130370259284973,0.4463548958301544,0.0003477419668342918,0.01691914163529873,0.04472793638706207,0.35155564546585083,1.445090413093567,1.5924004316329956,1.910739779472351,0.9225106239318848,0.11199741810560226,0.4546504020690918,0.5972398519515991,0.6599432826042175,0.9775958061218262,0.9996342658996582,0.9999476671218872,1.0,0.9225106239318848,0.11199741810560226,0.4546504020690918,0.5972398519515991,0.6599432826042175,0.9775958061218262,0.9996342658996582,0.9999476671218872,1.0,0.0774894654750824,0.11199741810560226,0.0,5.233287811279297e-05,0.0003657132328953594,0.02240416407585144,0.34005671739578247,0.4027601480484009,0.5453495979309082,0.0774894654750824,0.11199741810560226,0.0,5.233287811279297e-05,0.0003657132328953594,0.02240416407585144,0.34005671739578247,0.4027601480484009,0.5453495979309082
SC-INR-EQ,bsd100,101085.png,x4,x4,fixed,2.1,True,0.31306764483451843,0.0,0.0,0.0,0.07996918261051178,0.4322062134742737,-1.3415030241012573,-1.2044011354446411,-0.7627514004707336,0.05751391500234604,0.635165274143219,1.515851616859436,1.789117455482483,0.29641711711883545,0.42588648200035095,-0.4358016848564148,-0.1920263171195984,-0.14679820835590363,0.17868778109550476,1.2628748416900635,1.557960033416748,1.9078216552734375,0.5130370259284973,0.4463548958301544,0.0003477419668342918,0.01691914163529873,0.04472793638706207,0.35155564546585083,1.445090413093567,1.5924004316329956,1.910739779472351,0.00022305546735879034,0.43954208493232727,-1.7803775072097778,-1.4538004398345947,-0.6695795655250549,0.002095032250508666,0.6682379245758057,1.45444917678833,1.789117455482483,0.000474897853564471,0.5188854932785034,-1.9078216552734375,-1.4917298555374146,-1.0400851964950562,-0.00041786374640651047,1.0444488525390625,1.4902124404907227,1.8831584453582764,0.5130370259284973,0.4463548958301544,0.0003477419668342918,0.01691914163529873,0.04472793638706207,0.35155564546585083,1.445090413093567,1.5924004316329956,1.910739779472351,0.9547349214553833,0.06637806445360184,0.6648682355880737,0.7590588331222534,0.7988212704658508,0.9873507022857666,0.9997943043708801,0.9999706149101257,1.0,0.9547349214553833,0.06637806445360184,0.6648682355880737,0.7590588331222534,0.7988212704658508,0.9873507022857666,0.9997943043708801,0.9999706149101257,1.0,0.045265089720487595,0.06637806445360184,0.0,2.9396414902294055e-05,0.00020568669424392283,0.012649327516555786,0.20117869973182678,0.24094116687774658,0.33513176441192627,0.045265089720487595,0.06637806445360184,0.0,2.9396414902294055e-05,0.00020568669424392283,0.012649327516555786,0.20117869973182678,0.24094116687774658,0.33513176441192627
SC-INR-EQ,bsd100,101085.png,x4,x6,fixed,2.1,True,0.31306764483451843,0.0,0.0,0.0,0.07996918261051178,0.4322062134742737,-1.3415030241012573,-1.2044011354446411,-0.7627514004707336,0.05751391500234604,0.635165274143219,1.515851616859436,1.789117455482483,0.29641711711883545,0.42588648200035095,-0.4358016848564148,-0.1920263171195984,-0.14679820835590363,0.17868778109550476,1.2628748416900635,1.557960033416748,1.9078216552734375,0.5130370259284973,0.4463548958301544,0.0003477419668342918,0.01691914163529873,0.04472793638706207,0.35155564546585083,1.445090413093567,1.5924004316329956,1.910739779472351,0.00022305546735879034,0.43954208493232727,-1.7803775072097778,-1.4538004398345947,-0.6695795655250549,0.002095032250508666,0.6682379245758057,1.45444917678833,1.789117455482483,0.000474897853564471,0.5188854932785034,-1.9078216552734375,-1.4917298555374146,-1.0400851964950562,-0.00041786374640651047,1.0444488525390625,1.4902124404907227,1.8831584453582764,0.5130370259284973,0.4463548958301544,0.0003477419668342918,0.01691914163529873,0.04472793638706207,0.35155564546585083,1.445090413093567,1.5924004316329956,1.910739779472351,0.9793274998664856,0.030627528205513954,0.8413636088371277,0.8881118297576904,0.907299280166626,0.9943640232086182,0.9999085664749146,0.9999869465827942,1.0,0.9793274998664856,0.030627528205513954,0.8413636088371277,0.8881118297576904,0.907299280166626,0.9943640232086182,0.9999085664749146,0.9999869465827942,1.0,0.0206725113093853,0.030627528205513954,0.0,1.3053417205810547e-05,9.14275660761632e-05,0.005635976791381836,0.09270070493221283,0.11188819259405136,0.15863639116287231,0.0206725113093853,0.030627528205513954,0.0,1.3053417205810547e-05,9.14275660761632e-05,0.005635976791381836,0.09270070493221283,0.11188819259405136,0.15863639116287231
SC-INR-EQ,bsd100,101085.png,x4,x8,fixed,2.1,True,0.31306764483451843,0.0,0.0,0.0,0.07996918261051178,0.4322062134742737,-1.3415030241012573,-1.2044011354446411,-0.7627514004707336,0.05751391500234604,0.635165274143219,1.515851616859436,1.789117455482483,0.29641711711883545,0.42588648200035095,-0.4358016848564148,-0.1920263171195984,-0.14679820835590363,0.17868778109550476,1.2628748416900635,1.557960033416748,1.9078216552734375,0.5130370259284973,0.4463548958301544,0.0003477419668342918,0.01691914163529873,0.04472793638706207,0.35155564546585083,1.445090413093567,1.5924004316329956,1.910739779472351,0.00022305546735879034,0.43954208493232727,-1.7803775072097778,-1.4538004398345947,-0.6695795655250549,0.002095032250508666,0.6682379245758057,1.45444917678833,1.789117455482483,0.000474897853564471,0.5188854932785034,-1.9078216552734375,-1.4917298555374146,-1.0400851964950562,-0.00041786374640651047,1.0444488525390625,1.4902124404907227,1.8831584453582764,0.5130370259284973,0.4463548958301544,0.0003477419668342918,0.01691914163529873,0.04472793638706207,0.35155564546585083,1.445090413093567,1.5924004316329956,1.910739779472351,0.9882599711418152,0.0174558125436306,0.9087802171707153,0.9360900521278381,0.9471843838691711,0.9968270063400269,0.9999486207962036,0.9999927282333374,1.0,0.9882599711418152,0.0174558125436306,0.9087802171707153,0.9360900521278381,0.9471843838691711,0.9968270063400269,0.9999486207962036,0.9999927282333374,1.0,0.01174002792686224,0.0174558125436306,0.0,7.294416718650609e-06,5.137622429174371e-05,0.0031729936599731445,0.052815571427345276,0.06390997767448425,0.09121978282928467,0.01174002792686224,0.0174558125436306,0.0,7.294416718650609e-06,5.137622429174371e-05,0.0031729936599731445,0.052815571427345276,0.06390997767448425,0.09121978282928467
SC-INR-EQ,bsd100,101085.png,x4,x12,fixed,2.1,True,0.31306764483451843,0.0,0.0,0.0,0.07996918261051178,0.4322062134742737,-1.3415030241012573,-1.2044011354446411,-0.7627514004707336,0.05751391500234604,0.635165274143219,1.515851616859436,1.789117455482483,0.29641711711883545,0.42588648200035095,-0.4358016848564148,-0.1920263171195984,-0.14679820835590363,0.17868778109550476,1.2628748416900635,1.557960033416748,1.9078216552734375,0.5130370259284973,0.4463548958301544,0.0003477419668342918,0.01691914163529873,0.04472793638706207,0.35155564546585083,1.445090413093567,1.5924004316329956,1.910739779472351,0.00022305546735879034,0.43954208493232727,-1.7803775072097778,-1.4538004398345947,-0.6695795655250549,0.002095032250508666,0.6682379245758057,1.45444917678833,1.789117455482483,0.000474897853564471,0.5188854932785034,-1.9078216552734375,-1.4917298555374146,-1.0400851964950562,-0.00041786374640651047,1.0444488525390625,1.4902124404907227,1.8831584453582764,0.5130370259284973,0.4463548958301544,0.0003477419668342918,0.01691914163529873,0.04472793638706207,0.35155564546585083,1.445090413093567,1.5924004316329956,1.910739779472351,0.9947462677955627,0.007831346243619919,0.9588156938552856,0.9712847471237183,0.9763153195381165,0.9985889196395874,0.9999771118164062,0.9999967217445374,1.0,0.9947462677955627,0.007831346243619919,0.9588156938552856,0.9712847471237183,0.9763153195381165,0.9985889196395874,0.9999771118164062,0.9999967217445374,1.0,0.0052536288276314735,0.007831346243619919,0.0,3.2782554626464844e-06,2.2885204089106992e-05,0.00141105055809021,0.023684656247496605,0.028715232387185097,0.041184306144714355,0.0052536288276314735,0.007831346243619919,0.0,3.2782554626464844e-06,2.2885204089106992e-05,0.00141105055809021,0.023684656247496605,0.028715232387185097,0.041184306144714355
SC-INR-EQ,bsd100,101085.png,x4,x16,fixed,2.1,True,0.31306764483451843,0.0,0.0,0.0,0.07996918261051178,0.4322062134742737,-1.3415030241012573,-1.2044011354446411,-0.7627514004707336,0.05751391500234604,0.635165274143219,1.515851616859436,1.789117455482483,0.29641711711883545,0.42588648200035095,-0.4358016848564148,-0.1920263171195984,-0.14679820835590363,0.17868778109550476,1.2628748416900635,1.557960033416748,1.9078216552734375,0.5130370259284973,0.4463548958301544,0.0003477419668342918,0.01691914163529873,0.04472793638706207,0.35155564546585083,1.445090413093567,1.5924004316329956,1.910739779472351,0.00022305546735879034,0.43954208493232727,-1.7803775072097778,-1.4538004398345947,-0.6695795655250549,0.002095032250508666,0.6682379245758057,1.45444917678833,1.789117455482483,0.000474897853564471,0.5188854932785034,-1.9078216552734375,-1.4917298555374146,-1.0400851964950562,-0.00041786374640651047,1.0444488525390625,1.4902124404907227,1.8831584453582764,0.5130370259284973,0.4463548958301544,0.0003477419668342918,0.01691914163529873,0.04472793638706207,0.35155564546585083,1.445090413093567,1.5924004316329956,1.910739779472351,0.9970377087593079,0.00441964203491807,0.9767060875892639,0.9837861061096191,0.9866355061531067,0.9992060661315918,0.9999871253967285,0.999998152256012,1.0,0.9970377087593079,0.00441964203491807,0.9767060875892639,0.9837861061096191,0.9866355061531067,0.9992060661315918,0.9999871253967285,0.999998152256012,1.0,0.002962262835353613,0.00441964203491807,0.0,1.8477439880371094e-06,1.2874603271484375e-05,0.0007939040660858154,0.013364503160119057,0.016213884577155113,0.023293912410736084,0.002962262835353613,0.00441964203491807,0.0,1.8477439880371094e-06,1.2874603271484375e-05,0.0007939040660858154,0.013364503160119057,0.016213884577155113,0.023293912410736084
SC-INR-EQ,bsd100,101085.png,x4,x24,fixed,2.1,True,0.31306764483451843,0.0,0.0,0.0,0.07996918261051178,0.4322062134742737,-1.3415030241012573,-1.2044011354446411,-0.7627514004707336,0.05751391500234604,0.635165274143219,1.515851616859436,1.789117455482483,0.29641711711883545,0.42588648200035095,-0.4358016848564148,-0.1920263171195984,-0.14679820835590363,0.17868778109550476,1.2628748416900635,1.557960033416748,1.9078216552734375,0.5130370259284973,0.4463548958301544,0.0003477419668342918,0.01691914163529873,0.04472793638706207,0.35155564546585083,1.445090413093567,1.5924004316329956,1.910739779472351,0.00022305546735879034,0.43954208493232727,-1.7803775072097778,-1.4538004398345947,-0.6695795655250549,0.002095032250508666,0.6682379245758057,1.45444917678833,1.789117455482483,0.000474897853564471,0.5188854932785034,-1.9078216552734375,-1.4917298555374146,-1.0400851964950562,-0.00041786374640651047,1.0444488525390625,1.4902124404907227,1.8831584453582764,0.5130370259284973,0.4463548958301544,0.0003477419668342918,0.01691914163529873,0.04472793638706207,0.35155564546585083,1.445090413093567,1.5924004316329956,1.910739779472351,0.9986811876296997,0.001968905795365572,0.989606499671936,0.9927741885185242,0.9940469264984131,0.9996471405029297,0.9999942779541016,0.9999991655349731,1.0,0.9986811876296997,0.001968905795365572,0.989606499671936,0.9927741885185242,0.9940469264984131,0.9996471405029297,0.9999942779541016,0.9999991655349731,1.0,0.0013188206357881427,0.001968905795365572,0.0,8.344650268554688e-07,5.7220458984375e-06,0.0003528296947479248,0.005953050218522549,0.007225843146443367,0.010393500328063965,0.0013188206357881427,0.001968905795365572,0.0,8.344650268554688e-07,5.7220458984375e-06,0.0003528296947479248,0.005953050218522549,0.007225843146443367,0.010393500328063965
SC-INR-EQ,bsd100,101085.png,x4,x30,fixed,2.1,True,0.31306764483451843,0.0,0.0,0.0,0.07996918261051178,0.4322062134742737,-1.3415030241012573,-1.2044011354446411,-0.7627514004707336,0.05751391500234604,0.635165274143219,1.515851616859436,1.789117455482483,0.29641711711883545,0.42588648200035095,-0.4358016848564148,-0.1920263171195984,-0.14679820835590363,0.17868778109550476,1.2628748416900635,1.557960033416748,1.9078216552734375,0.5130370259284973,0.4463548958301544,0.0003477419668342918,0.01691914163529873,0.04472793638706207,0.35155564546585083,1.445090413093567,1.5924004316329956,1.910739779472351,0.00022305546735879034,0.43954208493232727,-1.7803775072097778,-1.4538004398345947,-0.6695795655250549,0.002095032250508666,0.6682379245758057,1.45444917678833,1.789117455482483,0.000474897853564471,0.5188854932785034,-1.9078216552734375,-1.4917298555374146,-1.0400851964950562,-0.00041786374640651047,1.0444488525390625,1.4902124404907227,1.8831584453582764,0.5130370259284973,0.4463548958301544,0.0003477419668342918,0.01691914163529873,0.04472793638706207,0.35155564546585083,1.445090413093567,1.5924004316329956,1.910739779472351,0.9991554617881775,0.001260952791199088,0.9933404922485352,0.9953718185424805,0.9961876273155212,0.999774158000946,0.9999963641166687,0.999999463558197,1.0,0.9991554617881775,0.001260952791199088,0.9933404922485352,0.9953718185424805,0.9961876273155212,0.999774158000946,0.9999963641166687,0.999999463558197,1.0,0.0008444624254480004,0.001260952791199088,0.0,5.364418029785156e-07,3.635883331298828e-06,0.00022584199905395508,0.0038123903796076775,0.004628166556358337,0.006659507751464844,0.0008444624254480004,0.001260952791199088,0.0,5.364418029785156e-07,3.635883331298828e-06,0.00022584199905395508,0.0038123903796076775,0.004628166556358337,0.006659507751464844
SC-INR-EQ,bsd100,101087.png,x4,x2,fixed,2.1,True,0.3160668909549713,0.0,0.0,0.0,0.08581758290529251,0.4311315417289734,-1.4668817520141602,-1.2112743854522705,-0.7567570209503174,0.055435873568058014,0.6203540563583374,1.4798387289047241,1.9603534936904907,0.3019779324531555,0.430815190076828,-0.8254305124282837,-0.2114494889974594,-0.15301503241062164,0.17637671530246735,1.2667126655578613,1.5983632802963257,1.8678830862045288,0.5141089558601379,0.4535674750804901,0.0004987007705494761,0.009760117158293724,0.03342384099960327,0.35169926285743713,1.4462559223175049,1.6038953065872192,1.9882384538650513,0.0004131205496378243,0.4395894706249237,-1.797609806060791,-1.432319164276123,-0.6613167524337769,0.0012193915899842978,0.6691924333572388,1.445101022720337,1.9603534936904907,0.00037058995803818107,0.5261104702949524,-1.8678830862045288,-1.523210883140564,-1.0406441688537598,-0.00029317286680452526,1.0432462692260742,1.5285557508468628,1.8227753639221191,0.5141089558601379,0.4535674750804901,0.0004987007705494761,0.009760117158293724,0.03342384099960327,0.35169926285743713,1.4462559223175049,1.6038953065872192,1.9882384538650513,0.841056227684021,0.21954593062400818,0.019308272749185562,0.23255655169487,0.3386240005493164,0.9501460790634155,0.9995406270027161,0.9999607801437378,0.9999999403953552,0.841056227684021,0.21954593062400818,0.019308272749185562,0.23255655169487,0.3386240005493164,0.9501460790634155,0.9995406270027161,0.9999607801437378,0.9999999403953552,0.1589437872171402,0.21954593062400818,5.960464477539063e-08,3.919422670151107e-05,0.00045939686242491007,0.04985395073890686,0.661375880241394,0.7674435377120972,0.9806917309761047,0.1589437872171402,0.21954593062400818,5.960464477539063e-08,3.919422670151107e-05,0.00045939686242491007,0.04985395073890686,0.661375880241394,0.7674435377120972,0.9806917309761047
SC-INR-EQ,bsd100,101087.png,x4,x3,fixed,2.1,True,0.3160668909549713,0.0,0.0,0.0,0.08581758290529251,0.4311315417289734,-1.4668817520141602,-1.2112743854522705,-0.7567570209503174,0.055435873568058014,0.6203540563583374,1.4798387289047241,1.9603534936904907,0.3019779324531555,0.430815190076828,-0.8254305124282837,-0.2114494889974594,-0.15301503241062164,0.17637671530246735,1.2667126655578613,1.5983632802963257,1.8678830862045288,0.5141089558601379,0.4535674750804901,0.0004987007705494761,0.009760117158293724,0.03342384099960327,0.35169926285743713,1.4462559223175049,1.6038953065872192,1.9882384538650513,0.0004131205496378243,0.4395894706249237,-1.797609806060791,-1.432319164276123,-0.6613167524337769,0.0012193915899842978,0.6691924333572388,1.445101022720337,1.9603534936904907,0.00037058995803818107,0.5261104702949524,-1.8678830862045288,-1.523210883140564,-1.0406441688537598,-0.00029317286680452526,1.0432462692260742,1.5285557508468628,1.8227753639221191,0.5141089558601379,0.4535674750804901,0.0004987007705494761,0.009760117158293724,0.03342384099960327,0.35169926285743713,1.4462559223175049,1.6038953065872192,1.9882384538650513,0.9213498830795288,0.11329895257949829,0.4229714274406433,0.5921762585639954,0.6597135066986084,0.9775924682617188,0.9997957944869995,0.9999825954437256,1.0,0.9213498830795288,0.11329895257949829,0.4229714274406433,0.5921762585639954,0.6597135066986084,0.9775924682617188,0.9997957944869995,0.9999825954437256,1.0,0.07865013927221298,0.11329895257949829,0.0,1.7427206330467016e-05,0.00020419359498191625,0.02240753173828125,0.34028634428977966,0.407823771238327,0.5770285725593567,0.07865013927221298,0.11329895257949829,0.0,1.7427206330467016e-05,0.00020419359498191625,0.02240753173828125,0.34028634428977966,0.407823771238327,0.5770285725593567
SC-INR-EQ,bsd100,101087.png,x4,x4,fixed,2.1,True,0.3160668909549713,0.0,0.0,0.0,0.08581758290529251,0.4311315417289734,-1.4668817520141602,-1.2112743854522705,-0.7567570209503174,0.055435873568058014,0.6203540563583374,1.4798387289047241,1.9603534936904907,0.3019779324531555,0.430815190076828,-0.8254305124282837,-0.2114494889974594,-0.15301503241062164,0.17637671530246735,1.2667126655578613,1.5983632802963257,1.8678830862045288,0.5141089558601379,0.4535674750804901,0.0004987007705494761,0.009760117158293724,0.03342384099960327,0.35169926285743713,1.4462559223175049,1.6038953065872192,1.9882384538650513,0.0004131205496378243,0.4395894706249237,-1.797609806060791,-1.432319164276123,-0.6613167524337769,0.0012193915899842978,0.6691924333572388,1.445101022720337,1.9603534936904907,0.00037058995803818107,0.5261104702949524,-1.8678830862045288,-1.523210883140564,-1.0406441688537598,-0.00029317286680452526,1.0432462692260742,1.5285557508468628,1.8227753639221191,0.5141089558601379,0.4535674750804901,0.0004987007705494761,0.009760117158293724,0.03342384099960327,0.35169926285743713,1.4462559223175049,1.6038953065872192,1.9882384538650513,0.954028844833374,0.06719128787517548,0.64185631275177,0.7558633685112,0.7986326813697815,0.9873474836349487,0.9998852014541626,0.9999902248382568,1.0,0.954028844833374,0.06719128787517548,0.64185631275177,0.7558633685112,0.7986326813697815,0.9873474836349487,0.9998852014541626,0.9999902248382568,1.0,0.045971158891916275,0.06719128787517548,0.0,9.786486771190539e-06,0.00011479556269478053,0.012652546167373657,0.20136727392673492,0.24413666129112244,0.35814368724823,0.045971158891916275,0.06719128787517548,0.0,9.786486771190539e-06,0.00011479556269478053,0.012652546167373657,0.20136727392673492,0.24413666129112244,0.35814368724823
SC-INR-EQ,bsd100,101087.png,x4,x6,fixed,2.1,True,0.3160668909549713,0.0,0.0,0.0,0.08581758290529251,0.4311315417289734,-1.4668817520141602,-1.2112743854522705,-0.7567570209503174,0.055435873568058014,0.6203540563583374,1.4798387289047241,1.9603534936904907,0.3019779324531555,0.430815190076828,-0.8254305124282837,-0.2114494889974594,-0.15301503241062164,0.17637671530246735,1.2667126655578613,1.5983632802963257,1.8678830862045288,0.5141089558601379,0.4535674750804901,0.0004987007705494761,0.009760117158293724,0.03342384099960327,0.35169926285743713,1.4462559223175049,1.6038953065872192,1.9882384538650513,0.0004131205496378243,0.4395894706249237,-1.797609806060791,-1.432319164276123,-0.6613167524337769,0.0012193915899842978,0.6691924333572388,1.445101022720337,1.9603534936904907,0.00037058995803818107,0.5261104702949524,-1.8678830862045288,-1.523210883140564,-1.0406441688537598,-0.00029317286680452526,1.0432462692260742,1.5285557508468628,1.8227753639221191,0.5141089558601379,0.4535674750804901,0.0004987007705494761,0.009760117158293724,0.03342384099960327,0.35169926285743713,1.4462559223175049,1.6038953065872192,1.9882384538650513,0.9789957404136658,0.031017562374472618,0.8292387127876282,0.8865719437599182,0.907153308391571,0.9943609237670898,0.9999489784240723,0.9999956488609314,1.0,0.9789957404136658,0.031017562374472618,0.8292387127876282,0.8865719437599182,0.907153308391571,0.9943609237670898,0.9999489784240723,0.9999956488609314,1.0,0.02100430615246296,0.031017562374472618,0.0,4.351139068603516e-06,5.101859642309137e-05,0.005639106035232544,0.09284668415784836,0.11342807114124298,0.17076128721237183,0.02100430615246296,0.031017562374472618,0.0,4.351139068603516e-06,5.101859642309137e-05,0.005639106035232544,0.09284668415784836,0.11342807114124298,0.17076128721237183
SC-INR-EQ,bsd100,101087.png,x4,x8,fixed,2.1,True,0.3160668909549713,0.0,0.0,0.0,0.08581758290529251,0.4311315417289734,-1.4668817520141602,-1.2112743854522705,-0.7567570209503174,0.055435873568058014,0.6203540563583374,1.4798387289047241,1.9603534936904907,0.3019779324531555,0.430815190076828,-0.8254305124282837,-0.2114494889974594,-0.15301503241062164,0.17637671530246735,1.2667126655578613,1.5983632802963257,1.8678830862045288,0.5141089558601379,0.4535674750804901,0.0004987007705494761,0.009760117158293724,0.03342384099960327,0.35169926285743713,1.4462559223175049,1.6038953065872192,1.9882384538650513,0.0004131205496378243,0.4395894706249237,-1.797609806060791,-1.432319164276123,-0.6613167524337769,0.0012193915899842978,0.6691924333572388,1.445101022720337,1.9603534936904907,0.00037058995803818107,0.5261104702949524,-1.8678830862045288,-1.523210883140564,-1.0406441688537598,-0.00029317286680452526,1.0432462692260742,1.5285557508468628,1.8227753639221191,0.5141089558601379,0.4535674750804901,0.0004987007705494761,0.009760117158293724,0.03342384099960327,0.35169926285743713,1.4462559223175049,1.6038953065872192,1.9882384538650513,0.9880695939064026,0.0176811795681715,0.901556670665741,0.9351821541786194,0.9471059441566467,0.9968248605728149,0.999971330165863,0.999997615814209,1.0,0.9880695939064026,0.0176811795681715,0.901556670665741,0.9351821541786194,0.9471059441566467,0.9968248605728149,0.999971330165863,0.999997615814209,1.0,0.011930334381759167,0.0176811795681715,0.0,2.3955108190421015e-06,2.866983413696289e-05,0.0031751692295074463,0.05289406329393387,0.06481786072254181,0.09844332933425903,0.011930334381759167,0.0176811795681715,0.0,2.3955108190421015e-06,2.866983413696289e-05,0.0031751692295074463,0.05289406329393387,0.06481786072254181,0.09844332933425903
SC-INR-EQ,bsd100,101087.png,x4,x12,fixed,2.1,True,0.3160668909549713,0.0,0.0,0.0,0.08581758290529251,0.4311315417289734,-1.4668817520141602,-1.2112743854522705,-0.7567570209503174,0.055435873568058014,0.6203540563583374,1.4798387289047241,1.9603534936904907,0.3019779324531555,0.430815190076828,-0.8254305124282837,-0.2114494889974594,-0.15301503241062164,0.17637671530246735,1.2667126655578613,1.5983632802963257,1.8678830862045288,0.5141089558601379,0.4535674750804901,0.0004987007705494761,0.009760117158293724,0.03342384099960327,0.35169926285743713,1.4462559223175049,1.6038953065872192,1.9882384538650513,0.0004131205496378243,0.4395894706249237,-1.797609806060791,-1.432319164276123,-0.6613167524337769,0.0012193915899842978,0.6691924333572388,1.445101022720337,1.9603534936904907,0.00037058995803818107,0.5261104702949524,-1.8678830862045288,-1.523210883140564,-1.0406441688537598,-0.00029317286680452526,1.0432462692260742,1.5285557508468628,1.8227753639221191,0.5141089558601379,0.4535674750804901,0.0004987007705494761,0.009760117158293724,0.03342384099960327,0.35169926285743713,1.4462559223175049,1.6038953065872192,1.9882384538650513,0.9946605563163757,0.007933455519378185,0.9554726481437683,0.9708723425865173,0.976279616355896,0.9985878467559814,0.9999872446060181,0.999998927116394,1.0,0.9946605563163757,0.007933455519378185,0.9554726481437683,0.9708723425865173,0.976279616355896,0.9985878467559814,0.9999872446060181,0.999998927116394,1.0,0.005339393857866526,0.007933455519378185,0.0,1.0728836059570312e-06,1.2752414477290586e-05,0.001412123441696167,0.023720374330878258,0.029127635061740875,0.04452735185623169,0.005339393857866526,0.007933455519378185,0.0,1.0728836059570312e-06,1.2752414477290586e-05,0.001412123441696167,0.023720374330878258,0.029127635061740875,0.04452735185623169
SC-INR-EQ,bsd100,101087.png,x4,x16,fixed,2.1,True,0.3160668909549713,0.0,0.0,0.0,0.08581758290529251,0.4311315417289734,-1.4668817520141602,-1.2112743854522705,-0.7567570209503174,0.055435873568058014,0.6203540563583374,1.4798387289047241,1.9603534936904907,0.3019779324531555,0.430815190076828,-0.8254305124282837,-0.2114494889974594,-0.15301503241062164,0.17637671530246735,1.2667126655578613,1.5983632802963257,1.8678830862045288,0.5141089558601379,0.4535674750804901,0.0004987007705494761,0.009760117158293724,0.03342384099960327,0.35169926285743713,1.4462559223175049,1.6038953065872192,1.9882384538650513,0.0004131205496378243,0.4395894706249237,-1.797609806060791,-1.432319164276123,-0.6613167524337769,0.0012193915899842978,0.6691924333572388,1.445101022720337,1.9603534936904907,0.00037058995803818107,0.5261104702949524,-1.8678830862045288,-1.523210883140564,-1.0406441688537598,-0.00029317286680452526,1.0432462692260742,1.5285557508468628,1.8227753639221191,0.5141089558601379,0.4535674750804901,0.0004987007705494761,0.009760117158293724,0.03342384099960327,0.35169926285743713,1.4462559223175049,1.6038953065872192,1.9882384538650513,0.9969893097877502,0.004477468319237232,0.9747990369796753,0.9835523366928101,0.9866141080856323,0.9992055296897888,0.999992847442627,0.9999994039535522,1.0,0.9969893097877502,0.004477468319237232,0.9747990369796753,0.9835523366928101,0.9866141080856323,0.9992055296897888,0.999992847442627,0.9999994039535522,1.0,0.003010739805176854,0.004477468319237232,0.0,5.960464477539062e-07,7.152557373046875e-06,0.0007944703102111816,0.013385867699980736,0.016447683796286583,0.025200963020324707,0.003010739805176854,0.004477468319237232,0.0,5.960464477539062e-07,7.152557373046875e-06,0.0007944703102111816,0.013385867699980736,0.016447683796286583,0.025200963020324707
SC-INR-EQ,bsd100,101087.png,x4,x24,fixed,2.1,True,0.3160668909549713,0.0,0.0,0.0,0.08581758290529251,0.4311315417289734,-1.4668817520141602,-1.2112743854522705,-0.7567570209503174,0.055435873568058014,0.6203540563583374,1.4798387289047241,1.9603534936904907,0.3019779324531555,0.430815190076828,-0.8254305124282837,-0.2114494889974594,-0.15301503241062164,0.17637671530246735,1.2667126655578613,1.5983632802963257,1.8678830862045288,0.5141089558601379,0.4535674750804901,0.0004987007705494761,0.009760117158293724,0.03342384099960327,0.35169926285743713,1.4462559223175049,1.6038953065872192,1.9882384538650513,0.0004131205496378243,0.4395894706249237,-1.797609806060791,-1.432319164276123,-0.6613167524337769,0.0012193915899842978,0.6691924333572388,1.445101022720337,1.9603534936904907,0.00037058995803818107,0.5261104702949524,-1.8678830862045288,-1.523210883140564,-1.0406441688537598,-0.00029317286680452526,1.0432462692260742,1.5285557508468628,1.8227753639221191,0.5141089558601379,0.4535674750804901,0.0004987007705494761,0.009760117158293724,0.03342384099960327,0.35169926285743713,1.4462559223175049,1.6038953065872192,1.9882384538650513,0.998659610748291,0.0019947304390370846,0.9887503981590271,0.9926697611808777,0.994037389755249,0.9996469020843506,0.9999968409538269,0.9999997615814209,1.0,0.998659610748291,0.0019947304390370846,0.9887503981590271,0.9926697611808777,0.994037389755249,0.9996469020843506,0.9999968409538269,0.9999997615814209,1.0,0.0013404409401118755,0.0019947304390370846,0.0,2.384185791015625e-07,3.159046173095703e-06,0.00035312771797180176,0.005962621886283159,0.007330233231186867,0.0112496018409729,0.0013404409401118755,0.0019947304390370846,0.0,2.384185791015625e-07,3.159046173095703e-06,0.00035312771797180176,0.005962621886283159,0.007330233231186867,0.0112496018409729
SC-INR-EQ,bsd100,101087.png,x4,x30,fixed,2.1,True,0.3160668909549713,0.0,0.0,0.0,0.08581758290529251,0.4311315417289734,-1.4668817520141602,-1.2112743854522705,-0.7567570209503174,0.055435873568058014,0.6203540563583374,1.4798387289047241,1.9603534936904907,0.3019779324531555,0.430815190076828,-0.8254305124282837,-0.2114494889974594,-0.15301503241062164,0.17637671530246735,1.2667126655578613,1.5983632802963257,1.8678830862045288,0.5141089558601379,0.4535674750804901,0.0004987007705494761,0.009760117158293724,0.03342384099960327,0.35169926285743713,1.4462559223175049,1.6038953065872192,1.9882384538650513,0.0004131205496378243,0.4395894706249237,-1.797609806060791,-1.432319164276123,-0.6613167524337769,0.0012193915899842978,0.6691924333572388,1.445101022720337,1.9603534936904907,0.00037058995803818107,0.5261104702949524,-1.8678830862045288,-1.523210883140564,-1.0406441688537598,-0.00029317286680452526,1.0432462692260742,1.5285557508468628,1.8227753639221191,0.5141089558601379,0.4535674750804901,0.0004987007705494761,0.009760117158293724,0.03342384099960327,0.35169926285743713,1.4462559223175049,1.6038953065872192,1.9882384538650513,0.9991416931152344,0.001277504488825798,0.9927911758422852,0.9953048229217529,0.9961814284324646,0.9997739791870117,0.9999979734420776,0.9999998211860657,1.0,0.9991416931152344,0.001277504488825798,0.9927911758422852,0.9953048229217529,0.9961814284324646,0.9997739791870117,0.9999979734420776,0.9999998211860657,1.0,0.0008583138114772737,0.001277504488825798,0.0,1.7881393432617188e-07,2.0265579223632812e-06,0.00022602081298828125,0.0038185804150998592,0.0046951621770858765,0.007208824157714844,0.0008583138114772737,0.001277504488825798,0.0,1.7881393432617188e-07,2.0265579223632812e-06,0.00022602081298828125,0.0038185804150998592,0.0046951621770858765,0.007208824157714844
SC-INR-EQ,bsd100,102061.png,x4,x2,fixed,2.1,True,0.3155660033226013,0.0,0.0,0.0,0.07800455391407013,0.4302830398082733,-1.4325412511825562,-1.197939395904541,-0.7522338032722473,0.04004737362265587,0.6220405101776123,1.4795058965682983,1.8655225038528442,0.2965245842933655,0.4282344877719879,-0.5188571214675903,-0.20002466440200806,-0.1524985432624817,0.17067959904670715,1.2612727880477905,1.57177734375,1.905832290649414,0.5101569294929504,0.44975516200065613,0.0010000941110774875,0.011854561977088451,0.03321323171257973,0.34427517652511597,1.4320181608200073,1.5977140665054321,1.9067926406860352,0.0006735115312039852,0.43729597330093384,-1.824211597442627,-1.4222139120101929,-0.666468620300293,0.0008785013342276216,0.6578284502029419,1.4291915893554688,1.8655225038528442,0.00026038175565190613,0.5208757519721985,-1.905832290649414,-1.504926085472107,-1.031430959701538,-0.00030875802622176707,1.0319584608078003,1.5075844526290894,1.8136616945266724,0.5101569294929504,0.44975516200065613,0.0010000941110774875,0.011854561977088451,0.03321323171257973,0.34427517652511597,1.4320181608200073,1.5977140665054321,1.9067926406860352,0.8431384563446045,0.21776650846004486,0.049156151711940765,0.23620674014091492,0.3493906557559967,0.9521657824516296,0.9995464086532593,0.9999421834945679,0.9999995827674866,0.8431384563446045,0.21776650846004486,0.049156151711940765,0.23620674014091492,0.3493906557559967,0.9521657824516296,0.9995464086532593,0.9999421834945679,0.9999995827674866,0.15686151385307312,0.21776650846004486,4.172325134277344e-07,5.7816505432128906e-05,0.00045358837815001607,0.04783421754837036,0.6506092548370361,0.7637935280799866,0.950843870639801,0.15686151385307312,0.21776650846004486,4.172325134277344e-07,5.7816505432128906e-05,0.00045358837815001607,0.04783421754837036,0.6506092548370361,0.7637935280799866,0.950843870639801
SC-INR-EQ,bsd100,102061.png,x4,x3,fixed,2.1,True,0.3155660033226013,0.0,0.0,0.0,0.07800455391407013,0.4302830398082733,-1.4325412511825562,-1.197939395904541,-0.7522338032722473,0.04004737362265587,0.6220405101776123,1.4795058965682983,1.8655225038528442,0.2965245842933655,0.4282344877719879,-0.5188571214675903,-0.20002466440200806,-0.1524985432624817,0.17067959904670715,1.2612727880477905,1.57177734375,1.905832290649414,0.5101569294929504,0.44975516200065613,0.0010000941110774875,0.011854561977088451,0.03321323171257973,0.34427517652511597,1.4320181608200073,1.5977140665054321,1.9067926406860352,0.0006735115312039852,0.43729597330093384,-1.824211597442627,-1.4222139120101929,-0.666468620300293,0.0008785013342276216,0.6578284502029419,1.4291915893554688,1.8655225038528442,0.00026038175565190613,0.5208757519721985,-1.905832290649414,-1.504926085472107,-1.031430959701538,-0.00030875802622176707,1.0319584608078003,1.5075844526290894,1.8136616945266724,0.5101569294929504,0.44975516200065613,0.0010000941110774875,0.011854561977088451,0.03321323171257973,0.34427517652511597,1.4320181608200073,1.5977140665054321,1.9067926406860352,0.9224996566772461,0.1121523454785347,0.4561792314052582,0.5948012471199036,0.6661726832389832,0.978516697883606,0.9997983574867249,0.9999743700027466,0.9999997615814209,0.9224996566772461,0.1121523454785347,0.4561792314052582,0.5948012471199036,0.6661726832389832,0.978516697883606,0.9997983574867249,0.9999743700027466,0.9999997615814209,0.0775003582239151,0.1121523454785347,2.384185791015625e-07,2.562999725341797e-05,0.00020163654698990285,0.02148333191871643,0.3338271379470825,0.4051987826824188,0.5438207387924194,0.0775003582239151,0.1121523454785347,2.384185791015625e-07,2.562999725341797e-05,0.00020163654698990285,0.02148333191871643,0.3338271379470825,0.4051987826824188,0.5438207387924194
SC-INR-EQ,bsd100,102061.png,x4,x4,fixed,2.1,True,0.3155660033226013,0.0,0.0,0.0,0.07800455391407013,0.4302830398082733,-1.4325412511825562,-1.197939395904541,-0.7522338032722473,0.04004737362265587,0.6220405101776123,1.4795058965682983,1.8655225038528442,0.2965245842933655,0.4282344877719879,-0.5188571214675903,-0.20002466440200806,-0.1524985432624817,0.17067959904670715,1.2612727880477905,1.57177734375,1.905832290649414,0.5101569294929504,0.44975516200065613,0.0010000941110774875,0.011854561977088451,0.03321323171257973,0.34427517652511597,1.4320181608200073,1.5977140665054321,1.9067926406860352,0.0006735115312039852,0.43729597330093384,-1.824211597442627,-1.4222139120101929,-0.666468620300293,0.0008785013342276216,0.6578284502029419,1.4291915893554688,1.8655225038528442,0.00026038175565190613,0.5208757519721985,-1.905832290649414,-1.504926085472107,-1.031430959701538,-0.00030875802622176707,1.0319584608078003,1.5075844526290894,1.8136616945266724,0.5101569294929504,0.44975516200065613,0.0010000941110774875,0.011854561977088451,0.03321323171257973,0.34427517652511597,1.4320181608200073,1.5977140665054321,1.9067926406860352,0.9547269344329834,0.0664595440030098,0.6659982204437256,0.7575101256370544,0.8024861812591553,0.9878724813461304,0.9998866319656372,0.9999855756759644,0.9999998211860657,0.9547269344329834,0.0664595440030098,0.6659982204437256,0.7575101256370544,0.8024861812591553,0.9878724813461304,0.9998866319656372,0.9999855756759644,0.9999998211860657,0.04527309909462929,0.0664595440030098,1.7881393432617188e-07,1.4424324035644531e-05,0.00011336803436279297,0.012127488851547241,0.19751378893852234,0.24248987436294556,0.3340017795562744,0.04527309909462929,0.0664595440030098,1.7881393432617188e-07,1.4424324035644531e-05,0.00011336803436279297,0.012127488851547241,0.19751378893852234,0.24248987436294556,0.3340017795562744
SC-INR-EQ,bsd100,102061.png,x4,x6,fixed,2.1,True,0.3155660033226013,0.0,0.0,0.0,0.07800455391407013,0.4302830398082733,-1.4325412511825562,-1.197939395904541,-0.7522338032722473,0.04004737362265587,0.6220405101776123,1.4795058965682983,1.8655225038528442,0.2965245842933655,0.4282344877719879,-0.5188571214675903,-0.20002466440200806,-0.1524985432624817,0.17067959904670715,1.2612727880477905,1.57177734375,1.905832290649414,0.5101569294929504,0.44975516200065613,0.0010000941110774875,0.011854561977088451,0.03321323171257973,0.34427517652511597,1.4320181608200073,1.5977140665054321,1.9067926406860352,0.0006735115312039852,0.43729597330093384,-1.824211597442627,-1.4222139120101929,-0.666468620300293,0.0008785013342276216,0.6578284502029419,1.4291915893554688,1.8655225038528442,0.00026038175565190613,0.5208757519721985,-1.905832290649414,-1.504926085472107,-1.031430959701538,-0.00030875802622176707,1.0319584608078003,1.5075844526290894,1.8136616945266724,0.5101569294929504,0.44975516200065613,0.0010000941110774875,0.011854561977088451,0.03321323171257973,0.34427517652511597,1.4320181608200073,1.5977140665054321,1.9067926406860352,0.9793233871459961,0.030662013217806816,0.8419645428657532,0.8873755931854248,0.9089763760566711,0.9945957064628601,0.99994957447052,0.999993622303009,1.0,0.9793233871459961,0.030662013217806816,0.8419645428657532,0.8873755931854248,0.9089763760566711,0.9945957064628601,0.99994957447052,0.999993622303009,1.0,0.020676640793681145,0.030662013217806816,0.0,6.389022018993273e-06,5.042552947998047e-05,0.005404293537139893,0.09102359414100647,0.112624391913414,0.15803545713424683,0.020676640793681145,0.030662013217806816,0.0,6.389022018993273e-06,5.042552947998047e-05,0.005404293537139893,0.09102359414100647,0.112624391913414,0.15803545713424683
SC-INR-EQ,bsd100,102061.png,x4,x8,fixed,2.1,True,0.3155660033226013,0.0,0.0,0.0,0.07800455391407013,0.4302830398082733,-1.4325412511825562,-1.197939395904541,-0.7522338032722473,0.04004737362265587,0.6220405101776123,1.4795058965682983,1.8655225038528442,0.2965245842933655,0.4282344877719879,-0.5188571214675903,-0.20002466440200806,-0.1524985432624817,0.17067959904670715,1.2612727880477905,1.57177734375,1.905832290649414,0.5101569294929504,0.44975516200065613,0.0010000941110774875,0.011854561977088451,0.03321323171257973,0.34427517652511597,1.4320181608200073,1.5977140665054321,1.9067926406860352,0.0006735115312039852,0.43729597330093384,-1.824211597442627,-1.4222139120101929,-0.666468620300293,0.0008785013342276216,0.6578284502029419,1.4291915893554688,1.8655225038528442,0.00026038175565190613,0.5208757519721985,-1.905832290649414,-1.504926085472107,-1.031430959701538,-0.00030875802622176707,1.0319584608078003,1.5075844526290894,1.8136616945266724,0.5101569294929504,0.44975516200065613,0.0010000941110774875,0.011854561977088451,0.03321323171257973,0.34427517652511597,1.4320181608200073,1.5977140665054321,1.9067926406860352,0.9882575273513794,0.017474880442023277,0.9091392755508423,0.9356701374053955,0.948153555393219,0.9969573020935059,0.9999716877937317,0.9999964237213135,1.0,0.9882575273513794,0.017474880442023277,0.9091392755508423,0.9356701374053955,0.948153555393219,0.9969573020935059,0.9999716877937317,0.9999964237213135,1.0,0.01174246333539486,0.017474880442023277,0.0,3.5762786865234375e-06,2.8312206268310547e-05,0.0030427277088165283,0.05184643343091011,0.0643298476934433,0.09086072444915771,0.01174246333539486,0.017474880442023277,0.0,3.5762786865234375e-06,2.8312206268310547e-05,0.0030427277088165283,0.05184643343091011,0.0643298476934433,0.09086072444915771
SC-INR-EQ,bsd100,102061.png,x4,x12,fixed,2.1,True,0.3155660033226013,0.0,0.0,0.0,0.07800455391407013,0.4302830398082733,-1.4325412511825562,-1.197939395904541,-0.7522338032722473,0.04004737362265587,0.6220405101776123,1.4795058965682983,1.8655225038528442,0.2965245842933655,0.4282344877719879,-0.5188571214675903,-0.20002466440200806,-0.1524985432624817,0.17067959904670715,1.2612727880477905,1.57177734375,1.905832290649414,0.5101569294929504,0.44975516200065613,0.0010000941110774875,0.011854561977088451,0.03321323171257973,0.34427517652511597,1.4320181608200073,1.5977140665054321,1.9067926406860352,0.0006735115312039852,0.43729597330093384,-1.824211597442627,-1.4222139120101929,-0.666468620300293,0.0008785013342276216,0.6578284502029419,1.4291915893554688,1.8655225038528442,0.00026038175565190613,0.5208757519721985,-1.905832290649414,-1.504926085472107,-1.031430959701538,-0.00030875802622176707,1.0319584608078003,1.5075844526290894,1.8136616945266724,0.5101569294929504,0.44975516200065613,0.0010000941110774875,0.011854561977088451,0.03321323171257973,0.34427517652511597,1.4320181608200073,1.5977140665054321,1.9067926406860352,0.9947451949119568,0.007839717902243137,0.9589821100234985,0.9710943102836609,0.97674560546875,0.9986467957496643,0.9999874234199524,0.9999983906745911,1.0,0.9947451949119568,0.007839717902243137,0.9589821100234985,0.9710943102836609,0.97674560546875,0.9986467957496643,0.9999874234199524,0.9999983906745911,1.0,0.005254746414721012,0.007839717902243137,0.0,1.6093254089355469e-06,1.2576580047607422e-05,0.0013532042503356934,0.023254377767443657,0.02890569530427456,0.041017889976501465,0.005254746414721012,0.007839717902243137,0.0,1.6093254089355469e-06,1.2576580047607422e-05,0.0013532042503356934,0.023254377767443657,0.02890569530427456,0.041017889976501465
SC-INR-EQ,bsd100,102061.png,x4,x16,fixed,2.1,True,0.3155660033226013,0.0,0.0,0.0,0.07800455391407013,0.4302830398082733,-1.4325412511825562,-1.197939395904541,-0.7522338032722473,0.04004737362265587,0.6220405101776123,1.4795058965682983,1.8655225038528442,0.2965245842933655,0.4282344877719879,-0.5188571214675903,-0.20002466440200806,-0.1524985432624817,0.17067959904670715,1.2612727880477905,1.57177734375,1.905832290649414,0.5101569294929504,0.44975516200065613,0.0010000941110774875,0.011854561977088451,0.03321323171257973,0.34427517652511597,1.4320181608200073,1.5977140665054321,1.9067926406860352,0.0006735115312039852,0.43729597330093384,-1.824211597442627,-1.4222139120101929,-0.666468620300293,0.0008785013342276216,0.6578284502029419,1.4291915893554688,1.8655225038528442,0.00026038175565190613,0.5208757519721985,-1.905832290649414,-1.504926085472107,-1.031430959701538,-0.00030875802622176707,1.0319584608078003,1.5075844526290894,1.8136616945266724,0.5101569294929504,0.44975516200065613,0.0010000941110774875,0.011854561977088451,0.03321323171257973,0.34427517652511597,1.4320181608200073,1.5977140665054321,1.9067926406860352,0.9970369935035706,0.004424331244081259,0.9768010973930359,0.9836781620979309,0.9868788719177246,0.9992386102676392,0.9999929070472717,0.9999991059303284,1.0,0.9970369935035706,0.004424331244081259,0.9768010973930359,0.9836781620979309,0.9868788719177246,0.9992386102676392,0.9999929070472717,0.9999991059303284,1.0,0.0029628972988575697,0.004424331244081259,0.0,8.940696716308594e-07,7.092952728271484e-06,0.0007613897323608398,0.013121131807565689,0.016321837902069092,0.02319890260696411,0.0029628972988575697,0.004424331244081259,0.0,8.940696716308594e-07,7.092952728271484e-06,0.0007613897323608398,0.013121131807565689,0.016321837902069092,0.02319890260696411
SC-INR-EQ,bsd100,102061.png,x4,x24,fixed,2.1,True,0.3155660033226013,0.0,0.0,0.0,0.07800455391407013,0.4302830398082733,-1.4325412511825562,-1.197939395904541,-0.7522338032722473,0.04004737362265587,0.6220405101776123,1.4795058965682983,1.8655225038528442,0.2965245842933655,0.4282344877719879,-0.5188571214675903,-0.20002466440200806,-0.1524985432624817,0.17067959904670715,1.2612727880477905,1.57177734375,1.905832290649414,0.5101569294929504,0.44975516200065613,0.0010000941110774875,0.011854561977088451,0.03321323171257973,0.34427517652511597,1.4320181608200073,1.5977140665054321,1.9067926406860352,0.0006735115312039852,0.43729597330093384,-1.824211597442627,-1.4222139120101929,-0.666468620300293,0.0008785013342276216,0.6578284502029419,1.4291915893554688,1.8655225038528442,0.00026038175565190613,0.5208757519721985,-1.905832290649414,-1.504926085472107,-1.031430959701538,-0.00030875802622176707,1.0319584608078003,1.5075844526290894,1.8136616945266724,0.5101569294929504,0.44975516200065613,0.0010000941110774875,0.011854561977088451,0.03321323171257973,0.34427517652511597,1.4320181608200073,1.5977140665054321,1.9067926406860352,0.9986808896064758,0.00197098427452147,0.9896490573883057,0.9927260279655457,0.9941555857658386,0.9996615648269653,0.9999968409538269,0.9999996423721313,1.0,0.9986808896064758,0.00197098427452147,0.9896490573883057,0.9927260279655457,0.9941555857658386,0.9996615648269653,0.9999968409538269,0.9999996423721313,1.0,0.0013191045727580786,0.00197098427452147,0.0,3.5762786865234375e-07,3.159046173095703e-06,0.00033843517303466797,0.005844401195645332,0.007273976691067219,0.010350942611694336,0.0013191045727580786,0.00197098427452147,0.0,3.5762786865234375e-07,3.159046173095703e-06,0.00033843517303466797,0.005844401195645332,0.007273976691067219,0.010350942611694336
SC-INR-EQ,bsd100,102061.png,x4,x30,fixed,2.1,True,0.3155660033226013,0.0,0.0,0.0,0.07800455391407013,0.4302830398082733,-1.4325412511825562,-1.197939395904541,-0.7522338032722473,0.04004737362265587,0.6220405101776123,1.4795058965682983,1.8655225038528442,0.2965245842933655,0.4282344877719879,-0.5188571214675903,-0.20002466440200806,-0.1524985432624817,0.17067959904670715,1.2612727880477905,1.57177734375,1.905832290649414,0.5101569294929504,0.44975516200065613,0.0010000941110774875,0.011854561977088451,0.03321323171257973,0.34427517652511597,1.4320181608200073,1.5977140665054321,1.9067926406860352,0.0006735115312039852,0.43729597330093384,-1.824211597442627,-1.4222139120101929,-0.666468620300293,0.0008785013342276216,0.6578284502029419,1.4291915893554688,1.8655225038528442,0.00026038175565190613,0.5208757519721985,-1.905832290649414,-1.504926085472107,-1.031430959701538,-0.00030875802622176707,1.0319584608078003,1.5075844526290894,1.8136616945266724,0.5101569294929504,0.44975516200065613,0.0010000941110774875,0.011854561977088451,0.03321323171257973,0.34427517652511597,1.4320181608200073,1.5977140665054321,1.9067926406860352,0.9991552829742432,0.0012622823705896735,0.9933679699897766,0.9953410625457764,0.9962571859359741,0.9997833967208862,0.9999979734420776,0.9999997615814209,1.0,0.9991552829742432,0.0012622823705896735,0.9933679699897766,0.9953410625457764,0.9962571859359741,0.9997833967208862,0.9999979734420776,0.9999997615814209,1.0,0.0008446438587270677,0.0012622823705896735,0.0,2.384185791015625e-07,2.0265579223632812e-06,0.00021660327911376953,0.0037427996285259724,0.004658957943320274,0.006632030010223389,0.0008446438587270677,0.0012622823705896735,0.0,2.384185791015625e-07,2.0265579223632812e-06,0.00021660327911376953,0.0037427996285259724,0.004658957943320274,0.006632030010223389
SC-INR-EQ,urban100,img_001.png,x4,x2,fixed,2.1,True,0.31774523854255676,1.8955017822008813e-07,1.8955017822008813e-07,1.8955017822008813e-07,0.14289194345474243,0.48274317383766174,-1.1458085775375366,-0.8679311871528625,-0.6810988187789917,0.08856512606143951,1.395155906677246,1.5686309337615967,1.9795892238616943,0.28422239422798157,0.49032482504844666,-0.9356609582901001,-0.25577351450920105,-0.16891127824783325,0.0890924483537674,1.4547134637832642,1.644766926765442,1.9654383659362793,0.551159143447876,0.5204646587371826,0.00041948482976295054,0.010919775813817978,0.031364575028419495,0.3005179464817047,1.5308502912521362,1.717394232749939,2.120353937149048,0.14289194345474243,0.48274317383766174,-1.1458085775375366,-0.8679311871528625,-0.6810988187789917,0.08856512606143951,1.395155906677246,1.5686309337615967,1.9795892238616943,0.28422239422798157,0.49032482504844666,-0.9356609582901001,-0.25577351450920105,-0.16891127824783325,0.0890924483537674,1.4547134637832642,1.644766926765442,1.9654383659362793,0.551159143447876,0.5204646587371826,0.00041948482976295054,0.010919775813817978,0.031364575028419495,0.3005179464817047,1.5308502912521362,1.717394232749939,2.120353937149048,0.8138800263404846,0.2552803158760071,0.009257595054805279,0.16989099979400635,0.2836134433746338,0.9633665084838867,0.9995955228805542,0.9999509453773499,0.9999998807907104,0.8138800263404846,0.2552803158760071,0.009257595054805279,0.16989099979400635,0.2836134433746338,0.9633665084838867,0.9995955228805542,0.9999509453773499,0.9999998807907104,0.18611997365951538,0.2552803158760071,1.1920928955078125e-07,4.903197259409353e-05,0.00040448311483487487,0.03663352131843567,0.7163865566253662,0.8301090002059937,0.9907423853874207,0.18611997365951538,0.2552803158760071,1.1920928955078125e-07,4.903197259409353e-05,0.00040448311483487487,0.03663352131843567,0.7163865566253662,0.8301090002059937,0.9907423853874207
SC-INR-EQ,urban100,img_001.png,x4,x3,fixed,2.1,True,0.31774523854255676,1.8955017822008813e-07,0.0,0.0,0.14289194345474243,0.48274317383766174,-1.1458085775375366,-0.8679311871528625,-0.6810988187789917,0.08856512606143951,1.395155906677246,1.5686309337615967,1.9795892238616943,0.28422239422798157,0.49032482504844666,-0.9356609582901001,-0.25577351450920105,-0.16891127824783325,0.0890924483537674,1.4547134637832642,1.644766926765442,1.9654383659362793,0.551159143447876,0.5204646587371826,0.00041948482976295054,0.010919775813817978,0.031364575028419495,0.3005179464817047,1.5308502912521362,1.717394232749939,2.120353937149048,0.14289194345474243,0.48274317383766174,-1.1458085775375366,-0.8679311871528625,-0.6810988187789917,0.08856512606143951,1.395155906677246,1.5686309337615967,1.9795892238616943,0.28422239422798157,0.49032482504844666,-0.9356609582901001,-0.25577351450920105,-0.16891127824783325,0.0890924483537674,1.4547134637832642,1.644766926765442,1.9654383659362793,0.551159143447876,0.5204646587371826,0.00041948482976295054,0.010919775813817978,0.031364575028419495,0.3005179464817047,1.5308502912521362,1.717394232749939,2.120353937149048,0.9056850671768188,0.13418278098106384,0.38131648302078247,0.5450266599655151,0.6242188811302185,0.9835910201072693,0.9998201727867126,0.999978244304657,1.0,0.9056850671768188,0.13418278098106384,0.38131648302078247,0.5450266599655151,0.6242188811302185,0.9835910201072693,0.9998201727867126,0.999978244304657,1.0,0.09431494027376175,0.13418278098106384,0.0,2.176463749492541e-05,0.00017983021098189056,0.016408979892730713,0.3757810890674591,0.4549733102321625,0.6186835169792175,0.09431494027376175,0.13418278098106384,0.0,2.176463749492541e-05,0.00017983021098189056,0.016408979892730713,0.3757810890674591,0.4549733102321625,0.6186835169792175
SC-INR-EQ,urban100,img_001.png,x4,x4,fixed,2.1,True,0.31774523854255676,1.8955017822008813e-07,0.0,0.0,0.14289194345474243,0.48274317383766174,-1.1458085775375366,-0.8679311871528625,-0.6810988187789917,0.08856512606143951,1.395155906677246,1.5686309337615967,1.9795892238616943,0.28422239422798157,0.49032482504844666,-0.9356609582901001,-0.25577351450920105,-0.16891127824783325,0.0890924483537674,1.4547134637832642,1.644766926765442,1.9654383659362793,0.551159143447876,0.5204646587371826,0.00041948482976295054,0.010919775813817978,0.031364575028419495,0.3005179464817047,1.5308502912521362,1.717394232749939,2.120353937149048,0.14289194345474243,0.48274317383766174,-1.1458085775375366,-0.8679311871528625,-0.6810988187789917,0.08856512606143951,1.395155906677246,1.5686309337615967,1.9795892238616943,0.28422239422798157,0.49032482504844666,-0.9356609582901001,-0.25577351450920105,-0.16891127824783325,0.0890924483537674,1.4547134637832642,1.644766926765442,1.9654383659362793,0.551159143447876,0.5204646587371826,0.00041948482976295054,0.010919775813817978,0.031364575028419495,0.3005179464817047,1.5308502912521362,1.717394232749939,2.120353937149048,0.944405734539032,0.0801009014248848,0.6062512397766113,0.7248398661613464,0.7762805223464966,0.9907459020614624,0.9998988509178162,0.999987781047821,1.0,0.944405734539032,0.0801009014248848,0.6062512397766113,0.7248398661613464,0.7762805223464966,0.9907459020614624,0.9998988509178162,0.999987781047821,1.0,0.05559433624148369,0.0801009014248848,0.0,1.2198686818010174e-05,0.00010115802433574572,0.009254097938537598,0.22371946275234222,0.2751601040363312,0.39374876022338867,0.05559433624148369,0.0801009014248848,0.0,1.2198686818010174e-05,0.00010115802433574572,0.009254097938537598,0.22371946275234222,0.2751601040363312,0.39374876022338867
SC-INR-EQ,urban100,img_001.png,x4,x6,fixed,2.1,True,0.31774523854255676,1.8955017822008813e-07,0.0,0.0,0.14289194345474243,0.48274317383766174,-1.1458085775375366,-0.8679311871528625,-0.6810988187789917,0.08856512606143951,1.395155906677246,1.5686309337615967,1.9795892238616943,0.28422239422798157,0.49032482504844666,-0.9356609582901001,-0.25577351450920105,-0.16891127824783325,0.0890924483537674,1.4547134637832642,1.644766926765442,1.9654383659362793,0.551159143447876,0.5204646587371826,0.00041948482976295054,0.010919775813817978,0.031364575028419495,0.3005179464817047,1.5308502912521362,1.717394232749939,2.120353937149048,0.14289194345474243,0.48274317383766174,-1.1458085775375366,-0.8679311871528625,-0.6810988187789917,0.08856512606143951,1.395155906677246,1.5686309337615967,1.9795892238616943,0.28422239422798157,0.49032482504844666,-0.9356609582901001,-0.25577351450920105,-0.16891127824783325,0.0890924483537674,1.4547134637832642,1.644766926765442,1.9654383659362793,0.551159143447876,0.5204646587371826,0.00041948482976295054,0.010919775813817978,0.031364575028419495,0.3005179464817047,1.5308502912521362,1.717394232749939,2.120353937149048,0.974444568157196,0.03715285286307335,0.8087342381477356,0.8708612322807312,0.8963424563407898,0.9958795309066772,0.9999550580978394,0.9999945163726807,1.0,0.974444568157196,0.03715285286307335,0.8087342381477356,0.8708612322807312,0.8963424563407898,0.9958795309066772,0.9999550580978394,0.9999945163726807,1.0,0.02555539645254612,0.03715285286307335,0.0,5.463361958391033e-06,4.494190216064453e-05,0.004120498895645142,0.10365752130746841,0.12913878262043,0.1912657618522644,0.02555539645254612,0.03715285286307335,0.0,5.463361958391033e-06,4.494190216064453e-05,0.004120498895645142,0.10365752130746841,0.12913878262043,0.1912657618522644
SC-INR-EQ,urban100,img_001.png,x4,x8,fixed,2.1,True,0.31774523854255676,1.8955017822008813e-07,0.0,0.0,0.14289194345474243,0.48274317383766174,-1.1458085775375366,-0.8679311871528625,-0.6810988187789917,0.08856512606143951,1.395155906677246,1.5686309337615967,1.9795892238616943,0.28422239422798157,0.49032482504844666,-0.9356609582901001,-0.25577351450920105,-0.16891127824783325,0.0890924483537674,1.4547134637832642,1.644766926765442,1.9654383659362793,0.551159143447876,0.5204646587371826,0.00041948482976295054,0.010919775813817978,0.031364575028419495,0.3005179464817047,1.5308502912521362,1.717394232749939,2.120353937149048,0.14289194345474243,0.48274317383766174,-1.1458085775375366,-0.8679311871528625,-0.6810988187789917,0.08856512606143951,1.395155906677246,1.5686309337615967,1.9795892238616943,0.28422239422798157,0.49032482504844666,-0.9356609582901001,-0.25577351450920105,-0.16891127824783325,0.0890924483537674,1.4547134637832642,1.644766926765442,1.9654383659362793,0.551159143447876,0.5204646587371826,0.00041948482976295054,0.010919775813817978,0.031364575028419495,0.3005179464817047,1.5308502912521362,1.717394232749939,2.120353937149048,0.9854537844657898,0.021213939413428307,0.8890010714530945,0.9259799718856812,0.9408541321754456,0.9976806640625,0.9999747276306152,0.9999969601631165,1.0,0.9854537844657898,0.021213939413428307,0.8890010714530945,0.9259799718856812,0.9408541321754456,0.9976806640625,0.9999747276306152,0.9999969601631165,1.0,0.014546188525855541,0.021213939413428307,0.0,3.0297042030724697e-06,2.5281311536673456e-05,0.0023193061351776123,0.05914586782455444,0.07402002066373825,0.11099892854690552,0.014546188525855541,0.021213939413428307,0.0,3.0297042030724697e-06,2.5281311536673456e-05,0.0023193061351776123,0.05914586782455444,0.07402002066373825,0.11099892854690552
SC-INR-EQ,urban100,img_001.png,x4,x12,fixed,2.1,True,0.31774523854255676,1.8955017822008813e-07,0.0,0.0,0.14289194345474243,0.48274317383766174,-1.1458085775375366,-0.8679311871528625,-0.6810988187789917,0.08856512606143951,1.395155906677246,1.5686309337615967,1.9795892238616943,0.28422239422798157,0.49032482504844666,-0.9356609582901001,-0.25577351450920105,-0.16891127824783325,0.0890924483537674,1.4547134637832642,1.644766926765442,1.9654383659362793,0.551159143447876,0.5204646587371826,0.00041948482976295054,0.010919775813817978,0.031364575028419495,0.3005179464817047,1.5308502912521362,1.717394232749939,2.120353937149048,0.14289194345474243,0.48274317383766174,-1.1458085775375366,-0.8679311871528625,-0.6810988187789917,0.08856512606143951,1.395155906677246,1.5686309337615967,1.9795892238616943,0.28422239422798157,0.49032482504844666,-0.9356609582901001,-0.25577351450920105,-0.16891127824783325,0.0890924483537674,1.4547134637832642,1.644766926765442,1.9654383659362793,0.551159143447876,0.5204646587371826,0.00041948482976295054,0.010919775813817978,0.031364575028419495,0.3005179464817047,1.5308502912521362,1.717394232749939,2.120353937149048,0.9934799671173096,0.00952998735010624,0.9495529532432556,0.9666603207588196,0.9734464287757874,0.9989687204360962,0.9999887347221375,0.9999986290931702,1.0,0.9934799671173096,0.00952998735010624,0.9495529532432556,0.9666603207588196,0.9734464287757874,0.9989687204360962,0.9999887347221375,0.9999986290931702,1.0,0.006520004943013191,0.00952998735010624,0.0,1.3607741493615322e-06,1.1265277862548828e-05,0.0010312795639038086,0.026553597301244736,0.033339694142341614,0.050447046756744385,0.006520004943013191,0.00952998735010624,0.0,1.3607741493615322e-06,1.1265277862548828e-05,0.0010312795639038086,0.026553597301244736,0.033339694142341614,0.050447046756744385
SC-INR-EQ,urban100,img_001.png,x4,x16,fixed,2.1,True,0.31774523854255676,1.8955017822008813e-07,0.0,0.0,0.14289194345474243,0.48274317383766174,-1.1458085775375366,-0.8679311871528625,-0.6810988187789917,0.08856512606143951,1.395155906677246,1.5686309337615967,1.9795892238616943,0.28422239422798157,0.49032482504844666,-0.9356609582901001,-0.25577351450920105,-0.16891127824783325,0.0890924483537674,1.4547134637832642,1.644766926765442,1.9654383659362793,0.551159143447876,0.5204646587371826,0.00041948482976295054,0.010919775813817978,0.031364575028419495,0.3005179464817047,1.5308502912521362,1.717394232749939,2.120353937149048,0.14289194345474243,0.48274317383766174,-1.1458085775375366,-0.8679311871528625,-0.6810988187789917,0.08856512606143951,1.395155906677246,1.5686309337615967,1.9795892238616943,0.28422239422798157,0.49032482504844666,-0.9356609582901001,-0.25577351450920105,-0.16891127824783325,0.0890924483537674,1.4547134637832642,1.644766926765442,1.9654383659362793,0.551159143447876,0.5204646587371826,0.00041948482976295054,0.010919775813817978,0.031364575028419495,0.3005179464817047,1.5308502912521362,1.717394232749939,2.120353937149048,0.9963215589523315,0.005380772054195404,0.9714006781578064,0.9811597466468811,0.9850108027458191,0.9994198083877563,0.9999936819076538,0.9999992847442627,1.0,0.9963215589523315,0.005380772054195404,0.9714006781578064,0.9811597466468811,0.9850108027458191,0.9994198083877563,0.9999936819076538,0.9999992847442627,1.0,0.0036784103140234947,0.005380772054195404,0.0,7.152557373046875e-07,6.318092346191406e-06,0.00058022141456604,0.014989200048148632,0.018840257078409195,0.028599321842193604,0.0036784103140234947,0.005380772054195404,0.0,7.152557373046875e-07,6.318092346191406e-06,0.00058022141456604,0.014989200048148632,0.018840257078409195,0.028599321842193604
SC-INR-EQ,urban100,img_001.png,x4,x24,fixed,2.1,True,0.31774523854255676,1.8955017822008813e-07,0.0,0.0,0.14289194345474243,0.48274317383766174,-1.1458085775375366,-0.8679311871528625,-0.6810988187789917,0.08856512606143951,1.395155906677246,1.5686309337615967,1.9795892238616943,0.28422239422798157,0.49032482504844666,-0.9356609582901001,-0.25577351450920105,-0.16891127824783325,0.0890924483537674,1.4547134637832642,1.644766926765442,1.9654383659362793,0.551159143447876,0.5204646587371826,0.00041948482976295054,0.010919775813817978,0.031364575028419495,0.3005179464817047,1.5308502912521362,1.717394232749939,2.120353937149048,0.14289194345474243,0.48274317383766174,-1.1458085775375366,-0.8679311871528625,-0.6810988187789917,0.08856512606143951,1.395155906677246,1.5686309337615967,1.9795892238616943,0.28422239422798157,0.49032482504844666,-0.9356609582901001,-0.25577351450920105,-0.16891127824783325,0.0890924483537674,1.4547134637832642,1.644766926765442,1.9654383659362793,0.551159143447876,0.5204646587371826,0.00041948482976295054,0.010919775813817978,0.031364575028419495,0.3005179464817047,1.5308502912521362,1.717394232749939,2.120353937149048,0.9983617067337036,0.0023978755343705416,0.9872179627418518,0.9915990829467773,0.9933211803436279,0.9997421503067017,0.9999971985816956,0.9999996423721313,1.0,0.9983617067337036,0.0023978755343705416,0.9872179627418518,0.9915990829467773,0.9933211803436279,0.9997421503067017,0.9999971985816956,0.9999996423721313,1.0,0.001638323301449418,0.0023978755343705416,0.0,3.4749518817989156e-07,2.8014183044433594e-06,0.00025784969329833984,0.006678801961243153,0.008400922641158104,0.012782037258148193,0.001638323301449418,0.0023978755343705416,0.0,3.4749518817989156e-07,2.8014183044433594e-06,0.00025784969329833984,0.006678801961243153,0.008400922641158104,0.012782037258148193
SC-INR-EQ,urban100,img_001.png,x4,x30,fixed,2.1,True,0.31774523854255676,1.8955017822008813e-07,0.0,0.0,0.14289194345474243,0.48274317383766174,-1.1458085775375366,-0.8679311871528625,-0.6810988187789917,0.08856512606143951,1.395155906677246,1.5686309337615967,1.9795892238616943,0.28422239422798157,0.49032482504844666,-0.9356609582901001,-0.25577351450920105,-0.16891127824783325,0.0890924483537674,1.4547134637832642,1.644766926765442,1.9654383659362793,0.551159143447876,0.5204646587371826,0.00041948482976295054,0.010919775813817978,0.031364575028419495,0.3005179464817047,1.5308502912521362,1.717394232749939,2.120353937149048,0.14289194345474243,0.48274317383766174,-1.1458085775375366,-0.8679311871528625,-0.6810988187789917,0.08856512606143951,1.395155906677246,1.5686309337615967,1.9795892238616943,0.28422239422798157,0.49032482504844666,-0.9356609582901001,-0.25577351450920105,-0.16891127824783325,0.0890924483537674,1.4547134637832642,1.644766926765442,1.9654383659362793,0.551159143447876,0.5204646587371826,0.00041948482976295054,0.010919775813817978,0.031364575028419495,0.3005179464817047,1.5308502912521362,1.717394232749939,2.120353937149048,0.9989508390426636,0.0015358264790847898,0.9918063282966614,0.99461829662323,0.9957223534584045,0.9998348951339722,0.9999982118606567,0.9999998211860657,1.0,0.9989508390426636,0.0015358264790847898,0.9918063282966614,0.99461829662323,0.9957223534584045,0.9998348951339722,0.9999982118606567,0.9999998211860657,1.0,0.0010491671273484826,0.0015358264790847898,0.0,1.7881393432617188e-07,1.7881393432617188e-06,0.00016507506370544434,0.004277637694031,0.0053816791623830795,0.008193671703338623,0.0010491671273484826,0.0015358264790847898,0.0,1.7881393432617188e-07,1.7881393432617188e-06,0.00016507506370544434,0.004277637694031,0.0053816791623830795,0.008193671703338623
SC-INR-EQ,urban100,img_002.png,x4,x2,fixed,2.1,True,0.31457456946372986,0.0,0.0,0.0,0.08189251273870468,0.4489111006259918,-1.4627728462219238,-1.206771731376648,-0.7668681144714355,0.08717750757932663,0.6670693755149841,1.5433119535446167,1.8917728662490845,0.29807165265083313,0.43983763456344604,-0.8718307614326477,-0.306262344121933,-0.16985271871089935,0.18583494424819946,1.2673486471176147,1.6095788478851318,1.8945866823196411,0.531326174736023,0.4563155770301819,0.0019416729919612408,0.019503934308886528,0.05167572572827339,0.36061275005340576,1.4716442823410034,1.685592770576477,1.9410253763198853,-0.0012419965351000428,0.48700445890426636,-1.8523411750793457,-1.4825271368026733,-0.9485477805137634,-0.002218768931925297,0.9387255907058716,1.4859592914581299,1.828778624534607,-0.00014604371972382069,0.5033453106880188,-1.8917728662490845,-1.5005303621292114,-0.9792068004608154,-0.0038576137740164995,0.9803733825683594,1.4931622743606567,1.8945866823196411,0.531326174736023,0.4563155770301819,0.0019416729919612408,0.019503934308886528,0.05167572945356369,0.36061275005340576,1.4716442823410034,1.685592770576477,1.9410253763198853,0.8359341621398926,0.2239832580089569,0.05141659826040268,0.1906564086675644,0.3299679756164551,0.9475879669189453,0.9989023208618164,0.9998435378074646,0.9999983906745911,0.8359341621398926,0.2239832580089569,0.05141659826040268,0.1906564086675644,0.3299679756164551,0.9475879669189453,0.9989023208618164,0.9998435378074646,0.9999983906745911,0.16406583786010742,0.2239832580089569,1.6093254089355469e-06,0.00015645503299310803,0.00109770311973989,0.05241203308105469,0.6700321435928345,0.8093435764312744,0.9485834240913391,0.16406583786010742,0.2239832580089569,1.6093254089355469e-06,0.00015645503299310803,0.00109770311973989,0.05241203308105469,0.6700321435928345,0.8093435764312744,0.9485834240913391
SC-INR-EQ,urban100,img_002.png,x4,x3,fixed,2.1,True,0.31457456946372986,0.0,0.0,0.0,0.08189251273870468,0.4489111006259918,-1.4627728462219238,-1.206771731376648,-0.7668681144714355,0.08717750757932663,0.6670693755149841,1.5433119535446167,1.8917728662490845,0.29807165265083313,0.43983763456344604,-0.8718307614326477,-0.306262344121933,-0.16985271871089935,0.18583494424819946,1.2673486471176147,1.6095788478851318,1.8945866823196411,0.531326174736023,0.4563155770301819,0.0019416729919612408,0.019503934308886528,0.05167572572827339,0.36061275005340576,1.4716442823410034,1.685592770576477,1.9410253763198853,-0.0012419965351000428,0.48700445890426636,-1.8523411750793457,-1.4825271368026733,-0.9485477805137634,-0.002218768931925297,0.9387255907058716,1.4859592914581299,1.828778624534607,-0.00014604371972382069,0.5033453106880188,-1.8917728662490845,-1.5005303621292114,-0.9792068004608154,-0.0038576137740164995,0.9803733825683594,1.4931622743606567,1.8945866823196411,0.531326174736023,0.4563155770301819,0.0019416729919612408,0.019503934308886528,0.05167572945356369,0.36061275005340576,1.4716442823410034,1.685592770576477,1.9410253763198853,0.9183538556098938,0.11698108911514282,0.4467278718948364,0.5599479079246521,0.6508695483207703,0.9764556288719177,0.9995119571685791,0.9999305009841919,0.9999992847442627,0.9183538556098938,0.11698108911514282,0.4467278718948364,0.5599479079246521,0.6508695483207703,0.9764556288719177,0.9995119571685791,0.9999305009841919,0.9999992847442627,0.08164612948894501,0.11698108911514282,7.152557373046875e-07,6.952523835934699e-05,0.00048803098616190255,0.023544371128082275,0.3491304814815521,0.4400518238544464,0.5532721281051636,0.08164612948894501,0.11698108911514282,7.152557373046875e-07,6.952523835934699e-05,0.00048803098616190255,0.023544371128082275,0.3491304814815521,0.4400518238544464,0.5532721281051636
SC-INR-EQ,urban100,img_002.png,x4,x4,fixed,2.1,True,0.31457456946372986,0.0,0.0,0.0,0.08189251273870468,0.4489111006259918,-1.4627728462219238,-1.206771731376648,-0.7668681144714355,0.08717750757932663,0.6670693755149841,1.5433119535446167,1.8917728662490845,0.29807165265083313,0.43983763456344604,-0.8718307614326477,-0.306262344121933,-0.16985271871089935,0.18583494424819946,1.2673486471176147,1.6095788478851318,1.8945866823196411,0.531326174736023,0.4563155770301819,0.0019416729919612408,0.019503934308886528,0.05167572572827339,0.36061275005340576,1.4716442823410034,1.685592770576477,1.9410253763198853,-0.0012419965351000428,0.48700445890426636,-1.8523411750793457,-1.4825271368026733,-0.9485477805137634,-0.002218768931925297,0.9387255907058716,1.4859592914581299,1.828778624534607,-0.00014604371972382069,0.5033453106880188,-1.8917728662490845,-1.5005303621292114,-0.9792068004608154,-0.0038576137740164995,0.9803733825683594,1.4931622743606567,1.8945866823196411,0.531326174736023,0.4563155770301819,0.0019416729919612408,0.019503934308886528,0.05167572945356369,0.36061275005340576,1.4716442823410034,1.685592770576477,1.9410253763198853,0.9521707892417908,0.06969673186540604,0.6575416326522827,0.7340365648269653,0.7924288511276245,0.9867014288902283,0.9997255206108093,0.9999608993530273,0.9999995827674866,0.9521707892417908,0.06969673186540604,0.6575416326522827,0.7340365648269653,0.7924288511276245,0.9867014288902283,0.9997255206108093,0.9999608993530273,0.9999995827674866,0.04782918468117714,0.06969673186540604,4.172325134277344e-07,3.910064697265625e-05,0.0002745032834354788,0.013298571109771729,0.20757117867469788,0.2659633457660675,0.3424583673477173,0.04782918468117714,0.06969673186540604,4.172325134277344e-07,3.910064697265625e-05,0.0002745032834354788,0.013298571109771729,0.20757117867469788,0.2659633457660675,0.3424583673477173
SC-INR-EQ,urban100,img_002.png,x4,x6,fixed,2.1,True,0.31457456946372986,0.0,0.0,0.0,0.08189251273870468,0.4489111006259918,-1.4627728462219238,-1.206771731376648,-0.7668681144714355,0.08717750757932663,0.6670693755149841,1.5433119535446167,1.8917728662490845,0.29807165265083313,0.43983763456344604,-0.8718307614326477,-0.306262344121933,-0.16985271871089935,0.18583494424819946,1.2673486471176147,1.6095788478851318,1.8945866823196411,0.531326174736023,0.4563155770301819,0.0019416729919612408,0.019503934308886528,0.05167572572827339,0.36061275005340576,1.4716442823410034,1.685592770576477,1.9410253763198853,-0.0012419965351000428,0.48700445890426636,-1.8523411750793457,-1.4825271368026733,-0.9485477805137634,-0.002218768931925297,0.9387255907058716,1.4859592914581299,1.828778624534607,-0.00014604371972382069,0.5033453106880188,-1.8917728662490845,-1.5005303621292114,-0.9792068004608154,-0.0038576137740164995,0.9803733825683594,1.4931622743606567,1.8945866823196411,0.531326174736023,0.4563155770301819,0.0019416729919612408,0.019503934308886528,0.05167572945356369,0.36061275005340576,1.4716442823410034,1.685592770576477,1.9410253763198853,0.9781100153923035,0.03228508681058884,0.8370203971862793,0.8753623366355896,0.9041712284088135,0.9940720796585083,0.9998779892921448,0.9999826550483704,0.9999998807907104,0.9781100153923035,0.03228508681058884,0.8370203971862793,0.8753623366355896,0.9041712284088135,0.9940720796585083,0.9998779892921448,0.9999826550483704,0.9999998807907104,0.02188993990421295,0.03228508681058884,1.1920928955078125e-07,1.7371177818858996e-05,0.00012203457299619913,0.005927920341491699,0.09582877159118652,0.12463761121034622,0.1629796028137207,0.02188993990421295,0.03228508681058884,1.1920928955078125e-07,1.7371177818858996e-05,0.00012203457299619913,0.005927920341491699,0.09582877159118652,0.12463761121034622,0.1629796028137207
SC-INR-EQ,urban100,img_002.png,x4,x8,fixed,2.1,True,0.31457456946372986,0.0,0.0,0.0,0.08189251273870468,0.4489111006259918,-1.4627728462219238,-1.206771731376648,-0.7668681144714355,0.08717750757932663,0.6670693755149841,1.5433119535446167,1.8917728662490845,0.29807165265083313,0.43983763456344604,-0.8718307614326477,-0.306262344121933,-0.16985271871089935,0.18583494424819946,1.2673486471176147,1.6095788478851318,1.8945866823196411,0.531326174736023,0.4563155770301819,0.0019416729919612408,0.019503934308886528,0.05167572572827339,0.36061275005340576,1.4716442823410034,1.685592770576477,1.9410253763198853,-0.0012419965351000428,0.48700445890426636,-1.8523411750793457,-1.4825271368026733,-0.9485477805137634,-0.002218768931925297,0.9387255907058716,1.4859592914581299,1.828778624534607,-0.00014604371972382069,0.5033453106880188,-1.8917728662490845,-1.5005303621292114,-0.9792068004608154,-0.0038576137740164995,0.9803733825683594,1.4931622743606567,1.8945866823196411,0.531326174736023,0.4563155770301819,0.0019416729919612408,0.019503934308886528,0.05167572945356369,0.36061275005340576,1.4716442823410034,1.685592770576477,1.9410253763198853,0.9875591993331909,0.01842639222741127,0.9061018824577332,0.9286477565765381,0.9453405141830444,0.9966621398925781,0.9999313354492188,0.9999902844429016,0.9999999403953552,0.9875591993331909,0.01842639222741127,0.9061018824577332,0.9286477565765381,0.9453405141830444,0.9966621398925781,0.9999313354492188,0.9999902844429016,0.9999999403953552,0.01244086679071188,0.01842639222741127,5.960464477539063e-08,9.715557098388672e-06,6.866456533316523e-05,0.003337860107421875,0.05465947091579437,0.07135221362113953,0.09389811754226685,0.01244086679071188,0.01842639222741127,5.960464477539063e-08,9.715557098388672e-06,6.866456533316523e-05,0.003337860107421875,0.05465947091579437,0.07135221362113953,0.09389811754226685
SC-INR-EQ,urban100,img_002.png,x4,x12,fixed,2.1,True,0.31457456946372986,0.0,0.0,0.0,0.08189251273870468,0.4489111006259918,-1.4627728462219238,-1.206771731376648,-0.7668681144714355,0.08717750757932663,0.6670693755149841,1.5433119535446167,1.8917728662490845,0.29807165265083313,0.43983763456344604,-0.8718307614326477,-0.306262344121933,-0.16985271871089935,0.18583494424819946,1.2673486471176147,1.6095788478851318,1.8945866823196411,0.531326174736023,0.4563155770301819,0.0019416729919612408,0.019503934308886528,0.05167572572827339,0.36061275005340576,1.4716442823410034,1.685592770576477,1.9410253763198853,-0.0012419965351000428,0.48700445890426636,-1.8523411750793457,-1.4825271368026733,-0.9485477805137634,-0.002218768931925297,0.9387255907058716,1.4859592914581299,1.828778624534607,-0.00014604371972382069,0.5033453106880188,-1.8917728662490845,-1.5005303621292114,-0.9792068004608154,-0.0038576137740164995,0.9803733825683594,1.4931622743606567,1.8945866823196411,0.531326174736023,0.4563155770301819,0.0019416729919612408,0.019503934308886528,0.05167572945356369,0.36061275005340576,1.4716442823410034,1.685592770576477,1.9410253763198853,0.9944297075271606,0.008275174535810947,0.9575473666191101,0.96788090467453,0.9754645228385925,0.9985153675079346,0.999969482421875,0.9999956488609314,1.0,0.9944297075271606,0.008275174535810947,0.9575473666191101,0.96788090467453,0.9754645228385925,0.9985153675079346,0.999969482421875,0.9999956488609314,1.0,0.005570308305323124,0.008275174535810947,0.0,4.334449840825982e-06,3.0493738449877128e-05,0.0014846324920654297,0.02453550696372986,0.03211909160017967,0.04245263338088989,0.005570308305323124,0.008275174535810947,0.0,4.334449840825982e-06,3.0493738449877128e-05,0.0014846324920654297,0.02453550696372986,0.03211909160017967,0.04245263338088989
SC-INR-EQ,urban100,img_002.png,x4,x16,fixed,2.1,True,0.31457456946372986,0.0,0.0,0.0,0.08189251273870468,0.4489111006259918,-1.4627728462219238,-1.206771731376648,-0.7668681144714355,0.08717750757932663,0.6670693755149841,1.5433119535446167,1.8917728662490845,0.29807165265083313,0.43983763456344604,-0.8718307614326477,-0.306262344121933,-0.16985271871089935,0.18583494424819946,1.2673486471176147,1.6095788478851318,1.8945866823196411,0.531326174736023,0.4563155770301819,0.0019416729919612408,0.019503934308886528,0.05167572572827339,0.36061275005340576,1.4716442823410034,1.685592770576477,1.9410253763198853,-0.0012419965351000428,0.48700445890426636,-1.8523411750793457,-1.4825271368026733,-0.9485477805137634,-0.002218768931925297,0.9387255907058716,1.4859592914581299,1.828778624534607,-0.00014604371972382069,0.5033453106880188,-1.8917728662490845,-1.5005303621292114,-0.9792068004608154,-0.0038576137740164995,0.9803733825683594,1.4931622743606567,1.8945866823196411,0.531326174736023,0.4563155770301819,0.0019416729919612408,0.019503934308886528,0.05167572945356369,0.36061275005340576,1.4716442823410034,1.685592770576477,1.9410253763198853,0.996858537197113,0.004671785980463028,0.9759770035743713,0.9818499684333801,0.9861466884613037,0.9991647005081177,0.9999827742576599,0.9999975562095642,1.0,0.996858537197113,0.004671785980463028,0.9759770035743713,0.9818499684333801,0.9861466884613037,0.9991647005081177,0.9999827742576599,0.9999975562095642,1.0,0.0031414288096129894,0.004671785980463028,0.0,2.4437904357910156e-06,1.720190266496502e-05,0.0008352994918823242,0.013853324577212334,0.018150001764297485,0.024022996425628662,0.0031414288096129894,0.004671785980463028,0.0,2.4437904357910156e-06,1.720190266496502e-05,0.0008352994918823242,0.013853324577212334,0.018150001764297485,0.024022996425628662
SC-INR-EQ,urban100,img_002.png,x4,x24,fixed,2.1,True,0.31457456946372986,0.0,0.0,0.0,0.08189251273870468,0.4489111006259918,-1.4627728462219238,-1.206771731376648,-0.7668681144714355,0.08717750757932663,0.6670693755149841,1.5433119535446167,1.8917728662490845,0.29807165265083313,0.43983763456344604,-0.8718307614326477,-0.306262344121933,-0.16985271871089935,0.18583494424819946,1.2673486471176147,1.6095788478851318,1.8945866823196411,0.531326174736023,0.4563155770301819,0.0019416729919612408,0.019503934308886528,0.05167572572827339,0.36061275005340576,1.4716442823410034,1.685592770576477,1.9410253763198853,-0.0012419965351000428,0.48700445890426636,-1.8523411750793457,-1.4825271368026733,-0.9485477805137634,-0.002218768931925297,0.9387255907058716,1.4859592914581299,1.828778624534607,-0.00014604371972382069,0.5033453106880188,-1.8917728662490845,-1.5005303621292114,-0.9792068004608154,-0.0038576137740164995,0.9803733825683594,1.4931622743606567,1.8945866823196411,0.531326174736023,0.4563155770301819,0.0019416729919612408,0.019503934308886528,0.05167572945356369,0.36061275005340576,1.4716442823410034,1.685592770576477,1.9410253763198853,0.9986012578010559,0.0020817648619413376,0.9892773628234863,0.991907000541687,0.9938279986381531,0.9996287226676941,0.9999923706054688,0.999998927116394,1.0,0.9986012578010559,0.0020817648619413376,0.9892773628234863,0.991907000541687,0.9938279986381531,0.9996287226676941,0.9999923706054688,0.999998927116394,1.0,0.0013987804995849729,0.0020817648619413376,0.0,1.0728836059570312e-06,7.62939453125e-06,0.0003712773323059082,0.006172001361846924,0.008092972449958324,0.010722637176513672,0.0013987804995849729,0.0020817648619413376,0.0,1.0728836059570312e-06,7.62939453125e-06,0.0003712773323059082,0.006172001361846924,0.008092972449958324,0.010722637176513672
SC-INR-EQ,urban100,img_002.png,x4,x30,fixed,2.1,True,0.31457456946372986,0.0,0.0,0.0,0.08189251273870468,0.4489111006259918,-1.4627728462219238,-1.206771731376648,-0.7668681144714355,0.08717750757932663,0.6670693755149841,1.5433119535446167,1.8917728662490845,0.29807165265083313,0.43983763456344604,-0.8718307614326477,-0.306262344121933,-0.16985271871089935,0.18583494424819946,1.2673486471176147,1.6095788478851318,1.8945866823196411,0.531326174736023,0.4563155770301819,0.0019416729919612408,0.019503934308886528,0.05167572572827339,0.36061275005340576,1.4716442823410034,1.685592770576477,1.9410253763198853,-0.0012419965351000428,0.48700445890426636,-1.8523411750793457,-1.4825271368026733,-0.9485477805137634,-0.002218768931925297,0.9387255907058716,1.4859592914581299,1.828778624534607,-0.00014604371972382069,0.5033453106880188,-1.8917728662490845,-1.5005303621292114,-0.9792068004608154,-0.0038576137740164995,0.9803733825683594,1.4931622743606567,1.8945866823196411,0.531326174736023,0.4563155770301819,0.0019416729919612408,0.019503934308886528,0.05167572945356369,0.36061275005340576,1.4716442823410034,1.685592770576477,1.9410253763198853,0.999104380607605,0.0013333301758393645,0.9931290745735168,0.9948156476020813,0.9960469603538513,0.9997623562812805,0.9999951124191284,0.9999993443489075,1.0,0.999104380607605,0.0013333301758393645,0.9931290745735168,0.9948156476020813,0.9960469603538513,0.9997623562812805,0.9999951124191284,0.9999993443489075,1.0,0.0008956974488683045,0.0013333301758393645,0.0,6.556510925292969e-07,4.887580871582031e-06,0.00023764371871948242,0.003953040111809969,0.005184323526918888,0.006870925426483154,0.0008956974488683045,0.0013333301758393645,0.0,6.556510925292969e-07,4.887580871582031e-06,0.00023764371871948242,0.003953040111809969,0.005184323526918888,0.006870925426483154
SC-INR-EQ,urban100,img_003.png,x4,x2,fixed,2.1,True,0.31304267048835754,0.0,0.0,0.0,0.08219026029109955,0.44384273886680603,-1.4566296339035034,-1.1942930221557617,-0.7543110251426697,0.07358062267303467,0.6664589047431946,1.5462994575500488,1.908937692642212,0.30012574791908264,0.43404996395111084,-0.6842463612556458,-0.2312586009502411,-0.15571328997612,0.17949983477592468,1.2707786560058594,1.595029592514038,1.912638783454895,0.5275384783744812,0.45158565044403076,0.0010679281549528241,0.018192632123827934,0.049348410218954086,0.36807534098625183,1.4574611186981201,1.6560086011886597,1.9416879415512085,0.0012687805574387312,0.49230802059173584,-1.8797070980072021,-1.4964238405227661,-0.9522426128387451,0.001124145812354982,0.9580503702163696,1.4953882694244385,1.8926414251327515,-0.0016046786913648248,0.4897499978542328,-1.8826966285705566,-1.4818599224090576,-0.9424635171890259,-0.0018118551233783364,0.9470238089561462,1.4880174398422241,1.912638783454895,0.5275384783744812,0.45158565044403076,0.0010679281549528241,0.018192632123827934,0.049348413944244385,0.36807531118392944,1.4574611186981201,1.6560086011886597,1.941687822341919,0.8376078605651855,0.22131818532943726,0.04502127692103386,0.20346245169639587,0.33632391691207886,0.9454148411750793,0.9989988803863525,0.999863862991333,0.9999995231628418,0.8376078605651855,0.22131818532943726,0.04502127692103386,0.20346245169639587,0.33632391691207886,0.9454148411750793,0.9989988803863525,0.999863862991333,0.9999995231628418,0.16239212453365326,0.22131818532943726,4.76837158203125e-07,0.00013612625480163842,0.0010011255508288741,0.054585158824920654,0.6636760830879211,0.7965375781059265,0.9549787044525146,0.16239212453365326,0.22131818532943726,4.76837158203125e-07,0.00013612625480163842,0.0010011255508288741,0.054585158824920654,0.6636760830879211,0.7965375781059265,0.9549787044525146
SC-INR-EQ,urban100,img_003.png,x4,x3,fixed,2.1,True,0.31304267048835754,0.0,0.0,0.0,0.08219026029109955,0.44384273886680603,-1.4566296339035034,-1.1942930221557617,-0.7543110251426697,0.07358062267303467,0.6664589047431946,1.5462994575500488,1.908937692642212,0.30012574791908264,0.43404996395111084,-0.6842463612556458,-0.2312586009502411,-0.15571328997612,0.17949983477592468,1.2707786560058594,1.595029592514038,1.912638783454895,0.5275384783744812,0.45158565044403076,0.0010679281549528241,0.018192632123827934,0.049348410218954086,0.36807534098625183,1.4574611186981201,1.6560086011886597,1.9416879415512085,0.0012687805574387312,0.49230802059173584,-1.8797070980072021,-1.4964238405227661,-0.9522426128387451,0.001124145812354982,0.9580503702163696,1.4953882694244385,1.8926414251327515,-0.0016046786913648248,0.4897499978542328,-1.8826966285705566,-1.4818599224090576,-0.9424635171890259,-0.0018118551233783364,0.9470238089561462,1.4880174398422241,1.912638783454895,0.5275384783744812,0.45158565044403076,0.0010679281549528241,0.018192632123827934,0.049348413944244385,0.36807531118392944,1.4574611186981201,1.6560086011886597,1.941687822341919,0.9194769263267517,0.11502812802791595,0.44837111234664917,0.5711009502410889,0.656542956829071,0.9754668474197388,0.9995550513267517,0.999939501285553,0.9999997615814209,0.9194769263267517,0.11502812802791595,0.44837111234664917,0.5711009502410889,0.656542956829071,0.9754668474197388,0.9995550513267517,0.999939501285553,0.9999997615814209,0.08052310347557068,0.11502812802791595,2.384185791015625e-07,6.0473670600913465e-05,0.00044496654300019145,0.02453315258026123,0.34345686435699463,0.42889901995658875,0.5516288876533508,0.08052310347557068,0.11502812802791595,2.384185791015625e-07,6.0473670600913465e-05,0.00044496654300019145,0.02453315258026123,0.34345686435699463,0.42889901995658875,0.5516288876533508
SC-INR-EQ,urban100,img_003.png,x4,x4,fixed,2.1,True,0.31304267048835754,0.0,0.0,0.0,0.08219026029109955,0.44384273886680603,-1.4566296339035034,-1.1942930221557617,-0.7543110251426697,0.07358062267303467,0.6664589047431946,1.5462994575500488,1.908937692642212,0.30012574791908264,0.43404996395111084,-0.6842463612556458,-0.2312586009502411,-0.15571328997612,0.17949983477592468,1.2707786560058594,1.595029592514038,1.912638783454895,0.5275384783744812,0.45158565044403076,0.0010679281549528241,0.018192632123827934,0.049348410218954086,0.36807534098625183,1.4574611186981201,1.6560086011886597,1.9416879415512085,0.0012687805574387312,0.49230802059173584,-1.8797070980072021,-1.4964238405227661,-0.9522426128387451,0.001124145812354982,0.9580503702163696,1.4953882694244385,1.8926414251327515,-0.0016046786913648248,0.4897499978542328,-1.8826966285705566,-1.4818599224090576,-0.9424635171890259,-0.0018118551233783364,0.9470238089561462,1.4880174398422241,1.912638783454895,0.5275384783744812,0.45158565044403076,0.0010679281549528241,0.018192632123827934,0.049348413944244385,0.36807531118392944,1.4574611186981201,1.6560086011886597,1.941687822341919,0.9528933763504028,0.06840098649263382,0.6580387949943542,0.7419888377189636,0.7962213158607483,0.9861454963684082,0.9997496604919434,0.9999659657478333,0.9999999403953552,0.9528933763504028,0.06840098649263382,0.6580387949943542,0.7419888377189636,0.7962213158607483,0.9861454963684082,0.9997496604919434,0.9999659657478333,0.9999999403953552,0.04710659012198448,0.06840098649263382,5.960464477539063e-08,3.401279172976501e-05,0.00025032160920090973,0.013854503631591797,0.20377865433692932,0.258011132478714,0.34196120500564575,0.04710659012198448,0.06840098649263382,5.960464477539063e-08,3.401279172976501e-05,0.00025032160920090973,0.013854503631591797,0.20377865433692932,0.258011132478714,0.34196120500564575
SC-INR-EQ,urban100,img_003.png,x4,x6,fixed,2.1,True,0.31304267048835754,0.0,0.0,0.0,0.08219026029109955,0.44384273886680603,-1.4566296339035034,-1.1942930221557617,-0.7543110251426697,0.07358062267303467,0.6664589047431946,1.5462994575500488,1.908937692642212,0.30012574791908264,0.43404996395111084,-0.6842463612556458,-0.2312586009502411,-0.15571328997612,0.17949983477592468,1.2707786560058594,1.595029592514038,1.912638783454895,0.5275384783744812,0.45158565044403076,0.0010679281549528241,0.018192632123827934,0.049348410218954086,0.36807534098625183,1.4574611186981201,1.6560086011886597,1.9416879415512085,0.0012687805574387312,0.49230802059173584,-1.8797070980072021,-1.4964238405227661,-0.9522426128387451,0.001124145812354982,0.9580503702163696,1.4953882694244385,1.8926414251327515,-0.0016046786913648248,0.4897499978542328,-1.8826966285705566,-1.4818599224090576,-0.9424635171890259,-0.0018118551233783364,0.9470238089561462,1.4880174398422241,1.912638783454895,0.5275384783744812,0.45158565044403076,0.0010679281549528241,0.018192632123827934,0.049348413944244385,0.36807531118392944,1.4574611186981201,1.6560086011886597,1.941687822341919,0.9784626960754395,0.03163884952664375,0.8370676636695862,0.8795920610427856,0.9059677720069885,0.993824303150177,0.9998887181282043,0.999984860420227,1.0,0.9784626960754395,0.03163884952664375,0.8370676636695862,0.8795920610427856,0.9059677720069885,0.993824303150177,0.9998887181282043,0.999984860420227,1.0,0.021537313237786293,0.03163884952664375,0.0,1.5138385606405791e-05,0.00011130570783279836,0.006175696849822998,0.09403219074010849,0.12040790915489197,0.16293233633041382,0.021537313237786293,0.03163884952664375,0.0,1.5138385606405791e-05,0.00011130570783279836,0.006175696849822998,0.09403219074010849,0.12040790915489197,0.16293233633041382
SC-INR-EQ,urban100,img_003.png,x4,x8,fixed,2.1,True,0.31304267048835754,0.0,0.0,0.0,0.08219026029109955,0.44384273886680603,-1.4566296339035034,-1.1942930221557617,-0.7543110251426697,0.07358062267303467,0.6664589047431946,1.5462994575500488,1.908937692642212,0.30012574791908264,0.43404996395111084,-0.6842463612556458,-0.2312586009502411,-0.15571328997612,0.17949983477592468,1.2707786560058594,1.595029592514038,1.912638783454895,0.5275384783744812,0.45158565044403076,0.0010679281549528241,0.018192632123827934,0.049348410218954086,0.36807534098625183,1.4574611186981201,1.6560086011886597,1.9416879415512085,0.0012687805574387312,0.49230802059173584,-1.8797070980072021,-1.4964238405227661,-0.9522426128387451,0.001124145812354982,0.9580503702163696,1.4953882694244385,1.8926414251327515,-0.0016046786913648248,0.4897499978542328,-1.8826966285705566,-1.4818599224090576,-0.9424635171890259,-0.0018118551233783364,0.9470238089561462,1.4880174398422241,1.912638783454895,0.5275384783744812,0.45158565044403076,0.0010679281549528241,0.018192632123827934,0.049348413944244385,0.36807531118392944,1.4574611186981201,1.6560086011886597,1.941687822341919,0.9877640008926392,0.018048107624053955,0.9060895442962646,0.9310530424118042,0.9463667869567871,0.9965224862098694,0.9999374151229858,0.9999914765357971,1.0,0.9877640008926392,0.018048107624053955,0.9060895442962646,0.9310530424118042,0.9463667869567871,0.9965224862098694,0.9999374151229858,0.9999914765357971,1.0,0.012236013077199459,0.018048107624053955,0.0,8.52346420288086e-06,6.259679503273219e-05,0.0034775137901306152,0.0536331869661808,0.0689469650387764,0.09391045570373535,0.012236013077199459,0.018048107624053955,0.0,8.52346420288086e-06,6.259679503273219e-05,0.0034775137901306152,0.0536331869661808,0.0689469650387764,0.09391045570373535
SC-INR-EQ,urban100,img_003.png,x4,x12,fixed,2.1,True,0.31304267048835754,0.0,0.0,0.0,0.08219026029109955,0.44384273886680603,-1.4566296339035034,-1.1942930221557617,-0.7543110251426697,0.07358062267303467,0.6664589047431946,1.5462994575500488,1.908937692642212,0.30012574791908264,0.43404996395111084,-0.6842463612556458,-0.2312586009502411,-0.15571328997612,0.17949983477592468,1.2707786560058594,1.595029592514038,1.912638783454895,0.5275384783744812,0.45158565044403076,0.0010679281549528241,0.018192632123827934,0.049348410218954086,0.36807534098625183,1.4574611186981201,1.6560086011886597,1.9416879415512085,0.0012687805574387312,0.49230802059173584,-1.8797070980072021,-1.4964238405227661,-0.9522426128387451,0.001124145812354982,0.9580503702163696,1.4953882694244385,1.8926414251327515,-0.0016046786913648248,0.4897499978542328,-1.8826966285705566,-1.4818599224090576,-0.9424635171890259,-0.0018118551233783364,0.9470238089561462,1.4880174398422241,1.912638783454895,0.5275384783744812,0.45158565044403076,0.0010679281549528241,0.018192632123827934,0.049348413944244385,0.36807531118392944,1.4574611186981201,1.6560086011886597,1.941687822341919,0.9945228099822998,0.008102220483124256,0.9575289487838745,0.9689710140228271,0.9759248495101929,0.9984533190727234,0.9999722242355347,0.9999961853027344,1.0,0.9945228099822998,0.008102220483124256,0.9575289487838745,0.9689710140228271,0.9759248495101929,0.9984533190727234,0.9999722242355347,0.9999961853027344,1.0,0.005477153230458498,0.008102220483124256,0.0,3.794430995185394e-06,2.7793645131168887e-05,0.0015466809272766113,0.02407514862716198,0.03102896735072136,0.04247105121612549,0.005477153230458498,0.008102220483124256,0.0,3.794430995185394e-06,2.7793645131168887e-05,0.0015466809272766113,0.02407514862716198,0.03102896735072136,0.04247105121612549
SC-INR-EQ,urban100,img_003.png,x4,x16,fixed,2.1,True,0.31304267048835754,0.0,0.0,0.0,0.08219026029109955,0.44384273886680603,-1.4566296339035034,-1.1942930221557617,-0.7543110251426697,0.07358062267303467,0.6664589047431946,1.5462994575500488,1.908937692642212,0.30012574791908264,0.43404996395111084,-0.6842463612556458,-0.2312586009502411,-0.15571328997612,0.17949983477592468,1.2707786560058594,1.595029592514038,1.912638783454895,0.5275384783744812,0.45158565044403076,0.0010679281549528241,0.018192632123827934,0.049348410218954086,0.36807534098625183,1.4574611186981201,1.6560086011886597,1.9416879415512085,0.0012687805574387312,0.49230802059173584,-1.8797070980072021,-1.4964238405227661,-0.9522426128387451,0.001124145812354982,0.9580503702163696,1.4953882694244385,1.8926414251327515,-0.0016046786913648248,0.4897499978542328,-1.8826966285705566,-1.4818599224090576,-0.9424635171890259,-0.0018118551233783364,0.9470238089561462,1.4880174398422241,1.912638783454895,0.5275384783744812,0.45158565044403076,0.0010679281549528241,0.018192632123827934,0.049348413944244385,0.36807531118392944,1.4574611186981201,1.6560086011886597,1.941687822341919,0.9969114065170288,0.004573532845824957,0.9759638905525208,0.9824731349945068,0.9864077568054199,0.9991297721862793,0.9999843835830688,0.9999979138374329,1.0,0.9969114065170288,0.004573532845824957,0.9759638905525208,0.9824731349945068,0.9864077568054199,0.9991297721862793,0.9999843835830688,0.9999979138374329,1.0,0.003088608616963029,0.004573532845824957,0.0,2.086162567138672e-06,1.5616416931152344e-05,0.0008702278137207031,0.013592256233096123,0.01752685196697712,0.024036109447479248,0.003088608616963029,0.004573532845824957,0.0,2.086162567138672e-06,1.5616416931152344e-05,0.0008702278137207031,0.013592256233096123,0.01752685196697712,0.024036109447479248
SC-INR-EQ,urban100,img_003.png,x4,x24,fixed,2.1,True,0.31304267048835754,0.0,0.0,0.0,0.08219026029109955,0.44384273886680603,-1.4566296339035034,-1.1942930221557617,-0.7543110251426697,0.07358062267303467,0.6664589047431946,1.5462994575500488,1.908937692642212,0.30012574791908264,0.43404996395111084,-0.6842463612556458,-0.2312586009502411,-0.15571328997612,0.17949983477592468,1.2707786560058594,1.595029592514038,1.912638783454895,0.5275384783744812,0.45158565044403076,0.0010679281549528241,0.018192632123827934,0.049348410218954086,0.36807534098625183,1.4574611186981201,1.6560086011886597,1.9416879415512085,0.0012687805574387312,0.49230802059173584,-1.8797070980072021,-1.4964238405227661,-0.9522426128387451,0.001124145812354982,0.9580503702163696,1.4953882694244385,1.8926414251327515,-0.0016046786913648248,0.4897499978542328,-1.8826966285705566,-1.4818599224090576,-0.9424635171890259,-0.0018118551233783364,0.9470238089561462,1.4880174398422241,1.912638783454895,0.5275384783744812,0.45158565044403076,0.0010679281549528241,0.018192632123827934,0.049348413944244385,0.36807531118392944,1.4574611186981201,1.6560086011886597,1.941687822341919,0.998624861240387,0.0020377885084599257,0.9892706871032715,0.9921870231628418,0.9939448237419128,0.9996131658554077,0.999993085861206,0.9999991059303284,1.0,0.998624861240387,0.0020377885084599257,0.9892706871032715,0.9921870231628418,0.9939448237419128,0.9996131658554077,0.999993085861206,0.9999991059303284,1.0,0.001375169842503965,0.0020377885084599257,0.0,8.940696716308594e-07,6.932019459782168e-06,0.00038683414459228516,0.006055167876183987,0.00781296193599701,0.010729312896728516,0.001375169842503965,0.0020377885084599257,0.0,8.940696716308594e-07,6.932019459782168e-06,0.00038683414459228516,0.006055167876183987,0.00781296193599701,0.010729312896728516
SC-INR-EQ,urban100,img_003.png,x4,x30,fixed,2.1,True,0.31304267048835754,0.0,0.0,0.0,0.08219026029109955,0.44384273886680603,-1.4566296339035034,-1.1942930221557617,-0.7543110251426697,0.07358062267303467,0.6664589047431946,1.5462994575500488,1.908937692642212,0.30012574791908264,0.43404996395111084,-0.6842463612556458,-0.2312586009502411,-0.15571328997612,0.17949983477592468,1.2707786560058594,1.595029592514038,1.912638783454895,0.5275384783744812,0.45158565044403076,0.0010679281549528241,0.018192632123827934,0.049348410218954086,0.36807534098625183,1.4574611186981201,1.6560086011886597,1.9416879415512085,0.0012687805574387312,0.49230802059173584,-1.8797070980072021,-1.4964238405227661,-0.9522426128387451,0.001124145812354982,0.9580503702163696,1.4953882694244385,1.8926414251327515,-0.0016046786913648248,0.4897499978542328,-1.8826966285705566,-1.4818599224090576,-0.9424635171890259,-0.0018118551233783364,0.9470238089561462,1.4880174398422241,1.912638783454895,0.5275384783744812,0.45158565044403076,0.0010679281549528241,0.018192632123827934,0.049348413944244385,0.36807531118392944,1.4574611186981201,1.6560086011886597,1.941687822341919,0.9991194605827332,0.001305128331296146,0.9931246042251587,0.9949954152107239,0.9961221814155579,0.9997524619102478,0.9999955296516418,0.9999994039535522,1.0,0.9991194605827332,0.001305128331296146,0.9931246042251587,0.9949954152107239,0.9961221814155579,0.9997524619102478,0.9999955296516418,0.9999994039535522,1.0,0.0008805627003312111,0.001305128331296146,0.0,5.960464477539062e-07,4.470348358154297e-06,0.00024753808975219727,0.0038778171874582767,0.005004568956792355,0.006875395774841309,0.0008805627003312111,0.001305128331296146,0.0,5.960464477539062e-07,4.470348358154297e-06,0.00024753808975219727,0.0038778171874582767,0.005004568956792355,0.006875395774841309
