model,dataset,image,lr_scale,observation_scale,omega_param,omega_bound,use_sinc_response,omega_neg_frac,omega_near_bound_frac,response_neg_frac,active_response_neg_frac,omega_x_mean,omega_x_std,omega_x_min,omega_x_q01,omega_x_q05,omega_x_q50,omega_x_q95,omega_x_q99,omega_x_max,omega_y_mean,omega_y_std,omega_y_min,omega_y_q01,omega_y_q05,omega_y_q50,omega_y_q95,omega_y_q99,omega_y_max,omega_mag_mean,omega_mag_std,omega_mag_min,omega_mag_q01,omega_mag_q05,omega_mag_q50,omega_mag_q95,omega_mag_q99,omega_mag_max,response_mean,response_std,response_min,response_q01,response_q05,response_q50,response_q95,response_q99,response_max,active_response_mean,active_response_std,active_response_min,active_response_q01,active_response_q05,active_response_q50,active_response_q95,active_response_q99,active_response_max,analytic_attenuation_mean,analytic_attenuation_std,analytic_attenuation_min,analytic_attenuation_q01,analytic_attenuation_q05,analytic_attenuation_q50,analytic_attenuation_q95,analytic_attenuation_q99,analytic_attenuation_max,active_attenuation_mean,active_attenuation_std,active_attenuation_min,active_attenuation_q01,active_attenuation_q05,active_attenuation_q50,active_attenuation_q95,active_attenuation_q99,active_attenuation_max
SC-INR-NoPhi,bsd100,101085.png,x4,x4,softplus,,True,0.0,nan,0.0,0.0,0.26708078384399414,0.3300168812274933,0.0005947972531430423,0.005287731532007456,0.01256511639803648,0.116656094789505,1.079126238822937,1.4190542697906494,1.7858682870864868,0.27440062165260315,0.3534226417541504,0.0003938655718229711,0.002512146020308137,0.011294112540781498,0.13960780203342438,1.0802162885665894,1.8794537782669067,2.136126756668091,0.47619616985321045,0.3920252025127411,0.0072045293636620045,0.053005561232566833,0.0731058269739151,0.39077064394950867,1.2513659000396729,1.8860031366348267,2.1489715576171875,0.9625658392906189,0.05931561067700386,0.5892992615699768,0.6727161407470703,0.8466387391090393,0.9843799471855164,0.99945068359375,0.9997111558914185,0.999994695186615,0.9625658392906189,0.05931561067700386,0.5892992615699768,0.6727161407470703,0.8466387391090393,0.9843799471855164,0.99945068359375,0.9997111558914185,0.999994695186615,0.0374341681599617,0.05931561067700386,5.304813385009766e-06,0.00028884410858154297,0.0005493015050888062,0.015620052814483643,0.15336106717586517,0.3272838294506073,0.4107007384300232,0.0374341681599617,0.05931561067700386,5.304813385009766e-06,0.00028884410858154297,0.0005493015050888062,0.015620052814483643,0.15336106717586517,0.3272838294506073,0.4107007384300232
SC-INR-NoPhi,bsd100,101085.png,x4,x8,softplus,,True,0.0,nan,0.0,0.0,0.26708078384399414,0.3300168812274933,0.0005947972531430423,0.005287731532007456,0.01256511639803648,0.116656094789505,1.079126238822937,1.4190542697906494,1.7858682870864868,0.27440062165260315,0.3534226417541504,0.0003938655718229711,0.002512146020308137,0.011294112540781498,0.13960780203342438,1.0802162885665894,1.8794537782669067,2.136126756668091,0.47619616985321045,0.3920252025127411,0.0072045293636620045,0.053005561232566833,0.0731058269739151,0.39077064394950867,1.2513659000396729,1.8860031366348267,2.1489715576171875,0.990329384803772,0.015756988897919655,0.885524332523346,0.9110749959945679,0.9602376818656921,0.9960802793502808,0.9998626708984375,0.999927818775177,0.9999987483024597,0.990329384803772,0.015756988897919655,0.885524332523346,0.9110749959945679,0.9602376818656921,0.9960802793502808,0.9998626708984375,0.999927818775177,0.9999987483024597,0.009670615196228027,0.015756988897919655,1.2516975402832031e-06,7.218122482299805e-05,0.00013732611841987818,0.003919690847396851,0.03976224735379219,0.08892502635717392,0.11447566747665405,0.009670615196228027,0.015756988897919655,1.2516975402832031e-06,7.218122482299805e-05,0.00013732611841987818,0.003919690847396851,0.03976224735379219,0.08892502635717392,0.11447566747665405
SC-INR-NoPhi,bsd100,101085.png,x4,x16,softplus,,True,0.0,nan,0.0,0.0,0.26708078384399414,0.3300168812274933,0.0005947972531430423,0.005287731532007456,0.01256511639803648,0.116656094789505,1.079126238822937,1.4190542697906494,1.7858682870864868,0.27440062165260315,0.3534226417541504,0.0003938655718229711,0.002512146020308137,0.011294112540781498,0.13960780203342438,1.0802162885665894,1.8794537782669067,2.136126756668091,0.47619616985321045,0.3920252025127411,0.0072045293636620045,0.053005561232566833,0.0731058269739151,0.39077064394950867,1.2513659000396729,1.8860031366348267,2.1489715576171875,0.9975621700286865,0.004000299144536257,0.9705935120582581,0.9773020148277283,0.9899685382843018,0.9990191459655762,0.9999656677246094,0.9999819397926331,0.9999996423721313,0.9975621700286865,0.004000299144536257,0.9705935120582581,0.9773020148277283,0.9899685382843018,0.9990191459655762,0.9999656677246094,0.9999819397926331,0.9999996423721313,0.0024377964437007904,0.004000299144536257,3.5762786865234375e-07,1.8071532394969836e-05,3.4332275390625e-05,0.0009808540344238281,0.010031422600150108,0.02269800752401352,0.029406487941741943,0.0024377964437007904,0.004000299144536257,3.5762786865234375e-07,1.8071532394969836e-05,3.4332275390625e-05,0.0009808540344238281,0.010031422600150108,0.02269800752401352,0.029406487941741943
SC-INR-NoPhi,bsd100,101085.png,x4,x30,softplus,,True,0.0,nan,0.0,0.0,0.26708078384399414,0.3300168812274933,0.0005947972531430423,0.005287731532007456,0.01256511639803648,0.116656094789505,1.079126238822937,1.4190542697906494,1.7858682870864868,0.27440062165260315,0.3534226417541504,0.0003938655718229711,0.002512146020308137,0.011294112540781498,0.13960780203342438,1.0802162885665894,1.8794537782669067,2.136126756668091,0.47619616985321045,0.3920252025127411,0.0072045293636620045,0.053005561232566833,0.0731058269739151,0.39077064394950867,1.2513659000396729,1.8860031366348267,2.1489715576171875,0.999305248260498,0.001142058870755136,0.9915811419487,0.9935116171836853,0.9971404075622559,0.9997209310531616,0.9999902248382568,0.9999948740005493,0.9999999403953552,0.999305248260498,0.001142058870755136,0.9915811419487,0.9935116171836853,0.9971404075622559,0.9997209310531616,0.9999902248382568,0.9999948740005493,0.9999999403953552,0.0006947952788323164,0.001142058870755136,5.960464477539063e-08,5.125999450683594e-06,9.775161743164062e-06,0.0002790987491607666,0.0028596101328730583,0.006488395389169455,0.008418858051300049,0.0006947952788323164,0.001142058870755136,5.960464477539063e-08,5.125999450683594e-06,9.775161743164062e-06,0.0002790987491607666,0.0028596101328730583,0.006488395389169455,0.008418858051300049
SC-INR-NoPhi,bsd100,101087.png,x4,x4,softplus,,True,0.0,nan,0.0,0.0,0.26802170276641846,0.32146725058555603,5.461544787976891e-05,0.005109512247145176,0.016114937141537666,0.12228836119174957,1.0694631338119507,1.35680091381073,1.7716708183288574,0.2799735963344574,0.3546063005924225,0.00032965984428301454,0.0017433944158256054,0.01363795530050993,0.15651729702949524,1.1054110527038574,1.8821380138397217,2.203594446182251,0.47621849179267883,0.3905427157878876,0.007597137242555618,0.04740283265709877,0.07375752180814743,0.3913031816482544,1.265091061592102,1.8906455039978027,2.218003988265991,0.9626832604408264,0.05921291187405586,0.5692341327667236,0.6714730858802795,0.8434762954711914,0.9843326807022095,0.9994407892227173,0.9997690320014954,0.9999939799308777,0.9626832604408264,0.05921291187405586,0.5692341327667236,0.6714730858802795,0.8434762954711914,0.9843326807022095,0.9994407892227173,0.9997690320014954,0.9999939799308777,0.03731678053736687,0.05921291187405586,6.020069122314453e-06,0.00023097635130397975,0.0005592078086920083,0.01566728949546814,0.15652363002300262,0.32852694392204285,0.43076586723327637,0.03731678053736687,0.05921291187405586,6.020069122314453e-06,0.00023097635130397975,0.0005592078086920083,0.01566728949546814,0.15652363002300262,0.32852694392204285,0.43076586723327637
SC-INR-NoPhi,bsd100,101087.png,x4,x8,softplus,,True,0.0,nan,0.0,0.0,0.26802170276641846,0.32146725058555603,5.461544787976891e-05,0.005109512247145176,0.016114937141537666,0.12228836119174957,1.0694631338119507,1.35680091381073,1.7716708183288574,0.2799735963344574,0.3546063005924225,0.00032965984428301454,0.0017433944158256054,0.01363795530050993,0.15651729702949524,1.1054110527038574,1.8821380138397217,2.203594446182251,0.47621849179267883,0.3905427157878876,0.007597137242555618,0.04740283265709877,0.07375752180814743,0.3913031816482544,1.265091061592102,1.8906455039978027,2.218003988265991,0.9903587102890015,0.015737425535917282,0.878610372543335,0.9106622934341431,0.959371030330658,0.9960691928863525,0.9998601675033569,0.9999423027038574,0.9999985694885254,0.9903587102890015,0.015737425535917282,0.878610372543335,0.9106622934341431,0.959371030330658,0.9960691928863525,0.9998601675033569,0.9999423027038574,0.9999985694885254,0.00964128877967596,0.015737425535917282,1.430511474609375e-06,5.771994619863108e-05,0.0001398324966430664,0.003930836915969849,0.040628932416439056,0.08933775126934052,0.12138962745666504,0.00964128877967596,0.015737425535917282,1.430511474609375e-06,5.771994619863108e-05,0.0001398324966430664,0.003930836915969849,0.040628932416439056,0.08933775126934052,0.12138962745666504
SC-INR-NoPhi,bsd100,101087.png,x4,x16,softplus,,True,0.0,nan,0.0,0.0,0.26802170276641846,0.32146725058555603,5.461544787976891e-05,0.005109512247145176,0.016114937141537666,0.12228836119174957,1.0694631338119507,1.35680091381073,1.7716708183288574,0.2799735963344574,0.3546063005924225,0.00032965984428301454,0.0017433944158256054,0.01363795530050993,0.15651729702949524,1.1054110527038574,1.8821380138397217,2.203594446182251,0.47621849179267883,0.3905427157878876,0.007597137242555618,0.04740283265709877,0.07375752180814743,0.3913031816482544,1.265091061592102,1.8906455039978027,2.218003988265991,0.9975695610046387,0.003995883744210005,0.9687101244926453,0.9771918058395386,0.9897480607032776,0.9990163445472717,0.9999650120735168,0.9999855756759644,0.9999997019767761,0.9975695610046387,0.003995883744210005,0.9687101244926453,0.9771918058395386,0.9897480607032776,0.9990163445472717,0.9999650120735168,0.9999855756759644,0.9999997019767761,0.002430474851280451,0.003995883744210005,2.980232238769531e-07,1.4424324035644531e-05,3.498494697851129e-05,0.0009836554527282715,0.010251954197883606,0.02280818670988083,0.031289875507354736,0.002430474851280451,0.003995883744210005,2.980232238769531e-07,1.4424324035644531e-05,3.498494697851129e-05,0.0009836554527282715,0.010251954197883606,0.02280818670988083,0.031289875507354736
SC-INR-NoPhi,bsd100,101087.png,x4,x30,softplus,,True,0.0,nan,0.0,0.0,0.26802170276641846,0.32146725058555603,5.461544787976891e-05,0.005109512247145176,0.016114937141537666,0.12228836119174957,1.0694631338119507,1.35680091381073,1.7716708183288574,0.2799735963344574,0.3546063005924225,0.00032965984428301454,0.0017433944158256054,0.01363795530050993,0.15651729702949524,1.1054110527038574,1.8821380138397217,2.203594446182251,0.47621849179267883,0.3905427157878876,0.007597137242555618,0.04740283265709877,0.07375752180814743,0.3913031816482544,1.265091061592102,1.8906455039978027,2.218003988265991,0.9993072152137756,0.0011408368591219187,0.9910345673561096,0.9934797883033752,0.9970774054527283,0.9997200965881348,0.9999899864196777,0.9999958872795105,0.9999998807907104,0.9993072152137756,0.0011408368591219187,0.9910345673561096,0.9934797883033752,0.9970774054527283,0.9997200965881348,0.9999899864196777,0.9999958872795105,0.9999998807907104,0.0006927130161784589,0.0011408368591219187,1.1920928955078125e-07,4.112720489501953e-06,1.0013580322265625e-05,0.0002799034118652344,0.0029225756879895926,0.006520200986415148,0.00896543264389038,0.0006927130161784589,0.0011408368591219187,1.1920928955078125e-07,4.112720489501953e-06,1.0013580322265625e-05,0.0002799034118652344,0.0029225756879895926,0.006520200986415148,0.00896543264389038
SC-INR-NoPhi,bsd100,102061.png,x4,x4,softplus,,True,0.0,nan,0.0,0.0,0.2697411775588989,0.32655975222587585,0.00032505678245797753,0.0047211237251758575,0.014264291152358055,0.11897140741348267,1.073210597038269,1.3753972053527832,1.959555745124817,0.27618253231048584,0.3550747036933899,7.973342144396156e-05,0.002436661394312978,0.01254591066390276,0.14673838019371033,1.1005589962005615,1.8833509683609009,2.10288143157959,0.47841876745224,0.3909883499145508,0.011550705879926682,0.05058976635336876,0.08073776960372925,0.39301973581314087,1.2573726177215576,1.8909786939620972,2.11022686958313,0.9624351859092712,0.05929166078567505,0.6015799045562744,0.6710751056671143,0.8454129099845886,0.9842014908790588,0.9993299841880798,0.9997368454933167,0.9999862909317017,0.9624351859092712,0.05929166078567505,0.6015799045562744,0.6710751056671143,0.8454129099845886,0.9842014908790588,0.9993299841880798,0.9997368454933167,0.9999862909317017,0.037564776837825775,0.05929166078567505,1.3709068298339844e-05,0.0002631288662087172,0.0006700038793496788,0.015798509120941162,0.15458688139915466,0.3289250433444977,0.3984200954437256,0.037564776837825775,0.05929166078567505,1.3709068298339844e-05,0.0002631288662087172,0.0006700038793496788,0.015798509120941162,0.15458688139915466,0.3289250433444977,0.3984200954437256
SC-INR-NoPhi,bsd100,102061.png,x4,x8,softplus,,True,0.0,nan,0.0,0.0,0.2697411775588989,0.32655975222587585,0.00032505678245797753,0.0047211237251758575,0.014264291152358055,0.11897140741348267,1.073210597038269,1.3753972053527832,1.959555745124817,0.27618253231048584,0.3550747036933899,7.973342144396156e-05,0.002436661394312978,0.01254591066390276,0.14673838019371033,1.1005589962005615,1.8833509683609009,2.10288143157959,0.47841876745224,0.3909883499145508,0.011550705879926682,0.05058976635336876,0.08073776960372925,0.39301973581314087,1.2573726177215576,1.8909786939620972,2.11022686958313,0.990295946598053,0.01575145125389099,0.8894477486610413,0.9106109142303467,0.9598592519760132,0.9960352182388306,0.9998324513435364,0.9999343156814575,0.9999966025352478,0.990295946598053,0.01575145125389099,0.8894477486610413,0.9106109142303467,0.9598592519760132,0.9960352182388306,0.9998324513435364,0.9999343156814575,0.9999966025352478,0.009704016149044037,0.01575145125389099,3.3974647521972656e-06,6.570696859853342e-05,0.00016754567332100123,0.003964751958847046,0.040140703320503235,0.0893891379237175,0.11055225133895874,0.009704016149044037,0.01575145125389099,3.3974647521972656e-06,6.570696859853342e-05,0.00016754567332100123,0.003964751958847046,0.040140703320503235,0.0893891379237175,0.11055225133895874
SC-INR-NoPhi,bsd100,102061.png,x4,x16,softplus,,True,0.0,nan,0.0,0.0,0.2697411775588989,0.32655975222587585,0.00032505678245797753,0.0047211237251758575,0.014264291152358055,0.11897140741348267,1.073210597038269,1.3753972053527832,1.959555745124817,0.27618253231048584,0.3550747036933899,7.973342144396156e-05,0.002436661394312978,0.01254591066390276,0.14673838019371033,1.1005589962005615,1.8833509683609009,2.10288143157959,0.47841876745224,0.3909883499145508,0.011550705879926682,0.05058976635336876,0.08073776960372925,0.39301973581314087,1.2573726177215576,1.8909786939620972,2.11022686958313,0.9975538849830627,0.003998979926109314,0.9716335535049438,0.9771825075149536,0.989872395992279,0.9990078210830688,0.9999580383300781,0.999983549118042,0.9999991655349731,0.9975538849830627,0.003998979926109314,0.9716335535049438,0.9771825075149536,0.989872395992279,0.9990078210830688,0.9999580383300781,0.999983549118042,0.9999991655349731,0.002446196274831891,0.003998979926109314,8.344650268554688e-07,1.6450881958007812e-05,4.1961669921875e-05,0.00099220871925354,0.010127611458301544,0.022817516699433327,0.028366446495056152,0.002446196274831891,0.003998979926109314,8.344650268554688e-07,1.6450881958007812e-05,4.1961669921875e-05,0.00099220871925354,0.010127611458301544,0.022817516699433327,0.028366446495056152
SC-INR-NoPhi,bsd100,102061.png,x4,x30,softplus,,True,0.0,nan,0.0,0.0,0.2697411775588989,0.32655975222587585,0.00032505678245797753,0.0047211237251758575,0.014264291152358055,0.11897140741348267,1.073210597038269,1.3753972053527832,1.959555745124817,0.27618253231048584,0.3550747036933899,7.973342144396156e-05,0.002436661394312978,0.01254591066390276,0.14673838019371033,1.1005589962005615,1.8833509683609009,2.10288143157959,0.47841876745224,0.3909883499145508,0.011550705879926682,0.05058976635336876,0.08073776960372925,0.39301973581314087,1.2573726177215576,1.8909786939620972,2.11022686958313,0.9993029236793518,0.00114168890286237,0.991881251335144,0.9934773445129395,0.9971128106117249,0.9997177124023438,0.9999880790710449,0.9999952912330627,0.9999998211860657,0.9993029236793518,0.00114168890286237,0.991881251335144,0.9934773445129395,0.9971128106117249,0.9997177124023438,0.9999880790710449,0.9999952912330627,0.9999998211860657,0.0006971876136958599,0.00114168890286237,1.7881393432617188e-07,4.708766937255859e-06,1.1920928955078125e-05,0.0002822577953338623,0.002887164708226919,0.006522669922560453,0.008118748664855957,0.0006971876136958599,0.00114168890286237,1.7881393432617188e-07,4.708766937255859e-06,1.1920928955078125e-05,0.0002822577953338623,0.002887164708226919,0.006522669922560453,0.008118748664855957
SC-INR-NoPhi,bsd100,103070.png,x4,x4,softplus,,True,0.0,nan,0.0,0.0,0.27525028586387634,0.33122196793556213,0.00040189395076595247,0.005657604429870844,0.017198404297232628,0.12601828575134277,1.1073116064071655,1.408646821975708,1.7987322807312012,0.2739946246147156,0.35173267126083374,0.0002679633325897157,0.0029013208113610744,0.013942265883088112,0.13829900324344635,1.0973172187805176,1.8821934461593628,2.046311378479004,0.4799560308456421,0.3923032283782959,0.024780960753560066,0.05424384027719498,0.07579467445611954,0.4057130813598633,1.2597452402114868,1.8910902738571167,2.05501389503479,0.9621880054473877,0.05944431945681572,0.6195212602615356,0.6711680889129639,0.8449258804321289,0.9831752777099609,0.9994094967842102,0.9996975064277649,0.9999368786811829,0.9621880054473877,0.05944431945681572,0.6195212602615356,0.6711680889129639,0.8449258804321289,0.9831752777099609,0.9994094967842102,0.9996975064277649,0.9999368786811829,0.037812091410160065,0.05944431945681572,6.312131881713867e-05,0.0003024935722351074,0.0005904823774471879,0.016824692487716675,0.15507401525974274,0.3288319706916809,0.38047873973846436,0.037812091410160065,0.05944431945681572,6.312131881713867e-05,0.0003024935722351074,0.0005904823774471879,0.016824692487716675,0.15507401525974274,0.3288319706916809,0.38047873973846436
SC-INR-NoPhi,bsd100,103070.png,x4,x8,softplus,,True,0.0,nan,0.0,0.0,0.27525028586387634,0.33122196793556213,0.00040189395076595247,0.005657604429870844,0.017198404297232628,0.12601828575134277,1.1073116064071655,1.408646821975708,1.7987322807312012,0.2739946246147156,0.35173267126083374,0.0002679633325897157,0.0029013208113610744,0.013942265883088112,0.13829900324344635,1.0973172187805176,1.8821934461593628,2.046311378479004,0.4799560308456421,0.3923032283782959,0.024780960753560066,0.05424384027719498,0.07579467445611954,0.4057130813598633,1.2597452402114868,1.8910902738571167,2.05501389503479,0.9902322292327881,0.01577889919281006,0.8949757218360901,0.9105979800224304,0.9597257971763611,0.9957749843597412,0.9998522996902466,0.99992436170578,0.9999843239784241,0.9902322292327881,0.01577889919281006,0.8949757218360901,0.9105979800224304,0.9597257971763611,0.9957749843597412,0.9998522996902466,0.99992436170578,0.9999843239784241,0.009767753072082996,0.01577889919281006,1.5676021575927734e-05,7.56382942199707e-05,0.00014769434346817434,0.004225045442581177,0.04027422517538071,0.08940204977989197,0.10502427816390991,0.009767753072082996,0.01577889919281006,1.5676021575927734e-05,7.56382942199707e-05,0.00014769434346817434,0.004225045442581177,0.04027422517538071,0.08940204977989197,0.10502427816390991
SC-INR-NoPhi,bsd100,103070.png,x4,x16,softplus,,True,0.0,nan,0.0,0.0,0.27525028586387634,0.33122196793556213,0.00040189395076595247,0.005657604429870844,0.017198404297232628,0.12601828575134277,1.1073116064071655,1.408646821975708,1.7987322807312012,0.2739946246147156,0.35173267126083374,0.0002679633325897157,0.0029013208113610744,0.013942265883088112,0.13829900324344635,1.0973172187805176,1.8821934461593628,2.046311378479004,0.4799560308456421,0.3923032283782959,0.024780960753560066,0.05424384027719498,0.07579467445611954,0.4057130813598633,1.2597452402114868,1.8910902738571167,2.05501389503479,0.9975377321243286,0.004005039110779762,0.973086953163147,0.9771796464920044,0.9898348450660706,0.9989426732063293,0.999963104724884,0.9999811053276062,0.9999960660934448,0.9975377321243286,0.004005039110779762,0.973086953163147,0.9771796464920044,0.9898348450660706,0.9989426732063293,0.999963104724884,0.9999811053276062,0.9999960660934448,0.0024622436612844467,0.004005039110779762,3.933906555175781e-06,1.8894672393798828e-05,3.68952751159668e-05,0.0010573267936706543,0.010165154933929443,0.022820383310317993,0.026913046836853027,0.0024622436612844467,0.004005039110779762,3.933906555175781e-06,1.8894672393798828e-05,3.68952751159668e-05,0.0010573267936706543,0.010165154933929443,0.022820383310317993,0.026913046836853027
SC-INR-NoPhi,bsd100,103070.png,x4,x30,softplus,,True,0.0,nan,0.0,0.0,0.27525028586387634,0.33122196793556213,0.00040189395076595247,0.005657604429870844,0.017198404297232628,0.12601828575134277,1.1073116064071655,1.408646821975708,1.7987322807312012,0.2739946246147156,0.35173267126083374,0.0002679633325897157,0.0029013208113610744,0.013942265883088112,0.13829900324344635,1.0973172187805176,1.8821934461593628,2.046311378479004,0.4799560308456421,0.3923032283782959,0.024780960753560066,0.05424384027719498,0.07579467445611954,0.4057130813598633,1.2597452402114868,1.8910902738571167,2.05501389503479,0.9992981553077698,0.0011433563195168972,0.9922994375228882,0.9934765696525574,0.9971020817756653,0.9996992349624634,0.9999895095825195,0.9999946355819702,0.999998927116394,0.9992981553077698,0.0011433563195168972,0.9922994375228882,0.9934765696525574,0.9971020817756653,0.9996992349624634,0.9999895095825195,0.9999946355819702,0.999998927116394,0.0007017599418759346,0.0011433563195168972,1.0728836059570312e-06,5.364418029785156e-06,1.049041748046875e-05,0.0003007948398590088,0.0028979270718991756,0.006523423362523317,0.007700562477111816,0.0007017599418759346,0.0011433563195168972,1.0728836059570312e-06,5.364418029785156e-06,1.049041748046875e-05,0.0003007948398590088,0.0028979270718991756,0.006523423362523317,0.007700562477111816
SC-INR-NoPhi,bsd100,105025.png,x4,x4,softplus,,True,0.0,nan,0.0,0.0,0.2748987376689911,0.32879871129989624,0.0002189059741795063,0.004471019376069307,0.014511842280626297,0.12492168694734573,1.0694538354873657,1.4093719720840454,1.7283788919448853,0.2715664207935333,0.34952643513679504,0.00026948488084599376,0.0017562081338837743,0.01091232243925333,0.1423334777355194,1.1070975065231323,1.8503021001815796,2.0658209323883057,0.4759795665740967,0.3912011981010437,0.015279050916433334,0.046620894223451614,0.06850768625736237,0.3988956809043884,1.2739742994308472,1.8592944145202637,2.098132371902466,0.9626253247261047,0.05871308967471123,0.6070338487625122,0.681063711643219,0.841383159160614,0.9837318658828735,0.999517560005188,0.9997766017913818,0.999975860118866,0.9626253247261047,0.05871308967471123,0.6070338487625122,0.681063711643219,0.841383159160614,0.9837318658828735,0.999517560005188,0.9997766017913818,0.999975860118866,0.03737455978989601,0.05871308967471123,2.4139881134033203e-05,0.00022342860756907612,0.00048243702622130513,0.016268163919448853,0.158616840839386,0.31893640756607056,0.3929661512374878,0.03737455978989601,0.05871308967471123,2.4139881134033203e-05,0.00022342860756907612,0.00048243702622130513,0.016268163919448853,0.158616840839386,0.31893640756607056,0.3929661512374878
SC-INR-NoPhi,bsd100,105025.png,x4,x8,softplus,,True,0.0,nan,0.0,0.0,0.2748987376689911,0.32879871129989624,0.0002189059741795063,0.004471019376069307,0.014511842280626297,0.12492168694734573,1.0694538354873657,1.4093719720840454,1.7283788919448853,0.2715664207935333,0.34952643513679504,0.00026948488084599376,0.0017562081338837743,0.01091232243925333,0.1423334777355194,1.1070975065231323,1.8503021001815796,2.0658209323883057,0.4759795665740967,0.3912011981010437,0.015279050916433334,0.046620894223451614,0.06850768625736237,0.3988956809043884,1.2739742994308472,1.8592944145202637,2.098132371902466,0.9903493523597717,0.015565269626677036,0.8907788395881653,0.9135038256645203,0.9588081240653992,0.9959157109260559,0.9998793005943298,0.9999440908432007,0.9999939799308777,0.9903493523597717,0.015565269626677036,0.8907788395881653,0.9135038256645203,0.9588081240653992,0.9959157109260559,0.9998793005943298,0.9999440908432007,0.9999939799308777,0.009650602005422115,0.015565269626677036,6.020069122314453e-06,5.5917502322699875e-05,0.00012069344666088,0.004084289073944092,0.041191864758729935,0.08649619668722153,0.10922116041183472,0.009650602005422115,0.015565269626677036,6.020069122314453e-06,5.5917502322699875e-05,0.00012069344666088,0.004084289073944092,0.041191864758729935,0.08649619668722153,0.10922116041183472
SC-INR-NoPhi,bsd100,105025.png,x4,x16,softplus,,True,0.0,nan,0.0,0.0,0.2748987376689911,0.32879871129989624,0.0002189059741795063,0.004471019376069307,0.014511842280626297,0.12492168694734573,1.0694538354873657,1.4093719720840454,1.7283788919448853,0.2715664207935333,0.34952643513679504,0.00026948488084599376,0.0017562081338837743,0.01091232243925333,0.1423334777355194,1.1070975065231323,1.8503021001815796,2.0658209323883057,0.4759795665740967,0.3912011981010437,0.015279050916433334,0.046620894223451614,0.06850768625736237,0.3988956809043884,1.2739742994308472,1.8592944145202637,2.098132371902466,0.9975675344467163,0.003949522506445646,0.9719622135162354,0.977935791015625,0.989604115486145,0.9989778995513916,0.9999698400497437,0.9999860525131226,0.9999984502792358,0.9975675344467163,0.003949522506445646,0.9719622135162354,0.977935791015625,0.989604115486145,0.9989778995513916,0.9999698400497437,0.9999860525131226,0.9999984502792358,0.002432443667203188,0.003949522506445646,1.5497207641601562e-06,1.3958811905467883e-05,3.0159950256347656e-05,0.0010220706462860107,0.010395852848887444,0.02206423506140709,0.02803778648376465,0.002432443667203188,0.003949522506445646,1.5497207641601562e-06,1.3958811905467883e-05,3.0159950256347656e-05,0.0010220706462860107,0.010395852848887444,0.02206423506140709,0.02803778648376465
SC-INR-NoPhi,bsd100,105025.png,x4,x30,softplus,,True,0.0,nan,0.0,0.0,0.2748987376689911,0.32879871129989624,0.0002189059741795063,0.004471019376069307,0.014511842280626297,0.12492168694734573,1.0694538354873657,1.4093719720840454,1.7283788919448853,0.2715664207935333,0.34952643513679504,0.00026948488084599376,0.0017562081338837743,0.01091232243925333,0.1423334777355194,1.1070975065231323,1.8503021001815796,2.0658209323883057,0.4759795665740967,0.3912011981010437,0.015279050916433334,0.046620894223451614,0.06850768625736237,0.3988956809043884,1.2739742994308472,1.8592944145202637,2.098132371902466,0.9993067383766174,0.0011274173157289624,0.9919743537902832,0.9936937093734741,0.997036337852478,0.9997092485427856,0.9999914169311523,0.9999960064888,0.9999996423721313,0.9993067383766174,0.0011274173157289624,0.9919743537902832,0.9936937093734741,0.997036337852478,0.9997092485427856,0.9999914169311523,0.9999960064888,0.9999996423721313,0.0006932486430741847,0.0011274173157289624,3.5762786865234375e-07,3.993511199951172e-06,8.58306884765625e-06,0.00029075145721435547,0.0029636635445058346,0.006306319031864405,0.008025646209716797,0.0006932486430741847,0.0011274173157289624,3.5762786865234375e-07,3.993511199951172e-06,8.58306884765625e-06,0.00029075145721435547,0.0029636635445058346,0.006306319031864405,0.008025646209716797
SC-INR-NoPhi,urban100,img_001.png,x4,x4,softplus,,True,0.0,nan,0.0,0.0,0.3932245075702667,0.4550741910934448,4.615904254023917e-05,0.0016815849812701344,0.005092425737529993,0.22705364227294922,1.344939112663269,1.4491889476776123,1.7803620100021362,0.18010057508945465,0.1344911903142929,0.00017587770707905293,0.003017426235601306,0.010791804641485214,0.1816607266664505,0.42539626359939575,0.5363088250160217,0.8150097727775574,0.5197469592094421,0.37696850299835205,0.03125650808215141,0.08404907584190369,0.12846915423870087,0.40109068155288696,1.3491631746292114,1.4548012018203735,1.8428332805633545,0.9592320322990417,0.05697792023420334,0.6897412538528442,0.7962992191314697,0.8231807351112366,0.9835436344146729,0.9983043074607849,0.9992738962173462,0.9998995065689087,0.9592320322990417,0.05697792023420334,0.6897412538528442,0.7962992191314697,0.8231807351112366,0.9835436344146729,0.9983043074607849,0.9992738962173462,0.9998995065689087,0.040767934173345566,0.05697792023420334,0.0001004934310913086,0.0007261234568431973,0.0016956896288320422,0.01645636558532715,0.17681926488876343,0.20370079576969147,0.31025874614715576,0.040767934173345566,0.05697792023420334,0.0001004934310913086,0.0007261234568431973,0.0016956896288320422,0.01645636558532715,0.17681926488876343,0.20370079576969147,0.31025874614715576
SC-INR-NoPhi,urban100,img_001.png,x4,x8,softplus,,True,0.0,nan,0.0,0.0,0.3932245075702667,0.4550741910934448,4.615904254023917e-05,0.0016815849812701344,0.005092425737529993,0.22705364227294922,1.344939112663269,1.4491889476776123,1.7803620100021362,0.18010057508945465,0.1344911903142929,0.00017587770707905293,0.003017426235601306,0.010791804641485214,0.1816607266664505,0.42539626359939575,0.5363088250160217,0.8150097727775574,0.5197469592094421,0.37696850299835205,0.03125650808215141,0.08404907584190369,0.12846915423870087,0.40109068155288696,1.3491631746292114,1.4548012018203735,1.8428332805633545,0.9895073175430298,0.014888363890349865,0.9152582883834839,0.9464866518974304,0.9538705945014954,0.9958703517913818,0.9995759129524231,0.9998183846473694,0.9999749064445496,0.9895073175430298,0.014888363890349865,0.9152582883834839,0.9464866518974304,0.9538705945014954,0.9958703517913818,0.9995759129524231,0.9998183846473694,0.9999749064445496,0.010492694564163685,0.014888363890349865,2.5093555450439453e-05,0.00018160283798351884,0.00042406321153976023,0.004129648208618164,0.04612942039966583,0.05351337045431137,0.08474171161651611,0.010492694564163685,0.014888363890349865,2.5093555450439453e-05,0.00018160283798351884,0.00042406321153976023,0.004129648208618164,0.04612942039966583,0.05351337045431137,0.08474171161651611
SC-INR-NoPhi,urban100,img_001.png,x4,x16,softplus,,True,0.0,nan,0.0,0.0,0.3932245075702667,0.4550741910934448,4.615904254023917e-05,0.0016815849812701344,0.005092425737529993,0.22705364227294922,1.344939112663269,1.4491889476776123,1.7803620100021362,0.18010057508945465,0.1344911903142929,0.00017587770707905293,0.003017426235601306,0.010791804641485214,0.1816607266664505,0.42539626359939575,0.5363088250160217,0.8150097727775574,0.5197469592094421,0.37696850299835205,0.03125650808215141,0.08404907584190369,0.12846915423870087,0.40109068155288696,1.3491631746292114,1.4548012018203735,1.8428332805633545,0.9973576664924622,0.0037635022308677435,0.9783394932746887,0.9864561557769775,0.9883450865745544,0.9989665746688843,0.9998939037322998,0.9999546408653259,0.9999937415122986,0.9973576664924622,0.0037635022308677435,0.9783394932746887,0.9864561557769775,0.9883450865745544,0.9989665746688843,0.9998939037322998,0.9999546408653259,0.9999937415122986,0.002642418025061488,0.0037635022308677435,6.258487701416016e-06,4.5338871132116765e-05,0.00010609626770019531,0.0010334253311157227,0.01165492832660675,0.013543859124183655,0.02166050672531128,0.002642418025061488,0.0037635022308677435,6.258487701416016e-06,4.5338871132116765e-05,0.00010609626770019531,0.0010334253311157227,0.01165492832660675,0.013543859124183655,0.02166050672531128
SC-INR-NoPhi,urban100,img_001.png,x4,x30,softplus,,True,0.0,nan,0.0,0.0,0.3932245075702667,0.4550741910934448,4.615904254023917e-05,0.0016815849812701344,0.005092425737529993,0.22705364227294922,1.344939112663269,1.4491889476776123,1.7803620100021362,0.18010057508945465,0.1344911903142929,0.00017587770707905293,0.003017426235601306,0.010791804641485214,0.1816607266664505,0.42539626359939575,0.5363088250160217,0.8150097727775574,0.5197469592094421,0.37696850299835205,0.03125650808215141,0.08404907584190369,0.12846915423870087,0.40109068155288696,1.3491631746292114,1.4548012018203735,1.8428332805633545,0.9992470741271973,0.0010733378585428,0.9938061237335205,0.9961362481117249,0.9966764450073242,0.999705970287323,0.9999697804450989,0.9999871253967285,0.9999982118606567,0.9992470741271973,0.0010733378585428,0.9938061237335205,0.9961362481117249,0.9966764450073242,0.999705970287323,0.9999697804450989,0.9999871253967285,0.9999982118606567,0.0007529339636676013,0.0010733378585428,1.7881393432617188e-06,1.2864470591011923e-05,3.0219554901123047e-05,0.00029402971267700195,0.0033235279843211174,0.0038637530524283648,0.006193876266479492,0.0007529339636676013,0.0010733378585428,1.7881393432617188e-06,1.2864470591011923e-05,3.0219554901123047e-05,0.00029402971267700195,0.0033235279843211174,0.0038637530524283648,0.006193876266479492
SC-INR-NoPhi,urban100,img_002.png,x4,x4,softplus,,True,0.0,nan,0.0,0.0,0.24662737548351288,0.3126935660839081,0.0001270975189981982,0.0038136362563818693,0.010228035040199757,0.13934922218322754,1.0410974025726318,1.4326564073562622,1.9676579236984253,0.29569360613822937,0.3534072935581207,2.638623300299514e-05,0.0018235278548672795,0.010037285275757313,0.16251282393932343,1.1262181997299194,1.4271886348724365,2.1798808574676514,0.4617666006088257,0.3971213102340698,0.012702555395662785,0.03960052505135536,0.07102134078741074,0.35089415311813354,1.29673171043396,1.735730528831482,2.247494697570801,0.9635334014892578,0.05892086401581764,0.5606342554092407,0.7182083129882812,0.8360642790794373,0.9873959422111511,0.9994814991950989,0.9998387694358826,0.9999834299087524,0.9635334014892578,0.05892086401581764,0.5606342554092407,0.7182083129882812,0.8360642790794373,0.9873959422111511,0.9994814991950989,0.9998387694358826,0.9999834299087524,0.036466602236032486,0.05892086401581764,1.6570091247558594e-05,0.00016122103261295706,0.000518500804901123,0.012604057788848877,0.16393572092056274,0.2817903161048889,0.4393657445907593,0.036466602236032486,0.05892086401581764,1.6570091247558594e-05,0.00016122103261295706,0.000518500804901123,0.012604057788848877,0.16393572092056274,0.2817903161048889,0.4393657445907593
SC-INR-NoPhi,urban100,img_002.png,x4,x8,softplus,,True,0.0,nan,0.0,0.0,0.24662737548351288,0.3126935660839081,0.0001270975189981982,0.0038136362563818693,0.010228035040199757,0.13934922218322754,1.0410974025726318,1.4326564073562622,1.9676579236984253,0.29569360613822937,0.3534072935581207,2.638623300299514e-05,0.0018235278548672795,0.010037285275757313,0.16251282393932343,1.1262181997299194,1.4271886348724365,2.1798808574676514,0.4617666006088257,0.3971213102340698,0.012702555395662785,0.03960052505135536,0.07102134078741074,0.35089415311813354,1.29673171043396,1.735730528831482,2.247494697570801,0.9905732274055481,0.0156104052439332,0.8754919767379761,0.9243723750114441,0.9573424458503723,0.9968385100364685,0.9998703598976135,0.9999597072601318,0.9999958276748657,0.9905732274055481,0.0156104052439332,0.8754919767379761,0.9243723750114441,0.9573424458503723,0.9968385100364685,0.9998703598976135,0.9999597072601318,0.9999958276748657,0.009426807053387165,0.0156104052439332,4.172325134277344e-06,4.028558760182932e-05,0.0001296401023864746,0.003161489963531494,0.04265756905078888,0.07562722265720367,0.12450802326202393,0.009426807053387165,0.0156104052439332,4.172325134277344e-06,4.028558760182932e-05,0.0001296401023864746,0.003161489963531494,0.04265756905078888,0.07562722265720367,0.12450802326202393
SC-INR-NoPhi,urban100,img_002.png,x4,x16,softplus,,True,0.0,nan,0.0,0.0,0.24662737548351288,0.3126935660839081,0.0001270975189981982,0.0038136362563818693,0.010228035040199757,0.13934922218322754,1.0410974025726318,1.4326564073562622,1.9676579236984253,0.29569360613822937,0.3534072935581207,2.638623300299514e-05,0.0018235278548672795,0.010037285275757313,0.16251282393932343,1.1262181997299194,1.4271886348724365,2.1798808574676514,0.4617666006088257,0.3971213102340698,0.012702555395662785,0.03960052505135536,0.07102134078741074,0.35089415311813354,1.29673171043396,1.735730528831482,2.247494697570801,0.9976232647895813,0.003960465546697378,0.96788090467453,0.9807552695274353,0.9892305731773376,0.9992090463638306,0.9999675750732422,0.999989926815033,0.9999989867210388,0.9976232647895813,0.003960465546697378,0.96788090467453,0.9807552695274353,0.9892305731773376,0.9992090463638306,0.9999675750732422,0.999989926815033,0.9999989867210388,0.0023767156526446342,0.003960465546697378,1.0132789611816406e-06,1.0056495739263482e-05,3.24249267578125e-05,0.0007909536361694336,0.010769451037049294,0.019244644790887833,0.03211909532546997,0.0023767156526446342,0.003960465546697378,1.0132789611816406e-06,1.0056495739263482e-05,3.24249267578125e-05,0.0007909536361694336,0.010769451037049294,0.019244644790887833,0.03211909532546997
SC-INR-NoPhi,urban100,img_002.png,x4,x30,softplus,,True,0.0,nan,0.0,0.0,0.24662737548351288,0.3126935660839081,0.0001270975189981982,0.0038136362563818693,0.010228035040199757,0.13934922218322754,1.0410974025726318,1.4326564073562622,1.9676579236984253,0.29569360613822937,0.3534072935581207,2.638623300299514e-05,0.0018235278548672795,0.010037285275757313,0.16251282393932343,1.1262181997299194,1.4271886348724365,2.1798808574676514,0.4617666006088257,0.3971213102340698,0.012702555395662785,0.03960052505135536,0.07102134078741074,0.35089415311813354,1.29673171043396,1.735730528831482,2.247494697570801,0.9993225932121277,0.0011305083753541112,0.9907953143119812,0.9945027828216553,0.9969295263290405,0.9997749328613281,0.9999907612800598,0.9999971389770508,0.9999997615814209,0.9993225932121277,0.0011305083753541112,0.9907953143119812,0.9945027828216553,0.9969295263290405,0.9997749328613281,0.9999907612800598,0.9999971389770508,0.9999997615814209,0.0006774120847694576,0.0011305083753541112,2.384185791015625e-07,2.86102294921875e-06,9.238719940185547e-06,0.000225067138671875,0.00307044992223382,0.005497215781360865,0.009204685688018799,0.0006774120847694576,0.0011305083753541112,2.384185791015625e-07,2.86102294921875e-06,9.238719940185547e-06,0.000225067138671875,0.00307044992223382,0.005497215781360865,0.009204685688018799
SC-INR-NoPhi,urban100,img_003.png,x4,x4,softplus,,True,0.0,nan,0.0,0.0,0.23586627840995789,0.32019466161727905,7.346503116423264e-05,0.0021921880543231964,0.00704941526055336,0.10800764709711075,1.054321527481079,1.444777011871338,2.0231242179870605,0.2671879231929779,0.3579740524291992,1.5117853763513267e-05,0.00147544639185071,0.0051275636069476604,0.11934692412614822,1.1345798969268799,1.3892159461975098,2.14829683303833,0.451724112033844,0.39196646213531494,0.011711271479725838,0.041615404188632965,0.0703730657696724,0.3422812521457672,1.2714931964874268,1.716928482055664,2.1510393619537354,0.9647781848907471,0.05786608159542084,0.5879451036453247,0.7239353060722351,0.8419538140296936,0.9879987835884094,0.9994909167289734,0.9998219609260559,0.9999859929084778,0.9647781848907471,0.05786608159542084,0.5879451036453247,0.7239353060722351,0.8419538140296936,0.9879987835884094,0.9994909167289734,0.9998219609260559,0.9999859929084778,0.03522182255983353,0.05786608159542084,1.4007091522216797e-05,0.0001780152233550325,0.0005090832710266113,0.012001216411590576,0.1580462008714676,0.27606454491615295,0.4120548963546753,0.03522182255983353,0.05786608159542084,1.4007091522216797e-05,0.0001780152233550325,0.0005090832710266113,0.012001216411590576,0.1580462008714676,0.27606454491615295,0.4120548963546753
SC-INR-NoPhi,urban100,img_003.png,x4,x8,softplus,,True,0.0,nan,0.0,0.0,0.23586627840995789,0.32019466161727905,7.346503116423264e-05,0.0021921880543231964,0.00704941526055336,0.10800764709711075,1.054321527481079,1.444777011871338,2.0231242179870605,0.2671879231929779,0.3579740524291992,1.5117853763513267e-05,0.00147544639185071,0.0051275636069476604,0.11934692412614822,1.1345798969268799,1.3892159461975098,2.14829683303833,0.451724112033844,0.39196646213531494,0.011711271479725838,0.041615404188632965,0.0703730657696724,0.3422812521457672,1.2714931964874268,1.716928482055664,2.1510393619537354,0.9909058809280396,0.01530779805034399,0.8852623105049133,0.9259824752807617,0.9589751958847046,0.9969915747642517,0.9998727440834045,0.9999555349349976,0.999996542930603,0.9909058809280396,0.01530779805034399,0.8852623105049133,0.9259824752807617,0.9589751958847046,0.9969915747642517,0.9998727440834045,0.9999555349349976,0.999996542930603,0.009094050154089928,0.01530779805034399,3.4570693969726562e-06,4.446387174539268e-05,0.00012727380089927465,0.003008425235748291,0.041024815291166306,0.0740174725651741,0.11473768949508667,0.009094050154089928,0.01530779805034399,3.4570693969726562e-06,4.446387174539268e-05,0.00012727380089927465,0.003008425235748291,0.041024815291166306,0.0740174725651741,0.11473768949508667
SC-INR-NoPhi,urban100,img_003.png,x4,x16,softplus,,True,0.0,nan,0.0,0.0,0.23586627840995789,0.32019466161727905,7.346503116423264e-05,0.0021921880543231964,0.00704941526055336,0.10800764709711075,1.054321527481079,1.444777011871338,2.0231242179870605,0.2671879231929779,0.3579740524291992,1.5117853763513267e-05,0.00147544639185071,0.0051275636069476604,0.11934692412614822,1.1345798969268799,1.3892159461975098,2.14829683303833,0.451724112033844,0.39196646213531494,0.011711271479725838,0.041615404188632965,0.0703730657696724,0.3422812521457672,1.2714931964874268,1.716928482055664,2.1510393619537354,0.9977078437805176,0.0038821916095912457,0.9705342054367065,0.9811687469482422,0.9896463751792908,0.9992473721504211,0.9999681711196899,0.9999889135360718,0.9999991655349731,0.9977078437805176,0.0038821916095912457,0.9705342054367065,0.9811687469482422,0.9896463751792908,0.9992473721504211,0.9999681711196899,0.9999889135360718,0.9999991655349731,0.0022921105846762657,0.0038821916095912457,8.344650268554688e-07,1.1086463928222656e-05,3.1828880310058594e-05,0.0007526278495788574,0.010353629477322102,0.01883121207356453,0.029465794563293457,0.0022921105846762657,0.0038821916095912457,8.344650268554688e-07,1.1086463928222656e-05,3.1828880310058594e-05,0.0007526278495788574,0.010353629477322102,0.01883121207356453,0.029465794563293457
SC-INR-NoPhi,urban100,img_003.png,x4,x30,softplus,,True,0.0,nan,0.0,0.0,0.23586627840995789,0.32019466161727905,7.346503116423264e-05,0.0021921880543231964,0.00704941526055336,0.10800764709711075,1.054321527481079,1.444777011871338,2.0231242179870605,0.2671879231929779,0.3579740524291992,1.5117853763513267e-05,0.00147544639185071,0.0051275636069476604,0.11934692412614822,1.1345798969268799,1.3892159461975098,2.14829683303833,0.451724112033844,0.39196646213531494,0.011711271479725838,0.041615404188632965,0.0703730657696724,0.3422812521457672,1.2714931964874268,1.716928482055664,2.1510393619537354,0.9993467926979065,0.0011080632684752345,0.9915647506713867,0.9946210980415344,0.9970479011535645,0.9997859001159668,0.9999909400939941,0.9999968409538269,0.9999997019767761,0.9993467926979065,0.0011080632684752345,0.9915647506713867,0.9946210980415344,0.9970479011535645,0.9997859001159668,0.9999909400939941,0.9999968409538269,0.9999997019767761,0.0006532488041557372,0.0011080632684752345,2.980232238769531e-07,3.159046173095703e-06,9.059906005859375e-06,0.00021409988403320312,0.0029521221294999123,0.005378902889788151,0.008435249328613281,0.0006532488041557372,0.0011080632684752345,2.980232238769531e-07,3.159046173095703e-06,9.059906005859375e-06,0.00021409988403320312,0.0029521221294999123,0.005378902889788151,0.008435249328613281
SC-INR-NoPhi,urban100,img_004.png,x4,x4,softplus,,True,0.0,nan,0.0,0.0,0.23785579204559326,0.326833039522171,0.00012400440755300224,0.002136572729796171,0.006420091260224581,0.11033844202756882,1.0761024951934814,1.4970182180404663,2.738966464996338,0.2673666775226593,0.36146092414855957,7.510413706768304e-05,0.0014283622149378061,0.005002823658287525,0.1173567846417427,1.140587329864502,1.437625765800476,2.2308361530303955,0.4526636302471161,0.40078645944595337,0.009256064891815186,0.03685171529650688,0.06509256362915039,0.3329104483127594,1.282792568206787,1.7672065496444702,2.7396726608276367,0.9640899896621704,0.06000342220067978,0.3885868489742279,0.7092463970184326,0.8392758369445801,0.9886447787284851,0.9995644688606262,0.999860405921936,0.9999911785125732,0.9640899896621704,0.06000342220067978,0.3885868489742279,0.7092463970184326,0.8392758369445801,0.9886447787284851,0.9995644688606262,0.999860405921936,0.9999911785125732,0.03591010719537735,0.06000342220067978,8.821487426757812e-06,0.0001395916915498674,0.00043553710565902293,0.011355221271514893,0.16072414815425873,0.2907536029815674,0.6114131212234497,0.03591010719537735,0.06000342220067978,8.821487426757812e-06,0.0001395916915498674,0.00043553710565902293,0.011355221271514893,0.16072414815425873,0.2907536029815674,0.6114131212234497
SC-INR-NoPhi,urban100,img_004.png,x4,x8,softplus,,True,0.0,nan,0.0,0.0,0.23785579204559326,0.326833039522171,0.00012400440755300224,0.002136572729796171,0.006420091260224581,0.11033844202756882,1.0761024951934814,1.4970182180404663,2.738966464996338,0.2673666775226593,0.36146092414855957,7.510413706768304e-05,0.0014283622149378061,0.005002823658287525,0.1173567846417427,1.140587329864502,1.437625765800476,2.2308361530303955,0.4526636302471161,0.40078645944595337,0.009256064891815186,0.03685171529650688,0.06509256362915039,0.3329104483127594,1.282792568206787,1.7672065496444702,2.7396726608276367,0.9907121062278748,0.0159395020455122,0.8179541826248169,0.9216606616973877,0.9582452178001404,0.9971538186073303,0.9998911023139954,0.9999650716781616,0.9999977350234985,0.9907121062278748,0.0159395020455122,0.8179541826248169,0.9216606616973877,0.9582452178001404,0.9971538186073303,0.9998911023139954,0.9999650716781616,0.9999977350234985,0.009287831373512745,0.0159395020455122,2.2649765014648438e-06,3.494739212328568e-05,0.00010889768600463867,0.0028461813926696777,0.04175478592514992,0.07833929359912872,0.1820458173751831,0.009287831373512745,0.0159395020455122,2.2649765014648438e-06,3.494739212328568e-05,0.00010889768600463867,0.0028461813926696777,0.04175478592514992,0.07833929359912872,0.1820458173751831
SC-INR-NoPhi,urban100,img_004.png,x4,x16,softplus,,True,0.0,nan,0.0,0.0,0.23785579204559326,0.326833039522171,0.00012400440755300224,0.002136572729796171,0.006420091260224581,0.11033844202756882,1.0761024951934814,1.4970182180404663,2.738966464996338,0.2673666775226593,0.36146092414855957,7.510413706768304e-05,0.0014283622149378061,0.005002823658287525,0.1173567846417427,1.140587329864502,1.437625765800476,2.2308361530303955,0.4526636302471161,0.40078645944595337,0.009256064891815186,0.03685171529650688,0.06509256362915039,0.3329104483127594,1.282792568206787,1.7672065496444702,2.7396726608276367,0.9976579546928406,0.004046950489282608,0.9524646997451782,0.9800545573234558,0.989460289478302,0.999288022518158,0.9999728202819824,0.9999912977218628,0.9999995231628418,0.9976579546928406,0.004046950489282608,0.9524646997451782,0.9800545573234558,0.989460289478302,0.999288022518158,0.9999728202819824,0.9999912977218628,0.9999995231628418,0.0023420059587806463,0.004046950489282608,4.76837158203125e-07,8.702278137207031e-06,2.719759868341498e-05,0.000711977481842041,0.010539676994085312,0.019945409148931503,0.04753530025482178,0.0023420059587806463,0.004046950489282608,4.76837158203125e-07,8.702278137207031e-06,2.719759868341498e-05,0.000711977481842041,0.010539676994085312,0.019945409148931503,0.04753530025482178
SC-INR-NoPhi,urban100,img_004.png,x4,x30,softplus,,True,0.0,nan,0.0,0.0,0.23785579204559326,0.326833039522171,0.00012400440755300224,0.002136572729796171,0.006420091260224581,0.11033844202756882,1.0761024951934814,1.4970182180404663,2.738966464996338,0.2673666775226593,0.36146092414855957,7.510413706768304e-05,0.0014283622149378061,0.005002823658287525,0.1173567846417427,1.140587329864502,1.437625765800476,2.2308361530303955,0.4526636302471161,0.40078645944595337,0.009256064891815186,0.03685171529650688,0.06509256362915039,0.3329104483127594,1.282792568206787,1.7672065496444702,2.7396726608276367,0.9993324875831604,0.0011554047232493758,0.9863379597663879,0.9943019151687622,0.9969951510429382,0.9997974038124084,0.9999922513961792,0.9999974966049194,0.9999998807907104,0.9993324875831604,0.0011554047232493758,0.9863379597663879,0.9943019151687622,0.9969951510429382,0.9997974038124084,0.9999922513961792,0.9999974966049194,0.9999998807907104,0.00066754111321643,0.0011554047232493758,1.1920928955078125e-07,2.5033950805664062e-06,7.748603820800781e-06,0.00020259618759155273,0.003004835918545723,0.0056980811059474945,0.01366204023361206,0.00066754111321643,0.0011554047232493758,1.1920928955078125e-07,2.5033950805664062e-06,7.748603820800781e-06,0.00020259618759155273,0.003004835918545723,0.0056980811059474945,0.01366204023361206
SC-INR-NoPhi,urban100,img_005.png,x4,x4,softplus,,True,0.0,nan,0.0,0.0,0.23338821530342102,0.32049083709716797,9.500880878476892e-06,0.0007545121479779482,0.004711405839771032,0.10359495133161545,1.063193440437317,1.3861188888549805,2.6289448738098145,0.2688514292240143,0.3581809103488922,5.658462669089204e-06,0.0006701498059555888,0.0035567311570048332,0.12604381144046783,1.1606649160385132,1.4154300689697266,2.213127613067627,0.450408935546875,0.3935617506504059,0.004429908003658056,0.0344812236726284,0.06906592100858688,0.33615362644195557,1.2516679763793945,1.7199136018753052,2.8222084045410156,0.9648101329803467,0.05841899290680885,0.3817113935947418,0.722610354423523,0.8466001152992249,0.9884235262870789,0.9995096921920776,0.9998777508735657,0.9999979138374329,0.9648101329803467,0.05841899290680885,0.3817113935947418,0.722610354423523,0.8466001152992249,0.9884235262870789,0.9995096921920776,0.9998777508735657,0.9999979138374329,0.03518984094262123,0.05841899290680885,2.086162567138672e-06,0.00012222290388308465,0.000490295875351876,0.011576473712921143,0.15339988470077515,0.27738961577415466,0.6182886362075806,0.03518984094262123,0.05841899290680885,2.086162567138672e-06,0.00012222290388308465,0.000490295875351876,0.011576473712921143,0.15339988470077515,0.27738961577415466,0.6182886362075806
SC-INR-NoPhi,urban100,img_005.png,x4,x8,softplus,,True,0.0,nan,0.0,0.0,0.23338821530342102,0.32049083709716797,9.500880878476892e-06,0.0007545121479779482,0.004711405839771032,0.10359495133161545,1.063193440437317,1.3861188888549805,2.6289448738098145,0.2688514292240143,0.3581809103488922,5.658462669089204e-06,0.0006701498059555888,0.0035567311570048332,0.12604381144046783,1.1606649160385132,1.4154300689697266,2.213127613067627,0.450408935546875,0.3935617506504059,0.004429908003658056,0.0344812236726284,0.06906592100858688,0.33615362644195557,1.2516679763793945,1.7199136018753052,2.8222084045410156,0.9909068942070007,0.015495308674871922,0.809258222579956,0.9256950616836548,0.9602214097976685,0.9970982074737549,0.999877393245697,0.9999694228172302,0.999999463558197,0.9909068942070007,0.015495308674871922,0.809258222579956,0.9256950616836548,0.9602214097976685,0.9970982074737549,0.999877393245697,0.9999694228172302,0.999999463558197,0.009093102999031544,0.015495308674871922,5.364418029785156e-07,3.055333945667371e-05,0.00012258291826583445,0.002901792526245117,0.03977859020233154,0.07430490851402283,0.19074177742004395,0.009093102999031544,0.015495308674871922,5.364418029785156e-07,3.055333945667371e-05,0.00012258291826583445,0.002901792526245117,0.03977859020233154,0.07430490851402283,0.19074177742004395
SC-INR-NoPhi,urban100,img_005.png,x4,x16,softplus,,True,0.0,nan,0.0,0.0,0.23338821530342102,0.32049083709716797,9.500880878476892e-06,0.0007545121479779482,0.004711405839771032,0.10359495133161545,1.063193440437317,1.3861188888549805,2.6289448738098145,0.2688514292240143,0.3581809103488922,5.658462669089204e-06,0.0006701498059555888,0.0035567311570048332,0.12604381144046783,1.1606649160385132,1.4154300689697266,2.213127613067627,0.450408935546875,0.3935617506504059,0.004429908003658056,0.0344812236726284,0.06906592100858688,0.33615362644195557,1.2516679763793945,1.7199136018753052,2.8222084045410156,0.9977076649665833,0.00393285509198904,0.9497193098068237,0.9811012744903564,0.9899638295173645,0.9992741346359253,0.9999693632125854,0.9999923706054688,0.9999998807907104,0.9977076649665833,0.00393285509198904,0.9497193098068237,0.9811012744903564,0.9899638295173645,0.9992741346359253,0.9999693632125854,0.9999923706054688,0.9999998807907104,0.002292368793860078,0.00393285509198904,1.1920928955078125e-07,7.62939453125e-06,3.063678741455078e-05,0.000725865364074707,0.010036194697022438,0.018898718059062958,0.05028069019317627,0.002292368793860078,0.00393285509198904,1.1920928955078125e-07,7.62939453125e-06,3.063678741455078e-05,0.000725865364074707,0.010036194697022438,0.018898718059062958,0.05028069019317627
SC-INR-NoPhi,urban100,img_005.png,x4,x30,softplus,,True,0.0,nan,0.0,0.0,0.23338821530342102,0.32049083709716797,9.500880878476892e-06,0.0007545121479779482,0.004711405839771032,0.10359495133161545,1.063193440437317,1.3861188888549805,2.6289448738098145,0.2688514292240143,0.3581809103488922,5.658462669089204e-06,0.0006701498059555888,0.0035567311570048332,0.12604381144046783,1.1606649160385132,1.4154300689697266,2.213127613067627,0.450408935546875,0.3935617506504059,0.004429908003658056,0.0344812236726284,0.06906592100858688,0.33615362644195557,1.2516679763793945,1.7199136018753052,2.8222084045410156,0.9993465542793274,0.0011227447539567947,0.9855157136917114,0.9946022629737854,0.997139036655426,0.9997934699058533,0.9999912977218628,0.9999978542327881,1.0,0.9993465542793274,0.0011227447539567947,0.9855157136917114,0.9946022629737854,0.997139036655426,0.9997934699058533,0.9999912977218628,0.9999978542327881,1.0,0.0006533566629514098,0.0011227447539567947,0.0,2.1457672119140625e-06,8.702278137207031e-06,0.00020653009414672852,0.002860939595848322,0.005397764965891838,0.014484286308288574,0.0006533566629514098,0.0011227447539567947,0.0,2.1457672119140625e-06,8.702278137207031e-06,0.00020653009414672852,0.002860939595848322,0.005397764965891838,0.014484286308288574
SC-INR-NoPhi-Signed,bsd100,101085.png,x4,x4,tanh_signed,2.1,True,0.3612760305404663,0.0,0.0,0.0,0.07175102084875107,0.4041704833507538,-1.3136662244796753,-0.8468635678291321,-0.4995005428791046,0.009361939504742622,0.8000133037567139,1.4572672843933105,1.651145100593567,0.25072240829467773,0.334852397441864,-1.1174296140670776,-0.2915916442871094,-0.12102895230054855,0.17271210253238678,0.932807981967926,1.5051732063293457,1.7311338186264038,0.4522511065006256,0.3727717101573944,0.0010641117114573717,0.013193663209676743,0.03448883071541786,0.3642192780971527,1.2615270614624023,1.5335698127746582,1.7313750982284546,0.9659959077835083,0.05073099955916405,0.7190952897071838,0.7752320766448975,0.8462170958518982,0.9864233136177063,0.9998776912689209,0.9999821782112122,0.9999998807907104,0.9659959077835083,0.05073099955916405,0.7190952897071838,0.7752320766448975,0.8462170958518982,0.9864233136177063,0.9998776912689209,0.9999821782112122,0.9999998807907104,0.034004054963588715,0.05073099955916405,1.1920928955078125e-07,1.784443884389475e-05,0.00012229086132720113,0.013576686382293701,0.15378281474113464,0.22476795315742493,0.28090471029281616,0.034004054963588715,0.05073099955916405,1.1920928955078125e-07,1.784443884389475e-05,0.00012229086132720113,0.013576686382293701,0.15378281474113464,0.22476795315742493,0.28090471029281616
SC-INR-NoPhi-Signed,bsd100,101085.png,x4,x8,tanh_signed,2.1,True,0.3612760305404663,0.0,0.0,0.0,0.07175102084875107,0.4041704833507538,-1.3136662244796753,-0.8468635678291321,-0.4995005428791046,0.009361939504742622,0.8000133037567139,1.4572672843933105,1.651145100593567,0.25072240829467773,0.334852397441864,-1.1174296140670776,-0.2915916442871094,-0.12102895230054855,0.17271210253238678,0.932807981967926,1.5051732063293457,1.7311338186264038,0.4522511065006256,0.3727717101573944,0.0010641117114573717,0.013193663209676743,0.03448883071541786,0.3642192780971527,1.2615270614624023,1.5335698127746582,1.7313750982284546,0.9912551045417786,0.013279852457344532,0.9247158169746399,0.9406455159187317,0.9597589373588562,0.9965946078300476,0.9999693632125854,0.9999955296516418,1.0,0.9912551045417786,0.013279852457344532,0.9247158169746399,0.9406455159187317,0.9597589373588562,0.9965946078300476,0.9999693632125854,0.9999955296516418,1.0,0.008744927123188972,0.013279852457344532,0.0,4.481673386180773e-06,3.0630828405264765e-05,0.0034053921699523926,0.04024089127779007,0.0593545064330101,0.07528418302536011,0.008744927123188972,0.013279852457344532,0.0,4.481673386180773e-06,3.0630828405264765e-05,0.0034053921699523926,0.04024089127779007,0.0593545064330101,0.07528418302536011
SC-INR-NoPhi-Signed,bsd100,101085.png,x4,x16,tanh_signed,2.1,True,0.3612760305404663,0.0,0.0,0.0,0.07175102084875107,0.4041704833507538,-1.3136662244796753,-0.8468635678291321,-0.4995005428791046,0.009361939504742622,0.8000133037567139,1.4572672843933105,1.651145100593567,0.25072240829467773,0.334852397441864,-1.1174296140670776,-0.2915916442871094,-0.12102895230054855,0.17271210253238678,0.932807981967926,1.5051732063293457,1.7311338186264038,0.4522511065006256,0.3727717101573944,0.0010641117114573717,0.013193663209676743,0.03448883071541786,0.3642192780971527,1.2615270614624023,1.5335698127746582,1.7313750982284546,0.9977981448173523,0.0033585322089493275,0.98084956407547,0.9849567413330078,0.9898157715797424,0.999147891998291,0.9999923706054688,0.9999988675117493,1.0,0.9977981448173523,0.0033585322089493275,0.98084956407547,0.9849567413330078,0.9898157715797424,0.999147891998291,0.9999923706054688,0.9999988675117493,1.0,0.002201859140768647,0.0033585322089493275,0.0,1.1324882507324219e-06,7.62939453125e-06,0.0008520781993865967,0.01018420048058033,0.015043230727314949,0.01915043592453003,0.002201859140768647,0.0033585322089493275,0.0,1.1324882507324219e-06,7.62939453125e-06,0.0008520781993865967,0.01018420048058033,0.015043230727314949,0.01915043592453003
SC-INR-NoPhi-Signed,bsd100,101085.png,x4,x30,tanh_signed,2.1,True,0.3612760305404663,0.0,0.0,0.0,0.07175102084875107,0.4041704833507538,-1.3136662244796753,-0.8468635678291321,-0.4995005428791046,0.009361939504742622,0.8000133037567139,1.4572672843933105,1.651145100593567,0.25072240829467773,0.334852397441864,-1.1174296140670776,-0.2915916442871094,-0.12102895230054855,0.17271210253238678,0.932807981967926,1.5051732063293457,1.7311338186264038,0.4522511065006256,0.3727717101573944,0.0010641117114573717,0.013193663209676743,0.03448883071541786,0.3642192780971527,1.2615270614624023,1.5335698127746582,1.7313750982284546,0.999372661113739,0.0009579543839208782,0.9945301413536072,0.995707094669342,0.9970946311950684,0.9997575283050537,0.9999977946281433,0.9999997019767761,1.0,0.999372661113739,0.0009579543839208782,0.9945301413536072,0.995707094669342,0.9970946311950684,0.9997575283050537,0.9999977946281433,0.9999997019767761,1.0,0.0006273736362345517,0.0009579543839208782,0.0,3.0934825190342963e-07,2.205371856689453e-06,0.00024244189262390137,0.002905351808294654,0.004292930942028761,0.005469858646392822,0.0006273736362345517,0.0009579543839208782,0.0,3.0934825190342963e-07,2.205371856689453e-06,0.00024244189262390137,0.002905351808294654,0.004292930942028761,0.005469858646392822
SC-INR-NoPhi-Signed,bsd100,101087.png,x4,x4,tanh_signed,2.1,True,0.3624723255634308,0.0,0.0,0.0,0.07212516665458679,0.4043908715248108,-1.3106331825256348,-0.8535509705543518,-0.5120463967323303,0.006402863189578056,0.7727517485618591,1.407183289527893,1.7277312278747559,0.24565757811069489,0.33237090706825256,-0.8099162578582764,-0.300043523311615,-0.11195620894432068,0.15685558319091797,0.9397510290145874,1.4829784631729126,1.690661072731018,0.4419105052947998,0.3798252046108246,0.0005145087488926947,0.005251717288047075,0.01720641553401947,0.3595399856567383,1.317725419998169,1.5283539295196533,1.8857789039611816,0.9664109945297241,0.05078207701444626,0.6838587522506714,0.7788183093070984,0.8308159112930298,0.98676598072052,0.9999695420265198,0.9999971985816956,1.0,0.9664109945297241,0.05078207701444626,0.6838587522506714,0.7788183093070984,0.8308159112930298,0.98676598072052,0.9999695420265198,0.9999971985816956,1.0,0.03358900919556618,0.05078207701444626,0.0,2.812743332469836e-06,3.045797348022461e-05,0.013233989477157593,0.16918407380580902,0.22118167579174042,0.3161412477493286,0.03358900919556618,0.05078207701444626,0.0,2.812743332469836e-06,3.045797348022461e-05,0.013233989477157593,0.16918407380580902,0.22118167579174042,0.3161412477493286
SC-INR-NoPhi-Signed,bsd100,101087.png,x4,x8,tanh_signed,2.1,True,0.3624723255634308,0.0,0.0,0.0,0.07212516665458679,0.4043908715248108,-1.3106331825256348,-0.8535509705543518,-0.5120463967323303,0.006402863189578056,0.7727517485618591,1.407183289527893,1.7277312278747559,0.24565757811069489,0.33237090706825256,-0.8099162578582764,-0.300043523311615,-0.11195620894432068,0.15685558319091797,0.9397510290145874,1.4829784631729126,1.690661072731018,0.4419105052947998,0.3798252046108246,0.0005145087488926947,0.005251717288047075,0.01720641553401947,0.3595399856567383,1.317725419998169,1.5283539295196533,1.8857789039611816,0.9913569688796997,0.013298524543642998,0.9118752479553223,0.9410432577133179,0.9559651017189026,0.9966809749603271,0.9999924302101135,0.9999992847442627,1.0,0.9913569688796997,0.013298524543642998,0.9118752479553223,0.9410432577133179,0.9559651017189026,0.9966809749603271,0.9999924302101135,0.9999992847442627,1.0,0.008643006905913353,0.013298524543642998,0.0,7.152557373046875e-07,7.569789886474609e-06,0.0033190548419952393,0.044034890830516815,0.05895676836371422,0.08812475204467773,0.008643006905913353,0.013298524543642998,0.0,7.152557373046875e-07,7.569789886474609e-06,0.0033190548419952393,0.044034890830516815,0.05895676836371422,0.08812475204467773
SC-INR-NoPhi-Signed,bsd100,101087.png,x4,x16,tanh_signed,2.1,True,0.3624723255634308,0.0,0.0,0.0,0.07212516665458679,0.4043908715248108,-1.3106331825256348,-0.8535509705543518,-0.5120463967323303,0.006402863189578056,0.7727517485618591,1.407183289527893,1.7277312278747559,0.24565757811069489,0.33237090706825256,-0.8099162578582764,-0.300043523311615,-0.11195620894432068,0.15685558319091797,0.9397510290145874,1.4829784631729126,1.690661072731018,0.4419105052947998,0.3798252046108246,0.0005145087488926947,0.005251717288047075,0.01720641553401947,0.3595399856567383,1.317725419998169,1.5283539295196533,1.8857789039611816,0.9978234767913818,0.003363665658980608,0.9773576259613037,0.9850588440895081,0.9888800978660583,0.9991695880889893,0.9999980926513672,0.9999998211860657,1.0,0.9978234767913818,0.003363665658980608,0.9773576259613037,0.9850588440895081,0.9888800978660583,0.9991695880889893,0.9999980926513672,0.9999998211860657,1.0,0.0021765106357634068,0.003363665658980608,0.0,1.7881393432617188e-07,1.9073486328125e-06,0.0008304119110107422,0.011119919829070568,0.014941170811653137,0.02264237403869629,0.0021765106357634068,0.003363665658980608,0.0,1.7881393432617188e-07,1.9073486328125e-06,0.0008304119110107422,0.011119919829070568,0.014941170811653137,0.02264237403869629
SC-INR-NoPhi-Signed,bsd100,101087.png,x4,x30,tanh_signed,2.1,True,0.3624723255634308,0.0,0.0,0.0,0.07212516665458679,0.4043908715248108,-1.3106331825256348,-0.8535509705543518,-0.5120463967323303,0.006402863189578056,0.7727517485618591,1.407183289527893,1.7277312278747559,0.24565757811069489,0.33237090706825256,-0.8099162578582764,-0.300043523311615,-0.11195620894432068,0.15685558319091797,0.9397510290145874,1.4829784631729126,1.690661072731018,0.4419105052947998,0.3798252046108246,0.0005145087488926947,0.005251717288047075,0.01720641553401947,0.3595399856567383,1.317725419998169,1.5283539295196533,1.8857789039611816,0.9993797540664673,0.0009594481089152396,0.9935173392295837,0.995736300945282,0.9968293309211731,0.9997637271881104,0.999999463558197,1.0,1.0,0.9993797540664673,0.0009594481089152396,0.9935173392295837,0.995736300945282,0.9968293309211731,0.9997637271881104,0.999999463558197,1.0,1.0,0.0006201726500876248,0.0009594481089152396,0.0,0.0,5.364418029785156e-07,0.00023624300956726074,0.0031706690788269043,0.004263687878847122,0.00648266077041626,0.0006201726500876248,0.0009594481089152396,0.0,0.0,5.364418029785156e-07,0.00023624300956726074,0.0031706690788269043,0.004263687878847122,0.00648266077041626
SC-INR-NoPhi-Signed,bsd100,102061.png,x4,x4,tanh_signed,2.1,True,0.36725422739982605,0.0,0.0,0.0,0.07064986974000931,0.39980682730674744,-1.2299582958221436,-0.8165175914764404,-0.49169695377349854,0.007694227620959282,0.7937609553337097,1.4270187616348267,1.844163179397583,0.2426508069038391,0.3283877670764923,-0.8598169088363647,-0.2983194589614868,-0.11434987187385559,0.15928104519844055,0.9225650429725647,1.4860349893569946,1.8005471229553223,0.4394444525241852,0.3720798194408417,0.0005849837325513363,0.007794945500791073,0.021657312288880348,0.3584945499897003,1.2204385995864868,1.5088143348693848,1.8596092462539673,0.9671409726142883,0.049480270594358444,0.6812277436256409,0.7819178700447083,0.854430079460144,0.9868450164794922,0.9999517202377319,0.9999937415122986,1.0,0.9671409726142883,0.049480270594358444,0.6812277436256409,0.7819178700447083,0.854430079460144,0.9868450164794922,0.9999517202377319,0.9999937415122986,1.0,0.03285892680287361,0.049480270594358444,0.0,6.258487701416016e-06,4.8264864744851366e-05,0.0131550133228302,0.14556948840618134,0.21808214485645294,0.31877225637435913,0.03285892680287361,0.049480270594358444,0.0,6.258487701416016e-06,4.8264864744851366e-05,0.0131550133228302,0.14556948840618134,0.21808214485645294,0.31877225637435913
SC-INR-NoPhi-Signed,bsd100,102061.png,x4,x8,tanh_signed,2.1,True,0.36725422739982605,0.0,0.0,0.0,0.07064986974000931,0.39980682730674744,-1.2299582958221436,-0.8165175914764404,-0.49169695377349854,0.007694227620959282,0.7937609553337097,1.4270187616348267,1.844163179397583,0.2426508069038391,0.3283877670764923,-0.8598169088363647,-0.2983194589614868,-0.11434987187385559,0.15928104519844055,0.9225650429725647,1.4860349893569946,1.8005471229553223,0.4394444525241852,0.3720798194408417,0.0005849837325513363,0.007794945500791073,0.021657312288880348,0.3584945499897003,1.2204385995864868,1.5088143348693848,1.8596092462539673,0.9915566444396973,0.012931047938764095,0.9135079383850098,0.9425100088119507,0.9621727466583252,0.9967003464698792,0.9999879598617554,0.9999984502792358,1.0,0.9915566444396973,0.012931047938764095,0.9135079383850098,0.9425100088119507,0.9621727466583252,0.9967003464698792,0.9999879598617554,0.9999984502792358,1.0,0.008443455211818218,0.012931047938764095,0.0,1.5497207641601562e-06,1.2040138244628906e-05,0.0032996535301208496,0.037827178835868835,0.05748998373746872,0.08649206161499023,0.008443455211818218,0.012931047938764095,0.0,1.5497207641601562e-06,1.2040138244628906e-05,0.0032996535301208496,0.037827178835868835,0.05748998373746872,0.08649206161499023
SC-INR-NoPhi-Signed,bsd100,102061.png,x4,x16,tanh_signed,2.1,True,0.36725422739982605,0.0,0.0,0.0,0.07064986974000931,0.39980682730674744,-1.2299582958221436,-0.8165175914764404,-0.49169695377349854,0.007694227620959282,0.7937609553337097,1.4270187616348267,1.844163179397583,0.2426508069038391,0.3283877670764923,-0.8598169088363647,-0.2983194589614868,-0.11434987187385559,0.15928104519844055,0.9225650429725647,1.4860349893569946,1.8005471229553223,0.4394444525241852,0.3720798194408417,0.0005849837325513363,0.007794945500791073,0.021657312288880348,0.3584945499897003,1.2204385995864868,1.5088143348693848,1.8596092462539673,0.9978744983673096,0.0032689510844647884,0.9779304265975952,0.9854364991188049,0.9904579520225525,0.9991744160652161,0.9999969601631165,0.9999996423721313,1.0,0.9978744983673096,0.0032689510844647884,0.9779304265975952,0.9854364991188049,0.9904579520225525,0.9991744160652161,0.9999969601631165,0.9999996423721313,1.0,0.0021255030296742916,0.0032689510844647884,0.0,3.5762786865234375e-07,3.039836883544922e-06,0.0008255839347839355,0.009542028419673443,0.014563520438969135,0.022069573402404785,0.0021255030296742916,0.0032689510844647884,0.0,3.5762786865234375e-07,3.039836883544922e-06,0.0008255839347839355,0.009542028419673443,0.014563520438969135,0.022069573402404785
SC-INR-NoPhi-Signed,bsd100,102061.png,x4,x30,tanh_signed,2.1,True,0.36725422739982605,0.0,0.0,0.0,0.07064986974000931,0.39980682730674744,-1.2299582958221436,-0.8165175914764404,-0.49169695377349854,0.007694227620959282,0.7937609553337097,1.4270187616348267,1.844163179397583,0.2426508069038391,0.3283877670764923,-0.8598169088363647,-0.2983194589614868,-0.11434987187385559,0.15928104519844055,0.9225650429725647,1.4860349893569946,1.8005471229553223,0.4394444525241852,0.3720798194408417,0.0005849837325513363,0.007794945500791073,0.021657312288880348,0.3584945499897003,1.2204385995864868,1.5088143348693848,1.8596092462539673,0.9993943572044373,0.0009323105332441628,0.9936917424201965,0.9958444237709045,0.997279942035675,0.9997650980949402,0.9999991655349731,0.9999998807907104,1.0,0.9993943572044373,0.0009323105332441628,0.9936917424201965,0.9958444237709045,0.997279942035675,0.9997650980949402,0.9999991655349731,0.9999998807907104,1.0,0.0006055867415852845,0.0009323105332441628,0.0,1.1920928955078125e-07,8.344650268554688e-07,0.00023490190505981445,0.002720030490309,0.0041555920615792274,0.006308257579803467,0.0006055867415852845,0.0009323105332441628,0.0,1.1920928955078125e-07,8.344650268554688e-07,0.00023490190505981445,0.002720030490309,0.0041555920615792274,0.006308257579803467
SC-INR-NoPhi-Signed,bsd100,103070.png,x4,x4,tanh_signed,2.1,True,0.3592488765716553,0.0,0.0,0.0,0.07262403517961502,0.39966249465942383,-1.1325145959854126,-0.8083446025848389,-0.5017399191856384,0.010750392451882362,0.7699344754219055,1.4423433542251587,1.6424986124038696,0.24026921391487122,0.3261004090309143,-0.6472188234329224,-0.28451254963874817,-0.10758153349161148,0.1604638695716858,0.9330877661705017,1.508614182472229,1.680914044380188,0.4378166198730469,0.3706638813018799,0.0012035826221108437,0.01050435658544302,0.028481371700763702,0.351723849773407,1.169338583946228,1.5211734771728516,1.6809989213943481,0.9673904776573181,0.04947559908032417,0.7337848544120789,0.7787537574768066,0.8655441403388977,0.9873360991477966,0.9999166131019592,0.9999886751174927,0.9999998807907104,0.9673904776573181,0.04947559908032417,0.7337848544120789,0.7787537574768066,0.8655441403388977,0.9873360991477966,0.9999166131019592,0.9999886751174927,0.9999998807907104,0.03260941803455353,0.04947559908032417,1.1920928955078125e-07,1.1324882507324219e-05,8.338093903148547e-05,0.01266390085220337,0.13445577025413513,0.22124625742435455,0.26621514558792114,0.03260941803455353,0.04947559908032417,1.1920928955078125e-07,1.1324882507324219e-05,8.338093903148547e-05,0.01266390085220337,0.13445577025413513,0.22124625742435455,0.26621514558792114
SC-INR-NoPhi-Signed,bsd100,103070.png,x4,x8,tanh_signed,2.1,True,0.3592488765716553,0.0,0.0,0.0,0.07262403517961502,0.39966249465942383,-1.1325145959854126,-0.8083446025848389,-0.5017399191856384,0.010750392451882362,0.7699344754219055,1.4423433542251587,1.6424986124038696,0.24026921391487122,0.3261004090309143,-0.6472188234329224,-0.28451254963874817,-0.10758153349161148,0.1604638695716858,0.9330877661705017,1.508614182472229,1.680914044380188,0.4378166198730469,0.3706638813018799,0.0012035826221108437,0.01050435658544302,0.028481371700763702,0.351723849773407,1.169338583946228,1.5211734771728516,1.6809989213943481,0.991619884967804,0.012927149422466755,0.9289384484291077,0.9415896534919739,0.9652414321899414,0.996823787689209,0.9999791979789734,0.9999971985816956,0.9999999403953552,0.991619884967804,0.012927149422466755,0.9289384484291077,0.9415896534919739,0.9652414321899414,0.996823787689209,0.9999791979789734,0.9999971985816956,0.9999999403953552,0.00838007964193821,0.012927149422466755,5.960464477539063e-08,2.8014183044433594e-06,2.0802021026611328e-05,0.0031762421131134033,0.034758560359478,0.05841034650802612,0.07106155157089233,0.00838007964193821,0.012927149422466755,5.960464477539063e-08,2.8014183044433594e-06,2.0802021026611328e-05,0.0031762421131134033,0.034758560359478,0.05841034650802612,0.07106155157089233
SC-INR-NoPhi-Signed,bsd100,103070.png,x4,x16,tanh_signed,2.1,True,0.3592488765716553,0.0,0.0,0.0,0.07262403517961502,0.39966249465942383,-1.1325145959854126,-0.8083446025848389,-0.5017399191856384,0.010750392451882362,0.7699344754219055,1.4423433542251587,1.6424986124038696,0.24026921391487122,0.3261004090309143,-0.6472188234329224,-0.28451254963874817,-0.10758153349161148,0.1604638695716858,0.9330877661705017,1.508614182472229,1.680914044380188,0.4378166198730469,0.3706638813018799,0.0012035826221108437,0.01050435658544302,0.028481371700763702,0.351723849773407,1.169338583946228,1.5211734771728516,1.6809989213943481,0.9978904128074646,0.0032677804119884968,0.9819417595863342,0.9851979613304138,0.9912406206130981,0.9992053508758545,0.9999948143959045,0.9999992847442627,1.0,0.9978904128074646,0.0032677804119884968,0.9819417595863342,0.9851979613304138,0.9912406206130981,0.9992053508758545,0.9999948143959045,0.9999992847442627,1.0,0.0021095923148095608,0.0032677804119884968,0.0,7.152557373046875e-07,5.185604095458984e-06,0.0007946491241455078,0.008759375661611557,0.014802020974457264,0.01805824041366577,0.0021095923148095608,0.0032677804119884968,0.0,7.152557373046875e-07,5.185604095458984e-06,0.0007946491241455078,0.008759375661611557,0.014802020974457264,0.01805824041366577
SC-INR-NoPhi-Signed,bsd100,103070.png,x4,x30,tanh_signed,2.1,True,0.3592488765716553,0.0,0.0,0.0,0.07262403517961502,0.39966249465942383,-1.1325145959854126,-0.8083446025848389,-0.5017399191856384,0.010750392451882362,0.7699344754219055,1.4423433542251587,1.6424986124038696,0.24026921391487122,0.3261004090309143,-0.6472188234329224,-0.28451254963874817,-0.10758153349161148,0.1604638695716858,0.9330877661705017,1.508614182472229,1.680914044380188,0.4378166198730469,0.3706638813018799,0.0012035826221108437,0.01050435658544302,0.028481371700763702,0.351723849773407,1.169338583946228,1.5211734771728516,1.6809989213943481,0.9993988871574402,0.0009319636737927794,0.9948433041572571,0.9957761764526367,0.9975027441978455,0.9997739195823669,0.9999985098838806,0.9999998211860657,1.0,0.9993988871574402,0.0009319636737927794,0.9948433041572571,0.9957761764526367,0.9975027441978455,0.9997739195823669,0.9999985098838806,0.9999998211860657,1.0,0.0006010569632053375,0.0009319636737927794,0.0,1.7881393432617188e-07,1.4901161193847656e-06,0.00022608041763305664,0.0024972762912511826,0.0042238361202180386,0.00515669584274292,0.0006010569632053375,0.0009319636737927794,0.0,1.7881393432617188e-07,1.4901161193847656e-06,0.00022608041763305664,0.0024972762912511826,0.0042238361202180386,0.00515669584274292
SC-INR-NoPhi-Signed,bsd100,105025.png,x4,x4,tanh_signed,2.1,True,0.35725709795951843,0.0,0.0,0.0,0.07378759980201721,0.42029905319213867,-1.2482728958129883,-0.9067980051040649,-0.5532703399658203,0.009893463924527168,0.8226729035377502,1.4495903253555298,1.6712006330490112,0.24215783178806305,0.33209699392318726,-0.45711633563041687,-0.28349053859710693,-0.10800032317638397,0.15427368879318237,0.942768394947052,1.5058099031448364,1.7490767240524292,0.4522784650325775,0.38271263241767883,0.0007076992187649012,0.007538679987192154,0.027147261425852776,0.359183132648468,1.323796033859253,1.5442657470703125,1.7511188983917236,0.965305507183075,0.05201232433319092,0.7133345007896423,0.7729774713516235,0.8298366665840149,0.9867912530899048,0.9999242424964905,0.999994158744812,1.0,0.965305507183075,0.05201232433319092,0.7133345007896423,0.7729774713516235,0.8298366665840149,0.9867912530899048,0.9999242424964905,0.999994158744812,1.0,0.034694451838731766,0.05201232433319092,0.0,5.852580216014758e-06,7.575750350952148e-05,0.013208717107772827,0.1701633632183075,0.22702251374721527,0.28666549921035767,0.034694451838731766,0.05201232433319092,0.0,5.852580216014758e-06,7.575750350952148e-05,0.013208717107772827,0.1701633632183075,0.22702251374721527,0.28666549921035767
SC-INR-NoPhi-Signed,bsd100,105025.png,x4,x8,tanh_signed,2.1,True,0.35725709795951843,0.0,0.0,0.0,0.07378759980201721,0.42029905319213867,-1.2482728958129883,-0.9067980051040649,-0.5532703399658203,0.009893463924527168,0.8226729035377502,1.4495903253555298,1.6712006330490112,0.24215783178806305,0.33209699392318726,-0.45711633563041687,-0.28349053859710693,-0.10800032317638397,0.15427368879318237,0.942768394947052,1.5058099031448364,1.7490767240524292,0.4522784650325775,0.38271263241767883,0.0007076992187649012,0.007538679987192154,0.027147261425852776,0.359183132648468,1.323796033859253,1.5442657470703125,1.7511188983917236,0.9910667538642883,0.013627616688609123,0.9230349063873291,0.9398741126060486,0.9555732607841492,0.9966875314712524,0.9999811053276062,0.9999985694885254,1.0,0.9910667538642883,0.013627616688609123,0.9230349063873291,0.9398741126060486,0.9555732607841492,0.9966875314712524,0.9999811053276062,0.9999985694885254,1.0,0.00893314927816391,0.013627616688609123,0.0,1.430511474609375e-06,1.8894672393798828e-05,0.003312438726425171,0.04442674666643143,0.06012588366866112,0.0769650936126709,0.00893314927816391,0.013627616688609123,0.0,1.430511474609375e-06,1.8894672393798828e-05,0.003312438726425171,0.04442674666643143,0.06012588366866112,0.0769650936126709
SC-INR-NoPhi-Signed,bsd100,105025.png,x4,x16,tanh_signed,2.1,True,0.35725709795951843,0.0,0.0,0.0,0.07378759980201721,0.42029905319213867,-1.2482728958129883,-0.9067980051040649,-0.5532703399658203,0.009893463924527168,0.8226729035377502,1.4495903253555298,1.6712006330490112,0.24215783178806305,0.33209699392318726,-0.45711633563041687,-0.28349053859710693,-0.10800032317638397,0.15427368879318237,0.942768394947052,1.5058099031448364,1.7490767240524292,0.4522784650325775,0.38271263241767883,0.0007076992187649012,0.007538679987192154,0.027147261425852776,0.359183132648468,1.323796033859253,1.5442657470703125,1.7511188983917236,0.9977500438690186,0.0034473021514713764,0.9804131984710693,0.9847503900527954,0.9887800216674805,0.999171257019043,0.999995231628418,0.9999996423721313,1.0,0.9977500438690186,0.0034473021514713764,0.9804131984710693,0.9847503900527954,0.9887800216674805,0.999171257019043,0.999995231628418,0.9999996423721313,1.0,0.002249931450933218,0.0034473021514713764,0.0,3.5762786865234375e-07,4.765392077388242e-06,0.0008287429809570312,0.011219978332519531,0.015249625779688358,0.019586801528930664,0.002249931450933218,0.0034473021514713764,0.0,3.5762786865234375e-07,4.765392077388242e-06,0.0008287429809570312,0.011219978332519531,0.015249625779688358,0.019586801528930664
SC-INR-NoPhi-Signed,bsd100,105025.png,x4,x30,tanh_signed,2.1,True,0.35725709795951843,0.0,0.0,0.0,0.07378759980201721,0.42029905319213867,-1.2482728958129883,-0.9067980051040649,-0.5532703399658203,0.009893463924527168,0.8226729035377502,1.4495903253555298,1.6712006330490112,0.24215783178806305,0.33209699392318726,-0.45711633563041687,-0.28349053859710693,-0.10800032317638397,0.15427368879318237,0.942768394947052,1.5058099031448364,1.7490767240524292,0.4522784650325775,0.38271263241767883,0.0007076992187649012,0.007538679987192154,0.027147261425852776,0.359183132648468,1.323796033859253,1.5442657470703125,1.7511188983917236,0.9993588924407959,0.0009833312360569835,0.9944049119949341,0.9956472516059875,0.9968007206916809,0.9997642040252686,0.9999986290931702,0.9999998807907104,1.0,0.9993588924407959,0.0009833312360569835,0.9944049119949341,0.9956472516059875,0.9968007206916809,0.9997642040252686,0.9999986290931702,0.9999998807907104,1.0,0.000641117338091135,0.0009833312360569835,0.0,1.1920928955078125e-07,1.3679273251909763e-06,0.00023576617240905762,0.0031992518343031406,0.00435276422649622,0.005595088005065918,0.000641117338091135,0.0009833312360569835,0.0,1.1920928955078125e-07,1.3679273251909763e-06,0.00023576617240905762,0.0031992518343031406,0.00435276422649622,0.005595088005065918
SC-INR-NoPhi-Signed,urban100,img_001.png,x4,x4,tanh_signed,2.1,True,0.37261927127838135,9.477508911004406e-08,0.0,0.0,0.3958609700202942,0.48061564564704895,-0.7969550490379333,-0.33610251545906067,-0.1334393173456192,0.270270973443985,1.4176527261734009,1.521912693977356,1.714163064956665,0.029694801196455956,0.18843381106853485,-0.5711000561714172,-0.34743160009384155,-0.28707537055015564,0.007899008691310883,0.3342074751853943,0.500409722328186,0.9707800149917603,0.5010979175567627,0.41591739654541016,0.0005703903152607381,0.016629308462142944,0.05757875740528107,0.3710393011569977,1.4256672859191895,1.5333307981491089,1.748816967010498,0.9583374857902527,0.06374559551477432,0.715236246585846,0.7754987478256226,0.8040099143981934,0.9859200716018677,0.9996591806411743,0.9999715685844421,1.0,0.9583374857902527,0.06374559551477432,0.715236246585846,0.7754987478256226,0.8040099143981934,0.9859200716018677,0.9996591806411743,0.9999715685844421,1.0,0.04166252911090851,0.06374559551477432,0.0,2.844035770976916e-05,0.00034079852048307657,0.014079958200454712,0.19599008560180664,0.22450126707553864,0.28476375341415405,0.04166252911090851,0.06374559551477432,0.0,2.844035770976916e-05,0.00034079852048307657,0.014079958200454712,0.19599008560180664,0.22450126707553864,0.28476375341415405
SC-INR-NoPhi-Signed,urban100,img_001.png,x4,x8,tanh_signed,2.1,True,0.37261927127838135,9.477508911004406e-08,0.0,0.0,0.3958609700202942,0.48061564564704895,-0.7969550490379333,-0.33610251545906067,-0.1334393173456192,0.270270973443985,1.4176527261734009,1.521912693977356,1.714163064956665,0.029694801196455956,0.18843381106853485,-0.5711000561714172,-0.34743160009384155,-0.28707537055015564,0.007899008691310883,0.3342074751853943,0.500409722328186,0.9707800149917603,0.5010979175567627,0.41591739654541016,0.0005703903152607381,0.016629308462142944,0.05757875740528107,0.3710393011569977,1.4256672859191895,1.5333307981491089,1.748816967010498,0.9892237782478333,0.01672745868563652,0.9233167171478271,0.9406622052192688,0.948585569858551,0.9964659214019775,0.999914824962616,0.9999929070472717,1.0,0.9892237782478333,0.01672745868563652,0.9233167171478271,0.9406622052192688,0.948585569858551,0.9964659214019775,0.999914824962616,0.9999929070472717,1.0,0.010776233859360218,0.01672745868563652,0.0,7.082820047799032e-06,8.52018638397567e-05,0.0035340487957000732,0.05141440033912659,0.059337764978408813,0.07668328285217285,0.010776233859360218,0.01672745868563652,0.0,7.082820047799032e-06,8.52018638397567e-05,0.0035340487957000732,0.05141440033912659,0.059337764978408813,0.07668328285217285
SC-INR-NoPhi-Signed,urban100,img_001.png,x4,x16,tanh_signed,2.1,True,0.37261927127838135,9.477508911004406e-08,0.0,0.0,0.3958609700202942,0.48061564564704895,-0.7969550490379333,-0.33610251545906067,-0.1334393173456192,0.270270973443985,1.4176527261734009,1.521912693977356,1.714163064956665,0.029694801196455956,0.18843381106853485,-0.5711000561714172,-0.34743160009384155,-0.28707537055015564,0.007899008691310883,0.3342074751853943,0.500409722328186,0.9707800149917603,0.5010979175567627,0.41591739654541016,0.0005703903152607381,0.016629308462142944,0.05757875740528107,0.3710393011569977,1.4256672859191895,1.5333307981491089,1.748816967010498,0.9972828030586243,0.004232850391417742,0.9804697036743164,0.9849615097045898,0.9869914054870605,0.9991155862808228,0.9999786615371704,0.9999982118606567,1.0,0.9972828030586243,0.004232850391417742,0.9804697036743164,0.9849615097045898,0.9869914054870605,0.9991155862808228,0.9999786615371704,0.9999982118606567,1.0,0.002717206720262766,0.004232850391417742,0.0,1.7780066627892666e-06,2.1338462829589844e-05,0.0008843839168548584,0.01300857961177826,0.015038475394248962,0.019530296325683594,0.002717206720262766,0.004232850391417742,0.0,1.7780066627892666e-06,2.1338462829589844e-05,0.0008843839168548584,0.01300857961177826,0.015038475394248962,0.019530296325683594
SC-INR-NoPhi-Signed,urban100,img_001.png,x4,x30,tanh_signed,2.1,True,0.37261927127838135,9.477508911004406e-08,0.0,0.0,0.3958609700202942,0.48061564564704895,-0.7969550490379333,-0.33610251545906067,-0.1334393173456192,0.270270973443985,1.4176527261734009,1.521912693977356,1.714163064956665,0.029694801196455956,0.18843381106853485,-0.5711000561714172,-0.34743160009384155,-0.28707537055015564,0.007899008691310883,0.3342074751853943,0.500409722328186,0.9707800149917603,0.5010979175567627,0.41591739654541016,0.0005703903152607381,0.016629308462142944,0.05757875740528107,0.3710393011569977,1.4256672859191895,1.5333307981491089,1.748816967010498,0.9992255568504333,0.0012074955739080906,0.994420051574707,0.9957084655761719,0.9962893724441528,0.9997483491897583,0.9999939799308777,0.999999463558197,1.0,0.9992255568504333,0.0012074955739080906,0.994420051574707,0.9957084655761719,0.9962893724441528,0.9997483491897583,0.9999939799308777,0.999999463558197,1.0,0.0007744774338789284,0.0012074955739080906,0.0,5.364418029785156e-07,6.0290112742222846e-06,0.0002516508102416992,0.0037106096278876066,0.00429155258461833,0.005579948425292969,0.0007744774338789284,0.0012074955739080906,0.0,5.364418029785156e-07,6.0290112742222846e-06,0.0002516508102416992,0.0037106096278876066,0.00429155258461833,0.005579948425292969
SC-INR-NoPhi-Signed,urban100,img_002.png,x4,x4,tanh_signed,2.1,True,0.3413960337638855,7.947286206899662e-08,0.0,0.0,0.05803215876221657,0.4315631091594696,-1.4864776134490967,-1.1841663122177124,-0.6768438220024109,0.023595577105879784,1.0155391693115234,1.437818169593811,1.7803263664245605,0.2554336190223694,0.384473592042923,-1.5876567363739014,-0.3145398199558258,-0.1629025936126709,0.1416701078414917,1.1126277446746826,1.496030569076538,1.7470951080322266,0.48659029603004456,0.4073212742805481,0.0006941061583347619,0.014610039070248604,0.03787322714924812,0.3661743104457855,1.372991919517517,1.547715425491333,1.7891401052474976,0.9602521061897278,0.05688248574733734,0.7022774815559387,0.7716841697692871,0.8174246549606323,0.9862781167030334,0.9998525381088257,0.9999780654907227,1.0,0.9602521061897278,0.05688248574733734,0.7022774815559387,0.7716841697692871,0.8174246549606323,0.9862781167030334,0.9998525381088257,0.9999780654907227,1.0,0.039747897535562515,0.05688248574733734,0.0,2.1960735466564074e-05,0.00014747382374480367,0.013721883296966553,0.18257535994052887,0.2283158004283905,0.2977225184440613,0.039747897535562515,0.05688248574733734,0.0,2.1960735466564074e-05,0.00014747382374480367,0.013721883296966553,0.18257535994052887,0.2283158004283905,0.2977225184440613
SC-INR-NoPhi-Signed,urban100,img_002.png,x4,x8,tanh_signed,2.1,True,0.3413960337638855,7.947286206899662e-08,0.0,0.0,0.05803215876221657,0.4315631091594696,-1.4864776134490967,-1.1841663122177124,-0.6768438220024109,0.023595577105879784,1.0155391693115234,1.437818169593811,1.7803263664245605,0.2554336190223694,0.384473592042923,-1.5876567363739014,-0.3145398199558258,-0.1629025936126709,0.1416701078414917,1.1126277446746826,1.496030569076538,1.7470951080322266,0.48659029603004456,0.4073212742805481,0.0006941061583347619,0.014610039070248604,0.03787322714924812,0.3661743104457855,1.372991919517517,1.547715425491333,1.7891401052474976,0.9897556304931641,0.014888584613800049,0.9197595119476318,0.9395853877067566,0.9522640705108643,0.9965574145317078,0.999963104724884,0.9999945163726807,1.0,0.9897556304931641,0.014888584613800049,0.9197595119476318,0.9395853877067566,0.9522640705108643,0.9965574145317078,0.999963104724884,0.9999945163726807,1.0,0.010244470089673996,0.014888584613800049,0.0,5.466938091558404e-06,3.6871435440843925e-05,0.0034425854682922363,0.047735948115587234,0.060414593666791916,0.08024048805236816,0.010244470089673996,0.014888584613800049,0.0,5.466938091558404e-06,3.6871435440843925e-05,0.0034425854682922363,0.047735948115587234,0.060414593666791916,0.08024048805236816
SC-INR-NoPhi-Signed,urban100,img_002.png,x4,x16,tanh_signed,2.1,True,0.3413960337638855,7.947286206899662e-08,0.0,0.0,0.05803215876221657,0.4315631091594696,-1.4864776134490967,-1.1841663122177124,-0.6768438220024109,0.023595577105879784,1.0155391693115234,1.437818169593811,1.7803263664245605,0.2554336190223694,0.384473592042923,-1.5876567363739014,-0.3145398199558258,-0.1629025936126709,0.1416701078414917,1.1126277446746826,1.496030569076538,1.7470951080322266,0.48659029603004456,0.4073212742805481,0.0006941061583347619,0.014610039070248604,0.03787322714924812,0.3661743104457855,1.372991919517517,1.547715425491333,1.7891401052474976,0.9974191784858704,0.0037652726750820875,0.9795598983764648,0.9846791625022888,0.9879314303398132,0.9991387128829956,0.9999908208847046,0.9999986290931702,1.0,0.9974191784858704,0.0037652726750820875,0.9795598983764648,0.9846791625022888,0.9879314303398132,0.9991387128829956,0.9999908208847046,0.9999986290931702,1.0,0.0025808229111135006,0.0037652726750820875,0.0,1.3709068298339844e-06,9.179115295410156e-06,0.0008612871170043945,0.012068570591509342,0.015320828184485435,0.020440101623535156,0.0025808229111135006,0.0037652726750820875,0.0,1.3709068298339844e-06,9.179115295410156e-06,0.0008612871170043945,0.012068570591509342,0.015320828184485435,0.020440101623535156
SC-INR-NoPhi-Signed,urban100,img_002.png,x4,x30,tanh_signed,2.1,True,0.3413960337638855,7.947286206899662e-08,0.0,0.0,0.05803215876221657,0.4315631091594696,-1.4864776134490967,-1.1841663122177124,-0.6768438220024109,0.023595577105879784,1.0155391693115234,1.437818169593811,1.7803263664245605,0.2554336190223694,0.384473592042923,-1.5876567363739014,-0.3145398199558258,-0.1629025936126709,0.1416701078414917,1.1126277446746826,1.496030569076538,1.7470951080322266,0.48659029603004456,0.4073212742805481,0.0006941061583347619,0.014610039070248604,0.03787322714924812,0.3661743104457855,1.372991919517517,1.547715425491333,1.7891401052474976,0.999264657497406,0.0010739609133452177,0.9941599369049072,0.9956276416778564,0.9965581893920898,0.9997549653053284,0.9999973773956299,0.9999996423721313,1.0,0.999264657497406,0.0010739609133452177,0.9941599369049072,0.9956276416778564,0.9965581893920898,0.9997549653053284,0.9999973773956299,0.9999996423721313,1.0,0.0007354469853453338,0.0010739609133452177,0.0,3.5762786865234375e-07,2.6226043701171875e-06,0.00024503469467163086,0.0034417989663779736,0.004372375085949898,0.0058400630950927734,0.0007354469853453338,0.0010739609133452177,0.0,3.5762786865234375e-07,2.6226043701171875e-06,0.00024503469467163086,0.0034417989663779736,0.004372375085949898,0.0058400630950927734
SC-INR-NoPhi-Signed,urban100,img_003.png,x4,x4,tanh_signed,2.1,True,0.3741825819015503,0.0,0.0,0.0,0.03591535612940788,0.44157978892326355,-1.5397343635559082,-1.1814112663269043,-0.6921027898788452,0.0034986985847353935,1.0148531198501587,1.4613362550735474,1.864484429359436,0.24605564773082733,0.38026896119117737,-1.297427773475647,-0.29144200682640076,-0.13709093630313873,0.12455230206251144,1.1169661283493042,1.5087299346923828,1.7942456007003784,0.4872317612171173,0.40501317381858826,0.0007643310236744583,0.016932161524891853,0.04414265230298042,0.3685414493083954,1.3815187215805054,1.5633939504623413,1.9208351373672485,0.9603766202926636,0.05736807733774185,0.6642335057258606,0.7670872807502747,0.815092146396637,0.9861097931861877,0.9997996687889099,0.999970555305481,0.9999998807907104,0.9603766202926636,0.05736807733774185,0.6642335057258606,0.7670872807502747,0.815092146396637,0.9861097931861877,0.9997996687889099,0.999970555305481,0.9999998807907104,0.03962339833378792,0.05736807733774185,1.1920928955078125e-07,2.9463766622939147e-05,0.0002003014087677002,0.013890206813812256,0.18490786850452423,0.23291270434856415,0.3357664942741394,0.03962339833378792,0.05736807733774185,1.1920928955078125e-07,2.9463766622939147e-05,0.0002003014087677002,0.013890206813812256,0.18490786850452423,0.23291270434856415,0.3357664942741394
SC-INR-NoPhi-Signed,urban100,img_003.png,x4,x8,tanh_signed,2.1,True,0.3741825819015503,0.0,0.0,0.0,0.03591535612940788,0.44157978892326355,-1.5397343635559082,-1.1814112663269043,-0.6921027898788452,0.0034986985847353935,1.0148531198501587,1.4613362550735474,1.864484429359436,0.24605564773082733,0.38026896119117737,-1.297427773475647,-0.29144200682640076,-0.13709093630313873,0.12455230206251144,1.1169661283493042,1.5087299346923828,1.7942456007003784,0.4872317612171173,0.40501317381858826,0.0007643310236744583,0.016932161524891853,0.04414265230298042,0.3685414493083954,1.3815187215805054,1.5633939504623413,1.9208351373672485,0.9897874593734741,0.015026670880615711,0.9080191254615784,0.9383596777915955,0.9516673684120178,0.9965137243270874,0.9999498724937439,0.9999926090240479,1.0,0.9897874593734741,0.015026670880615711,0.9080191254615784,0.9383596777915955,0.9516673684120178,0.9965137243270874,0.9999498724937439,0.9999926090240479,1.0,0.010212581604719162,0.015026670880615711,0.0,7.370709681708831e-06,5.0103662943001837e-05,0.0034862756729125977,0.04833259433507919,0.06164029985666275,0.09198087453842163,0.010212581604719162,0.015026670880615711,0.0,7.370709681708831e-06,5.0103662943001837e-05,0.0034862756729125977,0.04833259433507919,0.06164029985666275,0.09198087453842163
SC-INR-NoPhi-Signed,urban100,img_003.png,x4,x16,tanh_signed,2.1,True,0.3741825819015503,0.0,0.0,0.0,0.03591535612940788,0.44157978892326355,-1.5397343635559082,-1.1814112663269043,-0.6921027898788452,0.0034986985847353935,1.0148531198501587,1.4613362550735474,1.864484429359436,0.24605564773082733,0.38026896119117737,-1.297427773475647,-0.29144200682640076,-0.13709093630313873,0.12455230206251144,1.1169661283493042,1.5087299346923828,1.7942456007003784,0.4872317612171173,0.40501317381858826,0.0007643310236744583,0.016932161524891853,0.04414265230298042,0.3685414493083954,1.3815187215805054,1.5633939504623413,1.9208351373672485,0.997427225112915,0.0038008869159966707,0.9764724969863892,0.9843692779541016,0.9877817034721375,0.9991275072097778,0.9999874830245972,0.999998152256012,1.0,0.997427225112915,0.0038008869159966707,0.9764724969863892,0.9843692779541016,0.9877817034721375,0.9991275072097778,0.9999874830245972,0.999998152256012,1.0,0.002572804456576705,0.0038008869159966707,0.0,1.8477439880371094e-06,1.2516975402832031e-05,0.000872492790222168,0.012218298390507698,0.01563069224357605,0.02352750301361084,0.002572804456576705,0.0038008869159966707,0.0,1.8477439880371094e-06,1.2516975402832031e-05,0.000872492790222168,0.012218298390507698,0.01563069224357605,0.02352750301361084
SC-INR-NoPhi-Signed,urban100,img_003.png,x4,x30,tanh_signed,2.1,True,0.3741825819015503,0.0,0.0,0.0,0.03591535612940788,0.44157978892326355,-1.5397343635559082,-1.1814112663269043,-0.6921027898788452,0.0034986985847353935,1.0148531198501587,1.4613362550735474,1.864484429359436,0.24605564773082733,0.38026896119117737,-1.297427773475647,-0.29144200682640076,-0.13709093630313873,0.12455230206251144,1.1169661283493042,1.5087299346923828,1.7942456007003784,0.4872317612171173,0.40501317381858826,0.0007643310236744583,0.016932161524891853,0.04414265230298042,0.3685414493083954,1.3815187215805054,1.5633939504623413,1.9208351373672485,0.9992668628692627,0.0010841661132872105,0.9932710528373718,0.9955387711524963,0.9965153336524963,0.9997517466545105,0.9999964833259583,0.999999463558197,1.0,0.9992668628692627,0.0010841661132872105,0.9932710528373718,0.9955387711524963,0.9965153336524963,0.9997517466545105,0.9999964833259583,0.999999463558197,1.0,0.0007331625674851239,0.0010841661132872105,0.0,5.364418029785156e-07,3.516674041748047e-06,0.00024825334548950195,0.0034846412017941475,0.004461201839148998,0.006728947162628174,0.0007331625674851239,0.0010841661132872105,0.0,5.364418029785156e-07,3.516674041748047e-06,0.00024825334548950195,0.0034846412017941475,0.004461201839148998,0.006728947162628174
SC-INR-NoPhi-Signed,urban100,img_004.png,x4,x4,tanh_signed,2.1,True,0.366557776927948,1.16684861950489e-06,0.0,0.0,0.04082665964961052,0.4476008117198944,-1.801398754119873,-1.218247890472412,-0.7177177667617798,0.010347151197493076,1.0123931169509888,1.4738662242889404,1.8470852375030518,0.24189329147338867,0.3857666850090027,-1.1353602409362793,-0.29418617486953735,-0.14669106900691986,0.11484406888484955,1.1227260828018188,1.5133323669433594,1.828703761100769,0.49123361706733704,0.4099159836769104,0.001422983594238758,0.015922170132398605,0.04112789034843445,0.3683070242404938,1.3830088376998901,1.5866035223007202,1.914169192314148,0.9596269130706787,0.05835440382361412,0.6685337424278259,0.7610021233558655,0.8150007724761963,0.986122190952301,0.9998261332511902,0.9999738931655884,0.9999998211860657,0.9596269130706787,0.05835440382361412,0.6685337424278259,0.7610021233558655,0.8150007724761963,0.986122190952301,0.9998261332511902,0.9999738931655884,0.9999998211860657,0.040373045951128006,0.05835440382361412,1.7881393432617188e-07,2.6086567231686786e-05,0.0001738429127726704,0.013877809047698975,0.18499918282032013,0.23899789154529572,0.3314662575721741,0.040373045951128006,0.05835440382361412,1.7881393432617188e-07,2.6086567231686786e-05,0.0001738429127726704,0.013877809047698975,0.18499918282032013,0.23899789154529572,0.3314662575721741
SC-INR-NoPhi-Signed,urban100,img_004.png,x4,x8,tanh_signed,2.1,True,0.366557776927948,1.16684861950489e-06,0.0,0.0,0.04082665964961052,0.4476008117198944,-1.801398754119873,-1.218247890472412,-0.7177177667617798,0.010347151197493076,1.0123931169509888,1.4738662242889404,1.8470852375030518,0.24189329147338867,0.3857666850090027,-1.1353602409362793,-0.29418617486953735,-0.14669106900691986,0.11484406888484955,1.1227260828018188,1.5133323669433594,1.828703761100769,0.49123361706733704,0.4099159836769104,0.001422983594238758,0.015922170132398605,0.04112789034843445,0.3683070242404938,1.3830088376998901,1.5866035223007202,1.914169192314148,0.98958820104599,0.01530031580477953,0.908796489238739,0.9365578293800354,0.9516544342041016,0.9965175986289978,0.999956488609314,0.9999934434890747,1.0,0.98958820104599,0.01530031580477953,0.908796489238739,0.9365578293800354,0.9516544342041016,0.9965175986289978,0.999956488609314,0.9999934434890747,1.0,0.01041179895401001,0.01530031580477953,0.0,6.536244654853363e-06,4.348754737293348e-05,0.0034824013710021973,0.04834557697176933,0.06344214826822281,0.09120351076126099,0.01041179895401001,0.01530031580477953,0.0,6.536244654853363e-06,4.348754737293348e-05,0.0034824013710021973,0.04834557697176933,0.06344214826822281,0.09120351076126099
SC-INR-NoPhi-Signed,urban100,img_004.png,x4,x16,tanh_signed,2.1,True,0.366557776927948,1.16684861950489e-06,0.0,0.0,0.04082665964961052,0.4476008117198944,-1.801398754119873,-1.218247890472412,-0.7177177667617798,0.010347151197493076,1.0123931169509888,1.4738662242889404,1.8470852375030518,0.24189329147338867,0.3857666850090027,-1.1353602409362793,-0.29418617486953735,-0.14669106900691986,0.11484406888484955,1.1227260828018188,1.5133323669433594,1.828703761100769,0.49123361706733704,0.4099159836769104,0.001422983594238758,0.015922170132398605,0.04112789034843445,0.3683070242404938,1.3830088376998901,1.5866035223007202,1.914169192314148,0.9973766207695007,0.0038711032830178738,0.9766445159912109,0.9839041233062744,0.9877623319625854,0.9991286993026733,0.9999891519546509,0.9999983310699463,1.0,0.9973766207695007,0.0038711032830178738,0.9766445159912109,0.9839041233062744,0.9877623319625854,0.9991286993026733,0.9999891519546509,0.9999983310699463,1.0,0.0026233778335154057,0.0038711032830178738,0.0,1.6486637832713313e-06,1.0848045349121094e-05,0.0008713006973266602,0.012237649410963058,0.016095852479338646,0.023355484008789062,0.0026233778335154057,0.0038711032830178738,0.0,1.6486637832713313e-06,1.0848045349121094e-05,0.0008713006973266602,0.012237649410963058,0.016095852479338646,0.023355484008789062
SC-INR-NoPhi-Signed,urban100,img_004.png,x4,x30,tanh_signed,2.1,True,0.366557776927948,1.16684861950489e-06,0.0,0.0,0.04082665964961052,0.4476008117198944,-1.801398754119873,-1.218247890472412,-0.7177177667617798,0.010347151197493076,1.0123931169509888,1.4738662242889404,1.8470852375030518,0.24189329147338867,0.3857666850090027,-1.1353602409362793,-0.29418617486953735,-0.14669106900691986,0.11484406888484955,1.1227260828018188,1.5133323669433594,1.828703761100769,0.49123361706733704,0.4099159836769104,0.001422983594238758,0.015922170132398605,0.04112789034843445,0.3683070242404938,1.3830088376998901,1.5866035223007202,1.914169192314148,0.9992524981498718,0.0011042631231248379,0.9933184385299683,0.9954056143760681,0.996508002281189,0.9997521042823792,0.9999969005584717,0.9999995231628418,1.0,0.9992524981498718,0.0011042631231248379,0.9933184385299683,0.9954056143760681,0.996508002281189,0.9997521042823792,0.9999969005584717,0.9999995231628418,1.0,0.0007476010941900313,0.0011042631231248379,0.0,4.76837158203125e-07,3.0994415283203125e-06,0.0002478957176208496,0.0034919914323836565,0.004594411235302687,0.006681561470031738,0.0007476010941900313,0.0011042631231248379,0.0,4.76837158203125e-07,3.0994415283203125e-06,0.0002478957176208496,0.0034919914323836565,0.004594411235302687,0.006681561470031738
SC-INR-NoPhi-Signed,urban100,img_005.png,x4,x4,tanh_signed,2.1,True,0.38580381870269775,5.4836273193359375e-06,0.0,0.0,0.03361653536558151,0.4361930787563324,-2.0193932056427,-1.1661741733551025,-0.6639635562896729,-0.0008647586219012737,1.0321699380874634,1.445784568786621,1.8115525245666504,0.24294161796569824,0.38563841581344604,-1.7635756731033325,-0.32385218143463135,-0.14025302231311798,0.1140604168176651,1.1467891931533813,1.4884237051010132,1.8684030771255493,0.47540345788002014,0.4160812795162201,0.00031372191733680665,0.00643228180706501,0.017980294302105904,0.36434003710746765,1.3611037731170654,1.5551135540008545,2.0274336338043213,0.9606289863586426,0.057638708502054214,0.6283260583877563,0.7694526314735413,0.8201996088027954,0.9864152669906616,0.9999667406082153,0.9999957084655762,1.0,0.9606289863586426,0.057638708502054214,0.6283260583877563,0.7694526314735413,0.8201996088027954,0.9864152669906616,0.9999667406082153,0.9999957084655762,1.0,0.03937100991606712,0.057638708502054214,0.0,4.274845196050592e-06,3.32355521095451e-05,0.013584733009338379,0.17980042099952698,0.230547234416008,0.37167394161224365,0.03937100991606712,0.057638708502054214,0.0,4.274845196050592e-06,3.32355521095451e-05,0.013584733009338379,0.17980042099952698,0.230547234416008,0.37167394161224365
SC-INR-NoPhi-Signed,urban100,img_005.png,x4,x8,tanh_signed,2.1,True,0.38580381870269775,5.4836273193359375e-06,0.0,0.0,0.03361653536558151,0.4361930787563324,-2.0193932056427,-1.1661741733551025,-0.6639635562896729,-0.0008647586219012737,1.0321699380874634,1.445784568786621,1.8115525245666504,0.24294161796569824,0.38563841581344604,-1.7635756731033325,-0.32385218143463135,-0.14025302231311798,0.1140604168176651,1.1467891931533813,1.4884237051010132,1.8684030771255493,0.47540345788002014,0.4160812795162201,0.00031372191733680665,0.00643228180706501,0.017980294302105904,0.36434003710746765,1.3611037731170654,1.5551135540008545,2.0274336338043213,0.9898475408554077,0.01509680226445198,0.8976837992668152,0.938994288444519,0.9530606269836426,0.9965916872024536,0.9999917149543762,0.999998927116394,1.0,0.9898475408554077,0.01509680226445198,0.8976837992668152,0.938994288444519,0.9530606269836426,0.9965916872024536,0.9999917149543762,0.999998927116394,1.0,0.010152457281947136,0.01509680226445198,0.0,1.0728836059570312e-06,8.285045623779297e-06,0.0034083127975463867,0.04693935438990593,0.06100569665431976,0.10231620073318481,0.010152457281947136,0.01509680226445198,0.0,1.0728836059570312e-06,8.285045623779297e-06,0.0034083127975463867,0.04693935438990593,0.06100569665431976,0.10231620073318481
SC-INR-NoPhi-Signed,urban100,img_005.png,x4,x16,tanh_signed,2.1,True,0.38580381870269775,5.4836273193359375e-06,0.0,0.0,0.03361653536558151,0.4361930787563324,-2.0193932056427,-1.1661741733551025,-0.6639635562896729,-0.0008647586219012737,1.0321699380874634,1.445784568786621,1.8115525245666504,0.24294161796569824,0.38563841581344604,-1.7635756731033325,-0.32385218143463135,-0.14025302231311798,0.1140604168176651,1.1467891931533813,1.4884237051010132,1.8684030771255493,0.47540345788002014,0.4160812795162201,0.00031372191733680665,0.00643228180706501,0.017980294302105904,0.36434003710746765,1.3611037731170654,1.5551135540008545,2.0274336338043213,0.9974419474601746,0.0038186130113899708,0.9737985730171204,0.9845331311225891,0.9881384968757629,0.9991472363471985,0.9999979138374329,0.9999997615814209,1.0,0.9974419474601746,0.0038186130113899708,0.9737985730171204,0.9845331311225891,0.9881384968757629,0.9991472363471985,0.9999979138374329,0.9999997615814209,1.0,0.002557969419285655,0.0038186130113899708,0.0,2.384185791015625e-07,2.086162567138672e-06,0.0008527636528015137,0.01186149287968874,0.015466881915926933,0.02620142698287964,0.002557969419285655,0.0038186130113899708,0.0,2.384185791015625e-07,2.086162567138672e-06,0.0008527636528015137,0.01186149287968874,0.015466881915926933,0.02620142698287964
SC-INR-NoPhi-Signed,urban100,img_005.png,x4,x30,tanh_signed,2.1,True,0.38580381870269775,5.4836273193359375e-06,0.0,0.0,0.03361653536558151,0.4361930787563324,-2.0193932056427,-1.1661741733551025,-0.6639635562896729,-0.0008647586219012737,1.0321699380874634,1.445784568786621,1.8115525245666504,0.24294161796569824,0.38563841581344604,-1.7635756731033325,-0.32385218143463135,-0.14025302231311798,0.1140604168176651,1.1467891931533813,1.4884237051010132,1.8684030771255493,0.47540345788002014,0.4160812795162201,0.00031372191733680665,0.00643228180706501,0.017980294302105904,0.36434003710746765,1.3611037731170654,1.5551135540008545,2.0274336338043213,0.9992710947990417,0.0010892219142988324,0.9925042986869812,0.9955857992172241,0.9966173768043518,0.9997573494911194,0.9999994039535522,0.9999999403953552,1.0,0.9992710947990417,0.0010892219142988324,0.9925042986869812,0.9955857992172241,0.9966173768043518,0.9997573494911194,0.9999994039535522,0.9999999403953552,1.0,0.0007289556670002639,0.0010892219142988324,0.0,5.960464477539063e-08,5.960464477539062e-07,0.00024265050888061523,0.003382599912583828,0.004414214752614498,0.007495701313018799,0.0007289556670002639,0.0010892219142988324,0.0,5.960464477539063e-08,5.960464477539062e-07,0.00024265050888061523,0.003382599912583828,0.004414214752614498,0.007495701313018799
SC-INR,bsd100,101085.png,x4,x4,tanh_signed,2.1,True,0.3962976336479187,2.8483073037932627e-05,0.0,0.0,0.08585523813962936,0.42454230785369873,-1.5018631219863892,-1.2213168144226074,-0.5162543058395386,0.00963377021253109,1.164062738418579,1.3684511184692383,1.5650081634521484,0.23023973405361176,0.4231581687927246,-1.1191390752792358,-0.39670348167419434,-0.21218658983707428,0.05618428438901901,1.228105902671814,1.727965235710144,2.012392520904541,0.46159324049949646,0.4545460343360901,0.000398522854084149,0.009393354877829552,0.02398478053510189,0.31967097520828247,1.4103167057037354,1.8335670232772827,2.020923376083374,0.9594207406044006,0.06937698274850845,0.6304337382316589,0.6962143778800964,0.8078069686889648,0.989530086517334,0.9999408721923828,0.9999908804893494,1.0,0.9594207406044006,0.06937698274850845,0.6304337382316589,0.6962143778800964,0.8078069686889648,0.989530086517334,0.9999408721923828,0.9999908804893494,1.0,0.04057924076914787,0.06937698274850845,0.0,9.119510650634766e-06,5.91278076171875e-05,0.010469913482666016,0.19219297170639038,0.30378568172454834,0.36956626176834106,0.04057924076914787,0.06937698274850845,0.0,9.119510650634766e-06,5.91278076171875e-05,0.010469913482666016,0.19219297170639038,0.30378568172454834,0.36956626176834106
SC-INR,bsd100,101085.png,x4,x8,tanh_signed,2.1,True,0.3962976336479187,2.8483073037932627e-05,0.0,0.0,0.08585523813962936,0.42454230785369873,-1.5018631219863892,-1.2213168144226074,-0.5162543058395386,0.00963377021253109,1.164062738418579,1.3684511184692383,1.5650081634521484,0.23023973405361176,0.4231581687927246,-1.1191390752792358,-0.39670348167419434,-0.21218658983707428,0.05618428438901901,1.228105902671814,1.727965235710144,2.012392520904541,0.46159324049949646,0.4545460343360901,0.000398522854084149,0.009393354877829552,0.02398478053510189,0.31967097520828247,1.4103167057037354,1.8335670232772827,2.020923376083374,0.9893798828125,0.018694158643484116,0.8983209729194641,0.9163450002670288,0.9496700763702393,0.9973759055137634,0.9999852180480957,0.9999977350234985,1.0,0.9893798828125,0.018694158643484116,0.8983209729194641,0.9163450002670288,0.9496700763702393,0.9973759055137634,0.9999852180480957,0.9999977350234985,1.0,0.010620160959661007,0.018694158643484116,0.0,2.2649765014648438e-06,1.4781951904296875e-05,0.0026240944862365723,0.050329893827438354,0.08365501463413239,0.10167902708053589,0.010620160959661007,0.018694158643484116,0.0,2.2649765014648438e-06,1.4781951904296875e-05,0.0026240944862365723,0.050329893827438354,0.08365501463413239,0.10167902708053589
SC-INR,bsd100,101085.png,x4,x16,tanh_signed,2.1,True,0.3962976336479187,2.8483073037932627e-05,0.0,0.0,0.08585523813962936,0.42454230785369873,-1.5018631219863892,-1.2213168144226074,-0.5162543058395386,0.00963377021253109,1.164062738418579,1.3684511184692383,1.5650081634521484,0.23023973405361176,0.4231581687927246,-1.1191390752792358,-0.39670348167419434,-0.21218658983707428,0.05618428438901901,1.228105902671814,1.727965235710144,2.012392520904541,0.46159324049949646,0.4545460343360901,0.000398522854084149,0.009393354877829552,0.02398478053510189,0.31967097520828247,1.4103167057037354,1.8335670232772827,2.020923376083374,0.9973137974739075,0.004763470031321049,0.9739654660224915,0.9785642623901367,0.9872696399688721,0.9993435144424438,0.9999963045120239,0.999999463558197,1.0,0.9973137974739075,0.004763470031321049,0.9739654660224915,0.9785642623901367,0.9872696399688721,0.9993435144424438,0.9999963045120239,0.999999463558197,1.0,0.002686162479221821,0.004763470031321049,0.0,5.364418029785156e-07,3.6954879760742188e-06,0.0006564557552337646,0.01273034606128931,0.02143576182425022,0.026034533977508545,0.002686162479221821,0.004763470031321049,0.0,5.364418029785156e-07,3.6954879760742188e-06,0.0006564557552337646,0.01273034606128931,0.02143576182425022,0.026034533977508545
SC-INR,bsd100,101085.png,x4,x30,tanh_signed,2.1,True,0.3962976336479187,2.8483073037932627e-05,0.0,0.0,0.08585523813962936,0.42454230785369873,-1.5018631219863892,-1.2213168144226074,-0.5162543058395386,0.00963377021253109,1.164062738418579,1.3684511184692383,1.5650081634521484,0.23023973405361176,0.4231581687927246,-1.1191390752792358,-0.39670348167419434,-0.21218658983707428,0.05618428438901901,1.228105902671814,1.727965235710144,2.012392520904541,0.46159324049949646,0.4545460343360901,0.000398522854084149,0.009393354877829552,0.02398478053510189,0.31967097520828247,1.4103167057037354,1.8335670232772827,2.020923376083374,0.9992338418960571,0.0013611424947157502,0.9925523400306702,0.9938703179359436,0.9963688254356384,0.9998131990432739,0.999998927116394,0.9999998807907104,1.0,0.9992338418960571,0.0013611424947157502,0.9925523400306702,0.9938703179359436,0.9963688254356384,0.9998131990432739,0.999998927116394,0.9999998807907104,1.0,0.000766199838835746,0.0013611424947157502,0.0,1.1920928955078125e-07,1.0728836059570312e-06,0.00018677115440368652,0.0036311428993940353,0.006129702087491751,0.007447659969329834,0.000766199838835746,0.0013611424947157502,0.0,1.1920928955078125e-07,1.0728836059570312e-06,0.00018677115440368652,0.0036311428993940353,0.006129702087491751,0.007447659969329834
SC-INR,bsd100,101087.png,x4,x4,tanh_signed,2.1,True,0.38984090089797974,4.150390668655746e-05,0.0,0.0,0.09086325019598007,0.42182907462120056,-1.4673936367034912,-1.1768888235092163,-0.5038015246391296,0.009178537875413895,1.159948468208313,1.3625843524932861,1.5409486293792725,0.23061777651309967,0.41627514362335205,-1.1678040027618408,-0.40001803636550903,-0.19551417231559753,0.046097055077552795,1.2156070470809937,1.7139390707015991,2.019282341003418,0.45135733485221863,0.4571017622947693,0.000324263732181862,0.0038722078315913677,0.013319225050508976,0.30788278579711914,1.4004554748535156,1.7937790155410767,2.045067071914673,0.9600369930267334,0.06828392297029495,0.6261193156242371,0.7065158486366272,0.8102614879608154,0.9902891516685486,0.9999817609786987,0.9999984502792358,1.0,0.9600369930267334,0.06828392297029495,0.6261193156242371,0.7065158486366272,0.8102614879608154,0.9902891516685486,0.9999817609786987,0.9999984502792358,1.0,0.0399630032479763,0.06828392297029495,0.0,1.5497207641601562e-06,1.8236041796626523e-05,0.009710848331451416,0.18973851203918457,0.2934841513633728,0.37388068437576294,0.0399630032479763,0.06828392297029495,0.0,1.5497207641601562e-06,1.8236041796626523e-05,0.009710848331451416,0.18973851203918457,0.2934841513633728,0.37388068437576294
SC-INR,bsd100,101087.png,x4,x8,tanh_signed,2.1,True,0.38984090089797974,4.150390668655746e-05,0.0,0.0,0.09086325019598007,0.42182907462120056,-1.4673936367034912,-1.1768888235092163,-0.5038015246391296,0.009178537875413895,1.159948468208313,1.3625843524932861,1.5409486293792725,0.23061777651309967,0.41627514362335205,-1.1678040027618408,-0.40001803636550903,-0.19551417231559753,0.046097055077552795,1.2156070470809937,1.7139390707015991,2.019282341003418,0.45135733485221863,0.4571017622947693,0.000324263732181862,0.0038722078315913677,0.013319225050508976,0.30788278579711914,1.4004554748535156,1.7937790155410767,2.045067071914673,0.9895530343055725,0.01833522692322731,0.8963940739631653,0.9197975993156433,0.9503509998321533,0.997565746307373,0.9999954700469971,0.9999995827674866,1.0,0.9895530343055725,0.01833522692322731,0.8963940739631653,0.9197975993156433,0.9503509998321533,0.997565746307373,0.9999954700469971,0.9999995827674866,1.0,0.0104469433426857,0.01833522692322731,0.0,4.172325134277344e-07,4.5299530029296875e-06,0.0024342238903045654,0.04964900761842728,0.08020243048667908,0.10360592603683472,0.0104469433426857,0.01833522692322731,0.0,4.172325134277344e-07,4.5299530029296875e-06,0.0024342238903045654,0.04964900761842728,0.08020243048667908,0.10360592603683472
SC-INR,bsd100,101087.png,x4,x16,tanh_signed,2.1,True,0.38984090089797974,4.150390668655746e-05,0.0,0.0,0.09086325019598007,0.42182907462120056,-1.4673936367034912,-1.1768888235092163,-0.5038015246391296,0.009178537875413895,1.159948468208313,1.3625843524932861,1.5409486293792725,0.23061777651309967,0.41627514362335205,-1.1678040027618408,-0.40001803636550903,-0.19551417231559753,0.046097055077552795,1.2156070470809937,1.7139390707015991,2.019282341003418,0.45135733485221863,0.4571017622947693,0.000324263732181862,0.0038722078315913677,0.013319225050508976,0.30788278579711914,1.4004554748535156,1.7937790155410767,2.045067071914673,0.9973584413528442,0.004667788278311491,0.9733731150627136,0.9794793725013733,0.9874454140663147,0.9993910789489746,0.9999988675117493,0.9999998807907104,1.0,0.9973584413528442,0.004667788278311491,0.9733731150627136,0.9794793725013733,0.9874454140663147,0.9993910789489746,0.9999988675117493,0.9999998807907104,1.0,0.00264153815805912,0.004667788278311491,0.0,1.1920928955078125e-07,1.1324882507324219e-06,0.0006089210510253906,0.01255455520004034,0.020520653575658798,0.026626884937286377,0.00264153815805912,0.004667788278311491,0.0,1.1920928955078125e-07,1.1324882507324219e-06,0.0006089210510253906,0.01255455520004034,0.020520653575658798,0.026626884937286377
SC-INR,bsd100,101087.png,x4,x30,tanh_signed,2.1,True,0.38984090089797974,4.150390668655746e-05,0.0,0.0,0.09086325019598007,0.42182907462120056,-1.4673936367034912,-1.1768888235092163,-0.5038015246391296,0.009178537875413895,1.159948468208313,1.3625843524932861,1.5409486293792725,0.23061777651309967,0.41627514362335205,-1.1678040027618408,-0.40001803636550903,-0.19551417231559753,0.046097055077552795,1.2156070470809937,1.7139390707015991,2.019282341003418,0.45135733485221863,0.4571017622947693,0.000324263732181862,0.0038722078315913677,0.013319225050508976,0.30788278579711914,1.4004554748535156,1.7937790155410767,2.045067071914673,0.9992465376853943,0.00133351213298738,0.9923759698867798,0.9941327571868896,0.9964192509651184,0.9998267889022827,0.9999997019767761,1.0,1.0,0.9992465376853943,0.00133351213298738,0.9923759698867798,0.9941327571868896,0.9964192509651184,0.9998267889022827,0.9999997019767761,1.0,1.0,0.0007534153410233557,0.00133351213298738,0.0,0.0,2.980232238769531e-07,0.00017324090003967285,0.003580735996365547,0.00586727075278759,0.007624030113220215,0.0007534153410233557,0.00133351213298738,0.0,0.0,2.980232238769531e-07,0.00017324090003967285,0.003580735996365547,0.00586727075278759,0.007624030113220215
SC-INR,bsd100,102061.png,x4,x4,tanh_signed,2.1,True,0.39637327194213867,4.394531424622983e-05,0.0,0.0,0.08902925252914429,0.4235437214374542,-1.4966095685958862,-1.1976722478866577,-0.5136159658432007,0.007632961496710777,1.1661503314971924,1.3517675399780273,1.5394715070724487,0.22876186668872833,0.41962602734565735,-0.967964768409729,-0.39438316226005554,-0.18943384289741516,0.04606912285089493,1.227294921875,1.7094775438308716,2.015064001083374,0.4540081322193146,0.4578319489955902,0.0003679844085127115,0.006664889398962259,0.016103997826576233,0.30742523074150085,1.4019614458084106,1.8016141653060913,2.0656096935272217,0.9597644209861755,0.06883648037910461,0.6314561367034912,0.7060902714729309,0.8099814057350159,0.990312397480011,0.9999733567237854,0.9999954700469971,1.0,0.9597644209861755,0.06883648037910461,0.6314561367034912,0.7060902714729309,0.8099814057350159,0.990312397480011,0.9999733567237854,0.9999954700469971,1.0,0.04023554548621178,0.06883648037910461,0.0,4.5526030589826405e-06,2.664327621459961e-05,0.009687602519989014,0.19001798331737518,0.29390978813171387,0.3685438632965088,0.04023554548621178,0.06883648037910461,0.0,4.5526030589826405e-06,2.664327621459961e-05,0.009687602519989014,0.19001798331737518,0.29390978813171387,0.3685438632965088
SC-INR,bsd100,102061.png,x4,x8,tanh_signed,2.1,True,0.39637327194213867,4.394531424622983e-05,0.0,0.0,0.08902925252914429,0.4235437214374542,-1.4966095685958862,-1.1976722478866577,-0.5136159658432007,0.007632961496710777,1.1661503314971924,1.3517675399780273,1.5394715070724487,0.22876186668872833,0.41962602734565735,-0.967964768409729,-0.39438316226005554,-0.18943384289741516,0.04606912285089493,1.227294921875,1.7094775438308716,2.015064001083374,0.4540081322193146,0.4578319489955902,0.0003679844085127115,0.006664889398962259,0.016103997826576233,0.30742523074150085,1.4019614458084106,1.8016141653060913,2.0656096935272217,0.9894770979881287,0.0185040645301342,0.8950329422950745,0.9192434549331665,0.9502524733543396,0.997572660446167,0.9999933242797852,0.9999988675117493,1.0,0.9894770979881287,0.0185040645301342,0.8950329422950745,0.9192434549331665,0.9502524733543396,0.997572660446167,0.9999933242797852,0.9999988675117493,1.0,0.010522927157580853,0.0185040645301342,0.0,1.1324882507324219e-06,6.67572021484375e-06,0.00242730975151062,0.049747392535209656,0.08075656741857529,0.10496705770492554,0.010522927157580853,0.0185040645301342,0.0,1.1324882507324219e-06,6.67572021484375e-06,0.00242730975151062,0.049747392535209656,0.08075656741857529,0.10496705770492554
SC-INR,bsd100,102061.png,x4,x16,tanh_signed,2.1,True,0.39637327194213867,4.394531424622983e-05,0.0,0.0,0.08902925252914429,0.4235437214374542,-1.4966095685958862,-1.1976722478866577,-0.5136159658432007,0.007632961496710777,1.1661503314971924,1.3517675399780273,1.5394715070724487,0.22876186668872833,0.41962602734565735,-0.967964768409729,-0.39438316226005554,-0.18943384289741516,0.04606912285089493,1.227294921875,1.7094775438308716,2.015064001083374,0.4540081322193146,0.4578319489955902,0.0003679844085127115,0.006664889398962259,0.016103997826576233,0.30742523074150085,1.4019614458084106,1.8016141653060913,2.0656096935272217,0.9973390102386475,0.0047121308743953705,0.9728828072547913,0.9793026447296143,0.9874191284179688,0.9993928670883179,0.9999983310699463,0.9999997019767761,1.0,0.9973390102386475,0.0047121308743953705,0.9728828072547913,0.9793026447296143,0.9874191284179688,0.9993928670883179,0.9999983310699463,0.9999997019767761,1.0,0.0026610693894326687,0.0047121308743953705,0.0,2.980232238769531e-07,1.6689300537109375e-06,0.0006071627140045166,0.012580840848386288,0.020697379484772682,0.02711719274520874,0.0026610693894326687,0.0047121308743953705,0.0,2.980232238769531e-07,1.6689300537109375e-06,0.0006071627140045166,0.012580840848386288,0.020697379484772682,0.02711719274520874
SC-INR,bsd100,102061.png,x4,x30,tanh_signed,2.1,True,0.39637327194213867,4.394531424622983e-05,0.0,0.0,0.08902925252914429,0.4235437214374542,-1.4966095685958862,-1.1976722478866577,-0.5136159658432007,0.007632961496710777,1.1661503314971924,1.3517675399780273,1.5394715070724487,0.22876186668872833,0.41962602734565735,-0.967964768409729,-0.39438316226005554,-0.18943384289741516,0.04606912285089493,1.227294921875,1.7094775438308716,2.015064001083374,0.4540081322193146,0.4578319489955902,0.0003679844085127115,0.006664889398962259,0.016103997826576233,0.30742523074150085,1.4019614458084106,1.8016141653060913,2.0656096935272217,0.9992409348487854,0.0013462735805660486,0.9922259449958801,0.9940802454948425,0.9964115619659424,0.9998272657394409,0.9999995231628418,0.9999999403953552,1.0,0.9992409348487854,0.0013462735805660486,0.9922259449958801,0.9940802454948425,0.9964115619659424,0.9998272657394409,0.9999995231628418,0.9999999403953552,1.0,0.0007590073510073125,0.0013462735805660486,0.0,5.960464477539063e-08,4.76837158203125e-07,0.00017273426055908203,0.0035884296521544456,0.005919747520238161,0.007774055004119873,0.0007590073510073125,0.0013462735805660486,0.0,5.960464477539063e-08,4.76837158203125e-07,0.00017273426055908203,0.0035884296521544456,0.005919747520238161,0.007774055004119873
SC-INR,bsd100,103070.png,x4,x4,tanh_signed,2.1,True,0.38866132497787476,7.3242190410383046e-06,0.0,0.0,0.0876651480793953,0.4237690269947052,-1.4424341917037964,-1.2346875667572021,-0.5264413356781006,0.010384732857346535,1.1615434885025024,1.3583930730819702,1.5425071716308594,0.22806181013584137,0.41909635066986084,-0.7873096466064453,-0.38099661469459534,-0.18597544729709625,0.04664984717965126,1.2479621171951294,1.7473371028900146,1.9547960758209229,0.4528205096721649,0.45811888575553894,0.00024725403636693954,0.0076722148805856705,0.020154010504484177,0.304075688123703,1.3986790180206299,1.8224027156829834,1.9633839130401611,0.959918737411499,0.06967604160308838,0.6486814022064209,0.6988321542739868,0.8108518719673157,0.9905256628990173,0.9999582171440125,0.9999939799308777,1.0,0.959918737411499,0.06967604160308838,0.6486814022064209,0.6988321542739868,0.8108518719673157,0.9905256628990173,0.9999582171440125,0.9999939799308777,1.0,0.040081337094306946,0.06967604160308838,0.0,6.03139415034093e-06,4.177689697826281e-05,0.009474337100982666,0.18914803862571716,0.30116790533065796,0.3513185977935791,0.040081337094306946,0.06967604160308838,0.0,6.03139415034093e-06,4.177689697826281e-05,0.009474337100982666,0.18914803862571716,0.30116790533065796,0.3513185977935791
SC-INR,bsd100,103070.png,x4,x8,tanh_signed,2.1,True,0.38866132497787476,7.3242190410383046e-06,0.0,0.0,0.0876651480793953,0.4237690269947052,-1.4424341917037964,-1.2346875667572021,-0.5264413356781006,0.010384732857346535,1.1615434885025024,1.3583930730819702,1.5425071716308594,0.22806181013584137,0.41909635066986084,-0.7873096466064453,-0.38099661469459534,-0.18597544729709625,0.04664984717965126,1.2479621171951294,1.7473371028900146,1.9547960758209229,0.4528205096721649,0.45811888575553894,0.00024725403636693954,0.0076722148805856705,0.020154010504484177,0.304075688123703,1.3986790180206299,1.8224027156829834,1.9633839130401611,0.9895027875900269,0.018778614699840546,0.9038577675819397,0.9173677563667297,0.950485110282898,0.997625470161438,0.9999895691871643,0.9999985098838806,1.0,0.9895027875900269,0.018778614699840546,0.9038577675819397,0.9173677563667297,0.950485110282898,0.997625470161438,0.9999895691871643,0.9999985098838806,1.0,0.010497191920876503,0.018778614699840546,0.0,1.4901161193847656e-06,1.043081283569336e-05,0.0023745298385620117,0.049514900892972946,0.08263222873210907,0.0961422324180603,0.010497191920876503,0.018778614699840546,0.0,1.4901161193847656e-06,1.043081283569336e-05,0.0023745298385620117,0.049514900892972946,0.08263222873210907,0.0961422324180603
SC-INR,bsd100,103070.png,x4,x16,tanh_signed,2.1,True,0.38866132497787476,7.3242190410383046e-06,0.0,0.0,0.0876651480793953,0.4237690269947052,-1.4424341917037964,-1.2346875667572021,-0.5264413356781006,0.010384732857346535,1.1615434885025024,1.3583930730819702,1.5425071716308594,0.22806181013584137,0.41909635066986084,-0.7873096466064453,-0.38099661469459534,-0.18597544729709625,0.04664984717965126,1.2479621171951294,1.7473371028900146,1.9547960758209229,0.4528205096721649,0.45811888575553894,0.00024725403636693954,0.0076722148805856705,0.020154010504484177,0.304075688123703,1.3986790180206299,1.8224027156829834,1.9633839130401611,0.997344434261322,0.0047852336429059505,0.9754159450531006,0.9788410663604736,0.9874778985977173,0.9994059801101685,0.9999973773956299,0.9999996423721313,1.0,0.997344434261322,0.0047852336429059505,0.9754159450531006,0.9788410663604736,0.9874778985977173,0.9994059801101685,0.9999973773956299,0.9999996423721313,1.0,0.0026555308140814304,0.0047852336429059505,0.0,3.6895289667882025e-07,2.6226043701171875e-06,0.0005939900875091553,0.012522083707153797,0.021158955991268158,0.024584054946899414,0.0026555308140814304,0.0047852336429059505,0.0,3.6895289667882025e-07,2.6226043701171875e-06,0.0005939900875091553,0.012522083707153797,0.021158955991268158,0.024584054946899414
SC-INR,bsd100,103070.png,x4,x30,tanh_signed,2.1,True,0.38866132497787476,7.3242190410383046e-06,0.0,0.0,0.0876651480793953,0.4237690269947052,-1.4424341917037964,-1.2346875667572021,-0.5264413356781006,0.010384732857346535,1.1615434885025024,1.3583930730819702,1.5425071716308594,0.22806181013584137,0.41909635066986084,-0.7873096466064453,-0.38099661469459534,-0.18597544729709625,0.04664984717965126,1.2479621171951294,1.7473371028900146,1.9547960758209229,0.4528205096721649,0.45811888575553894,0.00024725403636693954,0.0076722148805856705,0.020154010504484177,0.304075688123703,1.3986790180206299,1.8224027156829834,1.9633839130401611,0.9992424845695496,0.001367377582937479,0.9929695129394531,0.9939447045326233,0.996428370475769,0.9998310208320618,0.9999992847442627,0.9999998807907104,1.0,0.9992424845695496,0.001367377582937479,0.9929695129394531,0.9939447045326233,0.996428370475769,0.9998310208320618,0.9999992847442627,0.9999998807907104,1.0,0.0007574941264465451,0.001367377582937479,0.0,1.1920928955078125e-07,7.152557373046875e-07,0.00016897916793823242,0.0035716586280614138,0.006055327132344246,0.007030487060546875,0.0007574941264465451,0.001367377582937479,0.0,1.1920928955078125e-07,7.152557373046875e-07,0.00016897916793823242,0.0035716586280614138,0.006055327132344246,0.007030487060546875
SC-INR,bsd100,105025.png,x4,x4,tanh_signed,2.1,True,0.3870011568069458,0.0,0.0,0.0,0.09395047277212143,0.438144713640213,-1.4519628286361694,-1.2488681077957153,-0.5395045280456543,0.011614883318543434,1.1637670993804932,1.3680131435394287,1.5310685634613037,0.22994405031204224,0.419375479221344,-0.8827235102653503,-0.3879537284374237,-0.18252280354499817,0.052476439625024796,1.2459943294525146,1.7440170049667358,1.9443366527557373,0.4657292664051056,0.4611331820487976,0.00011204195470781997,0.006536612752825022,0.019475551322102547,0.31760454177856445,1.4080193042755127,1.8395394086837769,2.000300645828247,0.9584892988204956,0.07033438235521317,0.6506748199462891,0.69440096616745,0.8083515167236328,0.9896637201309204,0.9999610185623169,0.9999955892562866,1.0,0.9584892988204956,0.07033438235521317,0.6506748199462891,0.69440096616745,0.8083515167236328,0.9896637201309204,0.9999610185623169,0.9999955892562866,1.0,0.041510604321956635,0.07033438235521317,0.0,4.410743713378906e-06,3.897845817846246e-05,0.010336250066757202,0.19164802134037018,0.30559903383255005,0.34932518005371094,0.041510604321956635,0.07033438235521317,0.0,4.410743713378906e-06,3.897845817846246e-05,0.010336250066757202,0.19164802134037018,0.30559903383255005,0.34932518005371094
SC-INR,bsd100,105025.png,x4,x8,tanh_signed,2.1,True,0.3870011568069458,0.0,0.0,0.0,0.09395047277212143,0.438144713640213,-1.4519628286361694,-1.2488681077957153,-0.5395045280456543,0.011614883318543434,1.1637670993804932,1.3680131435394287,1.5310685634613037,0.22994405031204224,0.419375479221344,-0.8827235102653503,-0.3879537284374237,-0.18252280354499817,0.052476439625024796,1.2459943294525146,1.7440170049667358,1.9443366527557373,0.4657292664051056,0.4611331820487976,0.00011204195470781997,0.006536612752825022,0.019475551322102547,0.31760454177856445,1.4080193042755127,1.8395394086837769,2.000300645828247,0.9891316890716553,0.018956556916236877,0.9012989401817322,0.9158598780632019,0.9498226642608643,0.9974094033241272,0.9999902844429016,0.999998927116394,1.0,0.9891316890716553,0.018956556916236877,0.9012989401817322,0.9158598780632019,0.9498226642608643,0.9974094033241272,0.9999902844429016,0.999998927116394,1.0,0.010868354700505733,0.018956556916236877,0.0,1.0842086339835078e-06,9.715557098388672e-06,0.0025905966758728027,0.0501771979033947,0.08414013683795929,0.09870105981826782,0.010868354700505733,0.018956556916236877,0.0,1.0842086339835078e-06,9.715557098388672e-06,0.0025905966758728027,0.0501771979033947,0.08414013683795929,0.09870105981826782
SC-INR,bsd100,105025.png,x4,x16,tanh_signed,2.1,True,0.3870011568069458,0.0,0.0,0.0,0.09395047277212143,0.438144713640213,-1.4519628286361694,-1.2488681077957153,-0.5395045280456543,0.011614883318543434,1.1637670993804932,1.3680131435394287,1.5310685634613037,0.22994405031204224,0.419375479221344,-0.8827235102653503,-0.3879537284374237,-0.18252280354499817,0.052476439625024796,1.2459943294525146,1.7440170049667358,1.9443366527557373,0.4657292664051056,0.4611331820487976,0.00011204195470781997,0.006536612752825022,0.019475551322102547,0.31760454177856445,1.4080193042755127,1.8395394086837769,2.000300645828247,0.9972507357597351,0.004830668680369854,0.9745531678199768,0.9784272909164429,0.9873100519180298,0.999351978302002,0.9999975562095642,0.9999997019767761,1.0,0.9972507357597351,0.004830668680369854,0.9745531678199768,0.9784272909164429,0.9873100519180298,0.999351978302002,0.9999975562095642,0.9999997019767761,1.0,0.002749221632257104,0.004830668680369854,0.0,2.980232238769531e-07,2.4437904357910156e-06,0.0006480216979980469,0.012689901515841484,0.02157273143529892,0.025446832180023193,0.002749221632257104,0.004830668680369854,0.0,2.980232238769531e-07,2.4437904357910156e-06,0.0006480216979980469,0.012689901515841484,0.02157273143529892,0.025446832180023193
SC-INR,bsd100,105025.png,x4,x30,tanh_signed,2.1,True,0.3870011568069458,0.0,0.0,0.0,0.09395047277212143,0.438144713640213,-1.4519628286361694,-1.2488681077957153,-0.5395045280456543,0.011614883318543434,1.1637670993804932,1.3680131435394287,1.5310685634613037,0.22994405031204224,0.419375479221344,-0.8827235102653503,-0.3879537284374237,-0.18252280354499817,0.052476439625024796,1.2459943294525146,1.7440170049667358,1.9443366527557373,0.4657292664051056,0.4611331820487976,0.00011204195470781997,0.006536612752825022,0.019475551322102547,0.31760454177856445,1.4080193042755127,1.8395394086837769,2.000300645828247,0.9992157816886902,0.0013803669717162848,0.9927083253860474,0.9938305020332336,0.9963804483413696,0.9998156428337097,0.9999992847442627,0.9999999403953552,1.0,0.9992157816886902,0.0013803669717162848,0.9927083253860474,0.9938305020332336,0.9963804483413696,0.9998156428337097,0.9999992847442627,0.9999999403953552,1.0,0.0007842060877010226,0.0013803669717162848,0.0,5.960464477539063e-08,7.152557373046875e-07,0.0001843571662902832,0.003619537455961108,0.006169473752379417,0.007291674613952637,0.0007842060877010226,0.0013803669717162848,0.0,5.960464477539063e-08,7.152557373046875e-07,0.0001843571662902832,0.003619537455961108,0.006169473752379417,0.007291674613952637
SC-INR,urban100,img_001.png,x4,x4,tanh_signed,2.1,True,0.4065060019493103,5.6106851843651384e-05,0.0,0.0,0.33659568428993225,0.48960840702056885,-0.7466459274291992,-0.20822378993034363,-0.11119677126407623,0.11751359701156616,1.3440245389938354,1.4092215299606323,1.5613065958023071,-0.02497856505215168,0.14570777118206024,-0.9821828603744507,-0.36353474855422974,-0.27368447184562683,-0.020775839686393738,0.32897892594337463,0.36606258153915405,0.6368904709815979,0.42487573623657227,0.44084957242012024,0.0004240967391524464,0.008106611669063568,0.02182558923959732,0.26469743251800537,1.3490523099899292,1.41696035861969,1.5734080076217651,0.9630499482154846,0.059024639427661896,0.7645776867866516,0.806150496006012,0.8231977224349976,0.9928145408630371,0.9999510049819946,0.9999932646751404,1.0,0.9630499482154846,0.059024639427661896,0.7645776867866516,0.806150496006012,0.8231977224349976,0.9928145408630371,0.9999510049819946,0.9999932646751404,1.0,0.036950092762708664,0.059024639427661896,0.0,6.735324859619141e-06,4.902184446109459e-05,0.007185488939285278,0.17680227756500244,0.19384950399398804,0.2354223132133484,0.036950092762708664,0.059024639427661896,0.0,6.735324859619141e-06,4.902184446109459e-05,0.007185488939285278,0.17680227756500244,0.19384950399398804,0.2354223132133484
SC-INR,urban100,img_001.png,x4,x8,tanh_signed,2.1,True,0.4065060019493103,5.6106851843651384e-05,0.0,0.0,0.33659568428993225,0.48960840702056885,-0.7466459274291992,-0.20822378993034363,-0.11119677126407623,0.11751359701156616,1.3440245389938354,1.4092215299606323,1.5613065958023071,-0.02497856505215168,0.14570777118206024,-0.9821828603744507,-0.36353474855422974,-0.27368447184562683,-0.020775839686393738,0.32897892594337463,0.36606258153915405,0.6368904709815979,0.42487573623657227,0.44084957242012024,0.0004240967391524464,0.008106611669063568,0.02182558923959732,0.26469743251800537,1.3490523099899292,1.41696035861969,1.5734080076217651,0.9904661774635315,0.015352991409599781,0.9375989437103271,0.9491992592811584,0.9538822174072266,0.9982002973556519,0.999987781047821,0.9999983310699463,1.0,0.9904661774635315,0.015352991409599781,0.9375989437103271,0.9491992592811584,0.9538822174072266,0.9982002973556519,0.999987781047821,0.9999983310699463,1.0,0.009533744305372238,0.015352991409599781,0.0,1.6689300537109375e-06,1.222789433086291e-05,0.0017997324466705322,0.04611775279045105,0.05080072209239006,0.06240105628967285,0.009533744305372238,0.015352991409599781,0.0,1.6689300537109375e-06,1.222789433086291e-05,0.0017997324466705322,0.04611775279045105,0.05080072209239006,0.06240105628967285
SC-INR,urban100,img_001.png,x4,x16,tanh_signed,2.1,True,0.4065060019493103,5.6106851843651384e-05,0.0,0.0,0.33659568428993225,0.48960840702056885,-0.7466459274291992,-0.20822378993034363,-0.11119677126407623,0.11751359701156616,1.3440245389938354,1.4092215299606323,1.5613065958023071,-0.02497856505215168,0.14570777118206024,-0.9821828603744507,-0.36353474855422974,-0.27368447184562683,-0.020775839686393738,0.32897892594337463,0.36606258153915405,0.6368904709815979,0.42487573623657227,0.44084957242012024,0.0004240967391524464,0.008106611669063568,0.02182558923959732,0.26469743251800537,1.3490523099899292,1.41696035861969,1.5734080076217651,0.9975975751876831,0.0038765170611441135,0.984170138835907,0.9871494770050049,0.9883473515510559,0.9995498657226562,0.9999969601631165,0.9999995827674866,1.0,0.9975975751876831,0.0038765170611441135,0.984170138835907,0.9871494770050049,0.9883473515510559,0.9995498657226562,0.9999969601631165,0.9999995827674866,1.0,0.002402370795607567,0.0038765170611441135,0.0,4.172325134277344e-07,3.039836883544922e-06,0.0004501640796661377,0.011652621440589428,0.012850510887801647,0.015829861164093018,0.002402370795607567,0.0038765170611441135,0.0,4.172325134277344e-07,3.039836883544922e-06,0.0004501640796661377,0.011652621440589428,0.012850510887801647,0.015829861164093018
SC-INR,urban100,img_001.png,x4,x30,tanh_signed,2.1,True,0.4065060019493103,5.6106851843651384e-05,0.0,0.0,0.33659568428993225,0.48960840702056885,-0.7466459274291992,-0.20822378993034363,-0.11119677126407623,0.11751359701156616,1.3440245389938354,1.4092215299606323,1.5613065958023071,-0.02497856505215168,0.14570777118206024,-0.9821828603744507,-0.36353474855422974,-0.27368447184562683,-0.020775839686393738,0.32897892594337463,0.36606258153915405,0.6368904709815979,0.42487573623657227,0.44084957242012024,0.0004240967391524464,0.008106611669063568,0.02182558923959732,0.26469743251800537,1.3490523099899292,1.41696035861969,1.5734080076217651,0.9993153810501099,0.0011052676709368825,0.9954816102981567,0.996334433555603,0.996677041053772,0.9998719692230225,0.9999991059303284,0.9999998807907104,1.0,0.9993153810501099,0.0011052676709368825,0.9954816102981567,0.996334433555603,0.996677041053772,0.9998719692230225,0.9999991059303284,0.9999998807907104,1.0,0.0006846321630291641,0.0011052676709368825,0.0,1.1920928955078125e-07,8.940696716308594e-07,0.00012806057929992676,0.0033229500986635685,0.0036655585281550884,0.004518389701843262,0.0006846321630291641,0.0011052676709368825,0.0,1.1920928955078125e-07,8.940696716308594e-07,0.00012806057929992676,0.0033229500986635685,0.0036655585281550884,0.004518389701843262
SC-INR,urban100,img_002.png,x4,x4,tanh_signed,2.1,True,0.3768605589866638,1.6530355424038135e-05,0.0,0.0,0.05410784110426903,0.43659576773643494,-1.9246089458465576,-1.2862489223480225,-0.5455746054649353,0.017397288233041763,0.9361262321472168,1.42732834815979,1.7211493253707886,0.22857633233070374,0.4261811077594757,-1.049633264541626,-0.4464961886405945,-0.2258135825395584,0.07763035595417023,1.2409499883651733,1.7513664960861206,1.9748414754867554,0.47222524881362915,0.45213308930397034,0.00034013664117082953,0.011401371099054813,0.02905331365764141,0.32538995146751404,1.433026909828186,1.8289375305175781,2.0474963188171387,0.9584763646125793,0.06944604218006134,0.6367977857589722,0.6931463479995728,0.8023093938827515,0.989156186580658,0.999913215637207,0.9999866485595703,1.0,0.9584763646125793,0.06944604218006134,0.6367977857589722,0.6931463479995728,0.8023093938827515,0.989156186580658,0.999913215637207,0.9999866485595703,1.0,0.04152362421154976,0.06944604218006134,0.0,1.33514404296875e-05,8.67962880874984e-05,0.010843813419342041,0.19769063591957092,0.30685365200042725,0.36320221424102783,0.04152362421154976,0.06944604218006134,0.0,1.33514404296875e-05,8.67962880874984e-05,0.010843813419342041,0.19769063591957092,0.30685365200042725,0.36320221424102783
SC-INR,urban100,img_002.png,x4,x8,tanh_signed,2.1,True,0.3768605589866638,1.6530355424038135e-05,0.0,0.0,0.05410784110426903,0.43659576773643494,-1.9246089458465576,-1.2862489223480225,-0.5455746054649353,0.017397288233041763,0.9361262321472168,1.42732834815979,1.7211493253707886,0.22857633233070374,0.4261811077594757,-1.049633264541626,-0.4464961886405945,-0.2258135825395584,0.07763035595417023,1.2409499883651733,1.7513664960861206,1.9748414754867554,0.47222524881362915,0.45213308930397034,0.00034013664117082953,0.011401371099054813,0.02905331365764141,0.32538995146751404,1.433026909828186,1.8289375305175781,2.0474963188171387,0.9891704320907593,0.018563196063041687,0.8967871069908142,0.9163698554039001,0.9480851292610168,0.9972816705703735,0.9999783635139465,0.9999966621398926,1.0,0.9891704320907593,0.018563196063041687,0.8967871069908142,0.9163698554039001,0.9480851292610168,0.9972816705703735,0.9999783635139465,0.9999966621398926,1.0,0.01082961168140173,0.018563196063041687,0.0,3.337860107421875e-06,2.1636486053466797e-05,0.002718329429626465,0.05191487818956375,0.08363010734319687,0.10321289300918579,0.01082961168140173,0.018563196063041687,0.0,3.337860107421875e-06,2.1636486053466797e-05,0.002718329429626465,0.05191487818956375,0.08363010734319687,0.10321289300918579
SC-INR,urban100,img_002.png,x4,x16,tanh_signed,2.1,True,0.3768605589866638,1.6530355424038135e-05,0.0,0.0,0.05410784110426903,0.43659576773643494,-1.9246089458465576,-1.2862489223480225,-0.5455746054649353,0.017397288233041763,0.9361262321472168,1.42732834815979,1.7211493253707886,0.22857633233070374,0.4261811077594757,-1.049633264541626,-0.4464961886405945,-0.2258135825395584,0.07763035595417023,1.2409499883651733,1.7513664960861206,1.9748414754867554,0.47222524881362915,0.45213308930397034,0.00034013664117082953,0.011401371099054813,0.02905331365764141,0.32538995146751404,1.433026909828186,1.8289375305175781,2.0474963188171387,0.997263491153717,0.004720070865005255,0.9733511209487915,0.9786527156829834,0.9868592619895935,0.9993199110031128,0.9999945759773254,0.9999991655349731,1.0,0.997263491153717,0.004720070865005255,0.9733511209487915,0.9786527156829834,0.9868592619895935,0.9993199110031128,0.9999945759773254,0.9999991655349731,1.0,0.0027365766000002623,0.004720070865005255,0.0,8.344650268554688e-07,5.424022674560547e-06,0.000680088996887207,0.013140729628503323,0.02134726382791996,0.026648879051208496,0.0027365766000002623,0.004720070865005255,0.0,8.344650268554688e-07,5.424022674560547e-06,0.000680088996887207,0.013140729628503323,0.02134726382791996,0.026648879051208496
SC-INR,urban100,img_002.png,x4,x30,tanh_signed,2.1,True,0.3768605589866638,1.6530355424038135e-05,0.0,0.0,0.05410784110426903,0.43659576773643494,-1.9246089458465576,-1.2862489223480225,-0.5455746054649353,0.017397288233041763,0.9361262321472168,1.42732834815979,1.7211493253707886,0.22857633233070374,0.4261811077594757,-1.049633264541626,-0.4464961886405945,-0.2258135825395584,0.07763035595417023,1.2409499883651733,1.7513664960861206,1.9748414754867554,0.47222524881362915,0.45213308930397034,0.00034013664117082953,0.011401371099054813,0.02905331365764141,0.32538995146751404,1.433026909828186,1.8289375305175781,2.0474963188171387,0.999219536781311,0.0013480490306392312,0.9923611879348755,0.9938980937004089,0.9962510466575623,0.9998064637184143,0.9999984502792358,0.9999997615814209,1.0,0.999219536781311,0.0013480490306392312,0.9923611879348755,0.9938980937004089,0.9962510466575623,0.9998064637184143,0.9999984502792358,0.9999997615814209,1.0,0.0007804025080986321,0.0013480490306392312,0.0,2.384185791015625e-07,1.5497207641601562e-06,0.00019353628158569336,0.0037489302922040224,0.00610191049054265,0.007638812065124512,0.0007804025080986321,0.0013480490306392312,0.0,2.384185791015625e-07,1.5497207641601562e-06,0.00019353628158569336,0.0037489302922040224,0.00610191049054265,0.007638812065124512
SC-INR,urban100,img_003.png,x4,x4,tanh_signed,2.1,True,0.40585318207740784,6.318934174487367e-05,0.0,0.0,0.03127502277493477,0.44176557660102844,-1.9081873893737793,-1.2680690288543701,-0.5854794383049011,0.0006861101719550788,0.8998596668243408,1.4425653219223022,1.7392348051071167,0.22434282302856445,0.42103806138038635,-1.1571903228759766,-0.3877585232257843,-0.19041356444358826,0.06871555745601654,1.2421913146972656,1.7779457569122314,2.0188193321228027,0.47075536847114563,0.4495854675769806,0.0008912062621675432,0.0126500790938735,0.03258723020553589,0.324504554271698,1.4483022689819336,1.841028094291687,2.122892141342163,0.9588298201560974,0.06949884444475174,0.6142544746398926,0.6903569102287292,0.7982965111732483,0.9892151355743408,0.9998907446861267,0.999983549118042,0.9999999403953552,0.9588298201560974,0.06949884444475174,0.6142544746398926,0.6903569102287292,0.7982965111732483,0.9892151355743408,0.9998907446861267,0.999983549118042,0.9999999403953552,0.04117017611861229,0.06949884444475174,5.960464477539063e-08,1.646875898586586e-05,0.00010922551155090332,0.01078486442565918,0.20170338451862335,0.30964305996894836,0.3857455253601074,0.04117017611861229,0.06949884444475174,5.960464477539063e-08,1.646875898586586e-05,0.00010922551155090332,0.01078486442565918,0.20170338451862335,0.30964305996894836,0.3857455253601074
SC-INR,urban100,img_003.png,x4,x8,tanh_signed,2.1,True,0.40585318207740784,6.318934174487367e-05,0.0,0.0,0.03127502277493477,0.44176557660102844,-1.9081873893737793,-1.2680690288543701,-0.5854794383049011,0.0006861101719550788,0.8998596668243408,1.4425653219223022,1.7392348051071167,0.22434282302856445,0.42103806138038635,-1.1571903228759766,-0.3877585232257843,-0.19041356444358826,0.06871555745601654,1.2421913146972656,1.7779457569122314,2.0188193321228027,0.47075536847114563,0.4495854675769806,0.0008912062621675432,0.0126500790938735,0.03258723020553589,0.324504554271698,1.4483022689819336,1.841028094291687,2.122892141342163,0.9892634153366089,0.018586715683341026,0.8893851637840271,0.915311336517334,0.9469766616821289,0.9972959160804749,0.9999727010726929,0.9999958872795105,1.0,0.9892634153366089,0.018586715683341026,0.8893851637840271,0.915311336517334,0.9469766616821289,0.9972959160804749,0.9999727010726929,0.9999958872795105,1.0,0.010736535303294659,0.018586715683341026,0.0,4.092454219062347e-06,2.7275083994027227e-05,0.0027040839195251465,0.05302322283387184,0.08468863368034363,0.1106148362159729,0.010736535303294659,0.018586715683341026,0.0,4.092454219062347e-06,2.7275083994027227e-05,0.0027040839195251465,0.05302322283387184,0.08468863368034363,0.1106148362159729
SC-INR,urban100,img_003.png,x4,x16,tanh_signed,2.1,True,0.40585318207740784,6.318934174487367e-05,0.0,0.0,0.03127502277493477,0.44176557660102844,-1.9081873893737793,-1.2680690288543701,-0.5854794383049011,0.0006861101719550788,0.8998596668243408,1.4425653219223022,1.7392348051071167,0.22434282302856445,0.42103806138038635,-1.1571903228759766,-0.3877585232257843,-0.19041356444358826,0.06871555745601654,1.2421913146972656,1.7779457569122314,2.0188193321228027,0.47075536847114563,0.4495854675769806,0.0008912062621675432,0.0126500790938735,0.03258723020553589,0.324504554271698,1.4483022689819336,1.841028094291687,2.122892141342163,0.9972869157791138,0.004726683255285025,0.9713743925094604,0.9783663153648376,0.9865789413452148,0.9993234872817993,0.9999931454658508,0.9999989867210388,1.0,0.9972869157791138,0.004726683255285025,0.9713743925094604,0.9783663153648376,0.9865789413452148,0.9993234872817993,0.9999931454658508,0.9999989867210388,1.0,0.002713008550927043,0.004726683255285025,0.0,1.0132789611816406e-06,6.854534149169922e-06,0.0006765127182006836,0.01342106331139803,0.021633660420775414,0.02862560749053955,0.002713008550927043,0.004726683255285025,0.0,1.0132789611816406e-06,6.854534149169922e-06,0.0006765127182006836,0.01342106331139803,0.021633660420775414,0.02862560749053955
SC-INR,urban100,img_003.png,x4,x30,tanh_signed,2.1,True,0.40585318207740784,6.318934174487367e-05,0.0,0.0,0.03127502277493477,0.44176557660102844,-1.9081873893737793,-1.2680690288543701,-0.5854794383049011,0.0006861101719550788,0.8998596668243408,1.4425653219223022,1.7392348051071167,0.22434282302856445,0.42103806138038635,-1.1571903228759766,-0.3877585232257843,-0.19041356444358826,0.06871555745601654,1.2421913146972656,1.7779457569122314,2.0188193321228027,0.47075536847114563,0.4495854675769806,0.0008912062621675432,0.0126500790938735,0.03258723020553589,0.324504554271698,1.4483022689819336,1.841028094291687,2.122892141342163,0.9992263317108154,0.001349981757812202,0.9917901158332825,0.9938168525695801,0.9961708784103394,0.999807596206665,0.9999980926513672,0.9999997019767761,1.0,0.9992263317108154,0.001349981757812202,0.9917901158332825,0.9938168525695801,0.9961708784103394,0.999807596206665,0.9999980926513672,0.9999997019767761,1.0,0.0007736789993941784,0.001349981757812202,0.0,2.980232238769531e-07,1.9073486328125e-06,0.00019240379333496094,0.0038291250821202993,0.0061831423081457615,0.00820988416671753,0.0007736789993941784,0.001349981757812202,0.0,2.980232238769531e-07,1.9073486328125e-06,0.00019240379333496094,0.0038291250821202993,0.0061831423081457615,0.00820988416671753
SC-INR,urban100,img_004.png,x4,x4,tanh_signed,2.1,True,0.39942216873168945,0.0003020342846866697,0.0,0.0,0.033900391310453415,0.44904381036758423,-1.9701579809188843,-1.3217164278030396,-0.588470458984375,0.003979758825153112,0.9437906742095947,1.4303909540176392,1.806645154953003,0.2244843691587448,0.4257538616657257,-1.0563229322433472,-0.3708244264125824,-0.18019776046276093,0.06726597994565964,1.251114845275879,1.822775959968567,2.0323269367218018,0.47591719031333923,0.45601752400398254,0.0013602175749838352,0.012197945266962051,0.032139457762241364,0.3263227045536041,1.4365406036376953,1.8878742456436157,2.1115918159484863,0.9578806161880493,0.07163642346858978,0.6174662709236145,0.6737018823623657,0.8009876012802124,0.9890925288200378,0.9998937845230103,0.9999846816062927,0.9999997615814209,0.9578806161880493,0.07163642346858978,0.6174662709236145,0.6737018823623657,0.8009876012802124,0.9890925288200378,0.9998937845230103,0.9999846816062927,0.9999997615814209,0.04211936518549919,0.07163642346858978,2.384185791015625e-07,1.531839370727539e-05,0.0001062154769897461,0.010907471179962158,0.1990123689174652,0.3262981176376343,0.3825337290763855,0.04211936518549919,0.07163642346858978,2.384185791015625e-07,1.531839370727539e-05,0.0001062154769897461,0.010907471179962158,0.1990123689174652,0.3262981176376343,0.3825337290763855
SC-INR,urban100,img_004.png,x4,x8,tanh_signed,2.1,True,0.39942216873168945,0.0003020342846866697,0.0,0.0,0.033900391310453415,0.44904381036758423,-1.9701579809188843,-1.3217164278030396,-0.588470458984375,0.003979758825153112,0.9437906742095947,1.4303909540176392,1.806645154953003,0.2244843691587448,0.4257538616657257,-1.0563229322433472,-0.3708244264125824,-0.18019776046276093,0.06726597994565964,1.251114845275879,1.822775959968567,2.0323269367218018,0.47591719031333923,0.45601752400398254,0.0013602175749838352,0.012197945266962051,0.032139457762241364,0.3263227045536041,1.4365406036376953,1.8878742456436157,2.1115918159484863,0.9889981746673584,0.019220365211367607,0.8905153274536133,0.9110276103019714,0.9477993845939636,0.9972661137580872,0.999973475933075,0.9999961853027344,1.0,0.9889981746673584,0.019220365211367607,0.8905153274536133,0.9110276103019714,0.9477993845939636,0.9972661137580872,0.999973475933075,0.9999961853027344,1.0,0.011001797392964363,0.019220365211367607,0.0,3.814697265625e-06,2.6524066925048828e-05,0.002733886241912842,0.05220063403248787,0.08897235989570618,0.10948467254638672,0.011001797392964363,0.019220365211367607,0.0,3.814697265625e-06,2.6524066925048828e-05,0.002733886241912842,0.05220063403248787,0.08897235989570618,0.10948467254638672
SC-INR,urban100,img_004.png,x4,x16,tanh_signed,2.1,True,0.39942216873168945,0.0003020342846866697,0.0,0.0,0.033900391310453415,0.44904381036758423,-1.9701579809188843,-1.3217164278030396,-0.588470458984375,0.003979758825153112,0.9437906742095947,1.4303909540176392,1.806645154953003,0.2244843691587448,0.4257538616657257,-1.0563229322433472,-0.3708244264125824,-0.18019776046276093,0.06726597994565964,1.251114845275879,1.822775959968567,2.0323269367218018,0.47591719031333923,0.45601752400398254,0.0013602175749838352,0.012197945266962051,0.032139457762241364,0.3263227045536041,1.4365406036376953,1.8878742456436157,2.1115918159484863,0.9972187280654907,0.004891874268651009,0.971675455570221,0.9772694110870361,0.9867927432060242,0.9993159770965576,0.9999934434890747,0.9999990463256836,1.0,0.9972187280654907,0.004891874268651009,0.971675455570221,0.9772694110870361,0.9867927432060242,0.9993159770965576,0.9999934434890747,0.9999990463256836,1.0,0.0027811990585178137,0.004891874268651009,0.0,9.5367431640625e-07,6.5743915911298245e-06,0.0006840229034423828,0.013207267969846725,0.022730572149157524,0.028324544429779053,0.0027811990585178137,0.004891874268651009,0.0,9.5367431640625e-07,6.5743915911298245e-06,0.0006840229034423828,0.013207267969846725,0.022730572149157524,0.028324544429779053
SC-INR,urban100,img_004.png,x4,x30,tanh_signed,2.1,True,0.39942216873168945,0.0003020342846866697,0.0,0.0,0.033900391310453415,0.44904381036758423,-1.9701579809188843,-1.3217164278030396,-0.588470458984375,0.003979758825153112,0.9437906742095947,1.4303909540176392,1.806645154953003,0.2244843691587448,0.4257538616657257,-1.0563229322433472,-0.3708244264125824,-0.18019776046276093,0.06726597994565964,1.251114845275879,1.822775959968567,2.0323269367218018,0.47591719031333923,0.45601752400398254,0.0013602175749838352,0.012197945266962051,0.032139457762241364,0.3263227045536041,1.4365406036376953,1.8878742456436157,2.1115918159484863,0.9992069005966187,0.0013974396279081702,0.9918771386146545,0.9934999346733093,0.9962326288223267,0.9998053908348083,0.999998152256012,0.9999997615814209,1.0,0.9992069005966187,0.0013974396279081702,0.9918771386146545,0.9934999346733093,0.9962326288223267,0.9998053908348083,0.999998152256012,0.9999997615814209,1.0,0.0007932053413242102,0.0013974396279081702,0.0,2.384185791015625e-07,1.8477439880371094e-06,0.0001946091651916504,0.003767364891245961,0.0065000588074326515,0.008122861385345459,0.0007932053413242102,0.0013974396279081702,0.0,2.384185791015625e-07,1.8477439880371094e-06,0.0001946091651916504,0.003767364891245961,0.0065000588074326515,0.008122861385345459
SC-INR,urban100,img_005.png,x4,x4,tanh_signed,2.1,True,0.4044972360134125,0.0002841949462890625,0.0,0.0,0.030615076422691345,0.43842214345932007,-1.9827406406402588,-1.213687777519226,-0.5572419762611389,-0.001064787618815899,1.0091304779052734,1.4130648374557495,1.7990516424179077,0.22449016571044922,0.4203096032142639,-1.3736015558242798,-0.3979596793651581,-0.19492118060588837,0.06268922239542007,1.2455030679702759,1.742737889289856,2.0492725372314453,0.4604714512825012,0.45626014471054077,5.476490696310066e-05,0.004402400925755501,0.01372024230659008,0.3148193657398224,1.422349452972412,1.8194890022277832,2.100656032562256,0.9591834545135498,0.06919094920158386,0.6111392378807068,0.6975911855697632,0.8050102591514587,0.9898440837860107,0.999980628490448,0.9999979734420776,1.0,0.9591834545135498,0.06919094920158386,0.6111392378807068,0.6975911855697632,0.8050102591514587,0.9898440837860107,0.999980628490448,0.9999979734420776,1.0,0.04081646353006363,0.06919094920158386,0.0,2.009868694585748e-06,1.9371509552001953e-05,0.010155916213989258,0.19498981535434723,0.30240875482559204,0.3888607621192932,0.04081646353006363,0.06919094920158386,0.0,2.009868694585748e-06,1.9371509552001953e-05,0.010155916213989258,0.19498981535434723,0.30240875482559204,0.3888607621192932
SC-INR,urban100,img_005.png,x4,x8,tanh_signed,2.1,True,0.4044972360134125,0.0002841949462890625,0.0,0.0,0.030615076422691345,0.43842214345932007,-1.9827406406402588,-1.213687777519226,-0.5572419762611389,-0.001064787618815899,1.0091304779052734,1.4130648374557495,1.7990516424179077,0.22449016571044922,0.4203096032142639,-1.3736015558242798,-0.3979596793651581,-0.19492118060588837,0.06268922239542007,1.2455030679702759,1.742737889289856,2.0492725372314453,0.4604714512825012,0.45626014471054077,5.476490696310066e-05,0.004402400925755501,0.01372024230659008,0.3148193657398224,1.422349452972412,1.8194890022277832,2.100656032562256,0.9893537163734436,0.018501151353120804,0.8908820152282715,0.9172626733779907,0.9488500356674194,0.9974550008773804,0.9999951720237732,0.9999995231628418,1.0,0.9893537163734436,0.018501151353120804,0.8908820152282715,0.9172626733779907,0.9488500356674194,0.9974550008773804,0.9999951720237732,0.9999995231628418,1.0,0.010646369308233261,0.018501151353120804,0.0,4.76837158203125e-07,4.827976226806641e-06,0.002544999122619629,0.051149964332580566,0.08273730427026749,0.10911798477172852,0.010646369308233261,0.018501151353120804,0.0,4.76837158203125e-07,4.827976226806641e-06,0.002544999122619629,0.051149964332580566,0.08273730427026749,0.10911798477172852
SC-INR,urban100,img_005.png,x4,x16,tanh_signed,2.1,True,0.4044972360134125,0.0002841949462890625,0.0,0.0,0.030615076422691345,0.43842214345932007,-1.9827406406402588,-1.213687777519226,-0.5572419762611389,-0.001064787618815899,1.0091304779052734,1.4130648374557495,1.7990516424179077,0.22449016571044922,0.4203096032142639,-1.3736015558242798,-0.3979596793651581,-0.19492118060588837,0.06268922239542007,1.2455030679702759,1.742737889289856,2.0492725372314453,0.4604714512825012,0.45626014471054077,5.476490696310066e-05,0.004402400925755501,0.01372024230659008,0.3148193657398224,1.422349452972412,1.8194890022277832,2.100656032562256,0.9973096251487732,0.004704840946942568,0.9719184637069702,0.9788931608200073,0.9870607852935791,0.9993633031845093,0.9999988079071045,0.9999998807907104,1.0,0.9973096251487732,0.004704840946942568,0.9719184637069702,0.9788931608200073,0.9870607852935791,0.9993633031845093,0.9999988079071045,0.9999998807907104,1.0,0.002690359717234969,0.004704840946942568,0.0,1.1920928955078125e-07,1.1920928955078125e-06,0.0006366968154907227,0.01293924544006586,0.02110685408115387,0.028081536293029785,0.002690359717234969,0.004704840946942568,0.0,1.1920928955078125e-07,1.1920928955078125e-06,0.0006366968154907227,0.01293924544006586,0.02110685408115387,0.028081536293029785
SC-INR,urban100,img_005.png,x4,x30,tanh_signed,2.1,True,0.4044972360134125,0.0002841949462890625,0.0,0.0,0.030615076422691345,0.43842214345932007,-1.9827406406402588,-1.213687777519226,-0.5572419762611389,-0.001064787618815899,1.0091304779052734,1.4130648374557495,1.7990516424179077,0.22449016571044922,0.4203096032142639,-1.3736015558242798,-0.3979596793651581,-0.19492118060588837,0.06268922239542007,1.2455030679702759,1.742737889289856,2.0492725372314453,0.4604714512825012,0.45626014471054077,5.476490696310066e-05,0.004402400925755501,0.01372024230659008,0.3148193657398224,1.422349452972412,1.8194890022277832,2.100656032562256,0.9992327690124512,0.0013437398010864854,0.9919569492340088,0.993961751461029,0.9963073134422302,0.9998188614845276,0.9999996423721313,1.0,1.0,0.9992327690124512,0.0013437398010864854,0.9919569492340088,0.993961751461029,0.9963073134422302,0.9998188614845276,0.9999996423721313,1.0,1.0,0.0007672288338653743,0.0013437398010864854,0.0,0.0,3.5762786865234375e-07,0.0001811385154724121,0.00369267538189888,0.006038276478648186,0.008043050765991211,0.0007672288338653743,0.0013437398010864854,0.0,0.0,3.5762786865234375e-07,0.0001811385154724121,0.00369267538189888,0.006038276478648186,0.008043050765991211
SC-INR-NoSinc,bsd100,101085.png,x4,x4,tanh_signed,2.1,False,0.39836347103118896,0.015389404259622097,0.0,0.0,0.15171509981155396,0.44496265053749084,-0.8790369629859924,-0.4754551649093628,-0.2585787773132324,0.01657608523964882,1.0442380905151367,2.0772974491119385,2.096503973007202,0.15761879086494446,0.4154108464717865,-1.322172999382019,-0.40550968050956726,-0.26625457406044006,0.023250767961144447,1.0013277530670166,2.089217185974121,2.0984067916870117,0.40199902653694153,0.5067700147628784,0.000973029644228518,0.007046481594443321,0.017580216750502586,0.24467411637306213,1.3238050937652588,2.5636954307556152,2.702030897140503,0.9615980386734009,0.09387742727994919,0.4404509663581848,0.47979965806007385,0.8293235301971436,0.9938569068908691,0.9999682307243347,0.9999948740005493,0.9999999403953552,1.0,0.0,1.0,1.0,1.0,1.0,1.0,1.0,1.0,0.03840193152427673,0.09387742727994919,5.960464477539063e-08,5.125999450683594e-06,3.1766296160640195e-05,0.006143093109130859,0.1706763505935669,0.5202004909515381,0.5595490336418152,0.0,0.0,0.0,0.0,0.0,0.0,0.0,0.0,0.0
SC-INR-NoSinc,bsd100,101085.png,x4,x8,tanh_signed,2.1,False,0.39836347103118896,0.015389404259622097,0.0,0.0,0.15171509981155396,0.44496265053749084,-0.8790369629859924,-0.4754551649093628,-0.2585787773132324,0.01657608523964882,1.0442380905151367,2.0772974491119385,2.096503973007202,0.15761879086494446,0.4154108464717865,-1.322172999382019,-0.40550968050956726,-0.26625457406044006,0.023250767961144447,1.0013277530670166,2.089217185974121,2.0984067916870117,0.40199902653694153,0.5067700147628784,0.000973029644228518,0.007046481594443321,0.017580216750502586,0.24467411637306213,1.3238050937652588,2.5636954307556152,2.702030897140503,0.989556610584259,0.02705027163028717,0.8257664442062378,0.8418757915496826,0.9555628895759583,0.9984620213508606,0.9999920725822449,0.9999987483024597,1.0,1.0,0.0,1.0,1.0,1.0,1.0,1.0,1.0,1.0,0.010443368926644325,0.02705027163028717,0.0,1.2630225683096796e-06,7.927417755126953e-06,0.0015379786491394043,0.044437114149332047,0.15812423825263977,0.1742335557937622,0.0,0.0,0.0,0.0,0.0,0.0,0.0,0.0,0.0
SC-INR-NoSinc,bsd100,101085.png,x4,x16,tanh_signed,2.1,False,0.39836347103118896,0.015389404259622097,0.0,0.0,0.15171509981155396,0.44496265053749084,-0.8790369629859924,-0.4754551649093628,-0.2585787773132324,0.01657608523964882,1.0442380905151367,2.0772974491119385,2.096503973007202,0.15761879086494446,0.4154108464717865,-1.322172999382019,-0.40550968050956726,-0.26625457406044006,0.023250767961144447,1.0013277530670166,2.089217185974121,2.0984067916870117,0.40199902653694153,0.5067700147628784,0.000973029644228518,0.007046481594443321,0.017580216750502586,0.24467411637306213,1.3238050937652588,2.5636954307556152,2.702030897140503,0.9973312616348267,0.00701616145670414,0.9539512991905212,0.9584617018699646,0.9887775778770447,0.9996153116226196,0.9999980330467224,0.9999997019767761,1.0,1.0,0.0,1.0,1.0,1.0,1.0,1.0,1.0,1.0,0.002668754430487752,0.00701616145670414,0.0,2.980232238769531e-07,1.9669532775878906e-06,0.0003846585750579834,0.011222445406019688,0.041538313031196594,0.04604870080947876,0.0,0.0,0.0,0.0,0.0,0.0,0.0,0.0,0.0
SC-INR-NoSinc,bsd100,101085.png,x4,x30,tanh_signed,2.1,False,0.39836347103118896,0.015389404259622097,0.0,0.0,0.15171509981155396,0.44496265053749084,-0.8790369629859924,-0.4754551649093628,-0.2585787773132324,0.01657608523964882,1.0442380905151367,2.0772974491119385,2.096503973007202,0.15761879086494446,0.4154108464717865,-1.322172999382019,-0.40550968050956726,-0.26625457406044006,0.023250767961144447,1.0013277530670166,2.089217185974121,2.0984067916870117,0.40199902653694153,0.5067700147628784,0.000973029644228518,0.007046481594443321,0.017580216750502586,0.24467411637306213,1.3238050937652588,2.5636954307556152,2.702030897140503,0.9992368817329407,0.0020134637597948313,0.9867263436317444,0.9880438446998596,0.9968001246452332,0.9998905658721924,0.999999463558197,0.9999999403953552,1.0,1.0,0.0,1.0,1.0,1.0,1.0,1.0,1.0,1.0,0.000763135845772922,0.0020134637597948313,0.0,5.960464477539063e-08,5.364418029785156e-07,0.00010940432548522949,0.003199891420081258,0.011956186033785343,0.013273656368255615,0.0,0.0,0.0,0.0,0.0,0.0,0.0,0.0,0.0
SC-INR-NoSinc,bsd100,101087.png,x4,x4,tanh_signed,2.1,False,0.3907698690891266,0.014462484046816826,0.0,0.0,0.1524326652288437,0.44241124391555786,-1.182955026626587,-0.4843321442604065,-0.26242488622665405,0.010407082736492157,1.0459704399108887,2.0555853843688965,2.092061996459961,0.15806353092193604,0.4080915153026581,-1.0596764087677002,-0.38359466195106506,-0.26029670238494873,0.015214803628623486,0.9721746444702148,2.076724052429199,2.098106622695923,0.3924160301685333,0.5064541697502136,4.842875569011085e-05,0.003020326606929302,0.008703947998583317,0.24075335264205933,1.313401699066162,2.470712661743164,2.7173221111297607,0.962142288684845,0.09178649634122849,0.4366753101348877,0.5065288543701172,0.8318568468093872,0.9940530061721802,0.9999922513961792,0.9999990463256836,1.0,1.0,0.0,1.0,1.0,1.0,1.0,1.0,1.0,1.0,0.03785766288638115,0.09178649634122849,0.0,9.5367431640625e-07,7.748603820800781e-06,0.005946993827819824,0.16814300417900085,0.4934711754322052,0.5633246898651123,0.0,0.0,0.0,0.0,0.0,0.0,0.0,0.0,0.0
SC-INR-NoSinc,bsd100,101087.png,x4,x8,tanh_signed,2.1,False,0.3907698690891266,0.014462484046816826,0.0,0.0,0.1524326652288437,0.44241124391555786,-1.182955026626587,-0.4843321442604065,-0.26242488622665405,0.010407082736492157,1.0459704399108887,2.0555853843688965,2.092061996459961,0.15806353092193604,0.4080915153026581,-1.0596764087677002,-0.38359466195106506,-0.26029670238494873,0.015214803628623486,0.9721746444702148,2.076724052429199,2.098106622695923,0.3924160301685333,0.5064541697502136,4.842875569011085e-05,0.003020326606929302,0.008703947998583317,0.24075335264205933,1.313401699066162,2.470712661743164,2.7173221111297607,0.9897410869598389,0.026270698755979538,0.8239944577217102,0.8523359298706055,0.956249475479126,0.9985109567642212,0.9999980926513672,0.9999997615814209,1.0,1.0,0.0,1.0,1.0,1.0,1.0,1.0,1.0,1.0,0.010258912108838558,0.026270698755979538,0.0,2.384185791015625e-07,1.9073486328125e-06,0.001489013433456421,0.043750498443841934,0.1476641148328781,0.1760055422782898,0.0,0.0,0.0,0.0,0.0,0.0,0.0,0.0,0.0
SC-INR-NoSinc,bsd100,101087.png,x4,x16,tanh_signed,2.1,False,0.3907698690891266,0.014462484046816826,0.0,0.0,0.1524326652288437,0.44241124391555786,-1.182955026626587,-0.4843321442604065,-0.26242488622665405,0.010407082736492157,1.0459704399108887,2.0555853843688965,2.092061996459961,0.15806353092193604,0.4080915153026581,-1.0596764087677002,-0.38359466195106506,-0.26029670238494873,0.015214803628623486,0.9721746444702148,2.076724052429199,2.098106622695923,0.3924160301685333,0.5064541697502136,4.842875569011085e-05,0.003020326606929302,0.008703947998583317,0.24075335264205933,1.313401699066162,2.470712661743164,2.7173221111297607,0.9973809123039246,0.006801598705351353,0.9534422755241394,0.9613682627677917,0.9889525771141052,0.9996275901794434,0.9999995231628418,0.9999999403953552,1.0,1.0,0.0,1.0,1.0,1.0,1.0,1.0,1.0,1.0,0.002619039034470916,0.006801598705351353,0.0,5.960464477539063e-08,4.76837158203125e-07,0.0003724098205566406,0.0110474219545722,0.038631729781627655,0.046557724475860596,0.0,0.0,0.0,0.0,0.0,0.0,0.0,0.0,0.0
SC-INR-NoSinc,bsd100,101087.png,x4,x30,tanh_signed,2.1,False,0.3907698690891266,0.014462484046816826,0.0,0.0,0.1524326652288437,0.44241124391555786,-1.182955026626587,-0.4843321442604065,-0.26242488622665405,0.010407082736492157,1.0459704399108887,2.0555853843688965,2.092061996459961,0.15806353092193604,0.4080915153026581,-1.0596764087677002,-0.38359466195106506,-0.26029670238494873,0.015214803628623486,0.9721746444702148,2.076724052429199,2.098106622695923,0.3924160301685333,0.5064541697502136,4.842875569011085e-05,0.003020326606929302,0.008703947998583317,0.24075335264205933,1.313401699066162,2.470712661743164,2.7173221111297607,0.9992512464523315,0.001951028942130506,0.9865768551826477,0.9888913035392761,0.9968501925468445,0.9998940825462341,0.9999998807907104,1.0,1.0,1.0,0.0,1.0,1.0,1.0,1.0,1.0,1.0,1.0,0.0007487381808459759,0.001951028942130506,0.0,0.0,1.1920928955078125e-07,0.00010591745376586914,0.0031498074531555176,0.011108717881143093,0.013423144817352295,0.0,0.0,0.0,0.0,0.0,0.0,0.0,0.0,0.0
SC-INR-NoSinc,bsd100,102061.png,x4,x4,tanh_signed,2.1,False,0.39279013872146606,0.013983968645334244,0.0,0.0,0.15100674331188202,0.43938758969306946,-0.925701379776001,-0.46985575556755066,-0.2656785547733307,0.012333502992987633,1.036604404449463,2.0492491722106934,2.0906097888946533,0.15704019367694855,0.40928229689598083,-1.0435422658920288,-0.3850294053554535,-0.2532644271850586,0.01563800498843193,0.9857766628265381,2.0683977603912354,2.0988876819610596,0.3905946612358093,0.5054442286491394,0.0001716640399536118,0.003957993350923061,0.010089613497257233,0.24069052934646606,1.3182063102722168,2.4994089603424072,2.697929859161377,0.9623951315879822,0.0917157530784607,0.44226956367492676,0.4986407458782196,0.8306865692138672,0.9940549731254578,0.9999895691871643,0.9999984502792358,1.0,1.0,0.0,1.0,1.0,1.0,1.0,1.0,1.0,1.0,0.03760479390621185,0.0917157530784607,0.0,1.5497207641601562e-06,1.043081283569336e-05,0.005945026874542236,0.16931311786174774,0.5013592839241028,0.5577304363250732,0.0,0.0,0.0,0.0,0.0,0.0,0.0,0.0,0.0
SC-INR-NoSinc,bsd100,102061.png,x4,x8,tanh_signed,2.1,False,0.39279013872146606,0.013983968645334244,0.0,0.0,0.15100674331188202,0.43938758969306946,-0.925701379776001,-0.46985575556755066,-0.2656785547733307,0.012333502992987633,1.036604404449463,2.0492491722106934,2.0906097888946533,0.15704019367694855,0.40928229689598083,-1.0435422658920288,-0.3850294053554535,-0.2532644271850586,0.01563800498843193,0.9857766628265381,2.0683977603912354,2.0988876819610596,0.3905946612358093,0.5054442286491394,0.0001716640399536118,0.003957993350923061,0.010089613497257233,0.24069052934646606,1.3182063102722168,2.4994089603424072,2.697929859161377,0.989804208278656,0.026269586756825447,0.8263046741485596,0.8491771221160889,0.9559328556060791,0.9985116720199585,0.9999973773956299,0.9999996423721313,1.0,1.0,0.0,1.0,1.0,1.0,1.0,1.0,1.0,1.0,0.010195734910666943,0.026269586756825447,0.0,3.5762786865234375e-07,2.6226043701171875e-06,0.001488327980041504,0.044067058712244034,0.1508229374885559,0.17369532585144043,0.0,0.0,0.0,0.0,0.0,0.0,0.0,0.0,0.0
SC-INR-NoSinc,bsd100,102061.png,x4,x16,tanh_signed,2.1,False,0.39279013872146606,0.013983968645334244,0.0,0.0,0.15100674331188202,0.43938758969306946,-0.925701379776001,-0.46985575556755066,-0.2656785547733307,0.012333502992987633,1.036604404449463,2.0492491722106934,2.0906097888946533,0.15704019367694855,0.40928229689598083,-1.0435422658920288,-0.3850294053554535,-0.2532644271850586,0.01563800498843193,0.9857766628265381,2.0683977603912354,2.0988876819610596,0.3905946612358093,0.5054442286491394,0.0001716640399536118,0.003957993350923061,0.010089613497257233,0.24069052934646606,1.3182063102722168,2.4994089603424072,2.697929859161377,0.9973967671394348,0.00680267671123147,0.9540916085243225,0.9604839086532593,0.9888718724250793,0.9996278285980225,0.9999993443489075,0.9999999403953552,1.0,1.0,0.0,1.0,1.0,1.0,1.0,1.0,1.0,1.0,0.002603289671242237,0.00680267671123147,0.0,5.960464477539063e-08,6.556510925292969e-07,0.00037214159965515137,0.011128096841275692,0.03951608017086983,0.04590839147567749,0.0,0.0,0.0,0.0,0.0,0.0,0.0,0.0,0.0
SC-INR-NoSinc,bsd100,102061.png,x4,x30,tanh_signed,2.1,False,0.39279013872146606,0.013983968645334244,0.0,0.0,0.15100674331188202,0.43938758969306946,-0.925701379776001,-0.46985575556755066,-0.2656785547733307,0.012333502992987633,1.036604404449463,2.0492491722106934,2.0906097888946533,0.15704019367694855,0.40928229689598083,-1.0435422658920288,-0.3850294053554535,-0.2532644271850586,0.01563800498843193,0.9857766628265381,2.0683977603912354,2.0988876819610596,0.3905946612358093,0.5054442286491394,0.0001716640399536118,0.003957993350923061,0.010089613497257233,0.24069052934646606,1.3182063102722168,2.4994089603424072,2.697929859161377,0.9992557764053345,0.0019514331361278892,0.9867666363716125,0.9886327385902405,0.9968270063400269,0.9998941421508789,0.9999998211860657,1.0,1.0,1.0,0.0,1.0,1.0,1.0,1.0,1.0,1.0,1.0,0.0007442631176672876,0.0019514331361278892,0.0,0.0,1.7881393432617188e-07,0.00010585784912109375,0.0031729605980217457,0.011367281898856163,0.013233363628387451,0.0,0.0,0.0,0.0,0.0,0.0,0.0,0.0,0.0
SC-INR-NoSinc,bsd100,103070.png,x4,x4,tanh_signed,2.1,False,0.3883833885192871,0.015417073853313923,0.0,0.0,0.15260463953018188,0.44403013586997986,-0.8379138112068176,-0.4803979694843292,-0.2563426196575165,0.015742935240268707,1.059607982635498,2.076293468475342,2.092043399810791,0.15577025711536407,0.40717166662216187,-1.0598042011260986,-0.3345358073711395,-0.24231243133544922,0.018979955464601517,1.0177937746047974,2.078242063522339,2.0975472927093506,0.3885210156440735,0.5094658732414246,0.0001635116059333086,0.0059237708337605,0.0139700872823596,0.23074835538864136,1.336728811264038,2.5443108081817627,2.6414740085601807,0.9623057842254639,0.09339988976716995,0.45827171206474304,0.48489925265312195,0.8261628150939941,0.9945374727249146,0.9999799728393555,0.9999964237213135,1.0,1.0,0.0,1.0,1.0,1.0,1.0,1.0,1.0,1.0,0.03769426792860031,0.09339988976716995,0.0,3.5762786865234375e-06,2.002716064453125e-05,0.005462557077407837,0.1738370656967163,0.5151007771492004,0.5417282581329346,0.0,0.0,0.0,0.0,0.0,0.0,0.0,0.0,0.0
SC-INR-NoSinc,bsd100,103070.png,x4,x8,tanh_signed,2.1,False,0.3883833885192871,0.015417073853313923,0.0,0.0,0.15260463953018188,0.44403013586997986,-0.8379138112068176,-0.4803979694843292,-0.2563426196575165,0.015742935240268707,1.059607982635498,2.076293468475342,2.092043399810791,0.15577025711536407,0.40717166662216187,-1.0598042011260986,-0.3345358073711395,-0.24231243133544922,0.018979955464601517,1.0177937746047974,2.078242063522339,2.0975472927093506,0.3885210156440735,0.5094658732414246,0.0001635116059333086,0.0059237708337605,0.0139700872823596,0.23074835538864136,1.336728811264038,2.5443108081817627,2.6414740085601807,0.9897524118423462,0.026821723207831383,0.8329359292984009,0.8440229296684265,0.954703152179718,0.9986321926116943,0.9999949932098389,0.9999991059303284,1.0,1.0,0.0,1.0,1.0,1.0,1.0,1.0,1.0,1.0,0.01024762075394392,0.026821723207831383,0.0,8.940696716308594e-07,5.0067901611328125e-06,0.001367807388305664,0.04529682919383049,0.15597708523273468,0.16706407070159912,0.0,0.0,0.0,0.0,0.0,0.0,0.0,0.0,0.0
SC-INR-NoSinc,bsd100,103070.png,x4,x16,tanh_signed,2.1,False,0.3883833885192871,0.015417073853313923,0.0,0.0,0.15260463953018188,0.44403013586997986,-0.8379138112068176,-0.4803979694843292,-0.2563426196575165,0.015742935240268707,1.059607982635498,2.076293468475342,2.092043399810791,0.15577025711536407,0.40717166662216187,-1.0598042011260986,-0.3345358073711395,-0.24231243133544922,0.018979955464601517,1.0177937746047974,2.078242063522339,2.0975472927093506,0.3885210156440735,0.5094658732414246,0.0001635116059333086,0.0059237708337605,0.0139700872823596,0.23074835538864136,1.336728811264038,2.5443108081817627,2.6414740085601807,0.9973816275596619,0.006950549315661192,0.9559555649757385,0.9590715765953064,0.9885579347610474,0.9996578693389893,0.9999987483024597,0.9999997615814209,1.0,1.0,0.0,1.0,1.0,1.0,1.0,1.0,1.0,1.0,0.002618395257741213,0.006950549315661192,0.0,2.384185791015625e-07,1.2516975402832031e-06,0.0003421306610107422,0.011442041024565697,0.040928397327661514,0.044044435024261475,0.0,0.0,0.0,0.0,0.0,0.0,0.0,0.0,0.0
SC-INR-NoSinc,bsd100,103070.png,x4,x30,tanh_signed,2.1,False,0.3883833885192871,0.015417073853313923,0.0,0.0,0.15260463953018188,0.44403013586997986,-0.8379138112068176,-0.4803979694843292,-0.2563426196575165,0.015742935240268707,1.059607982635498,2.076293468475342,2.092043399810791,0.15577025711536407,0.40717166662216187,-1.0598042011260986,-0.3345358073711395,-0.24231243133544922,0.018979955464601517,1.0177937746047974,2.078242063522339,2.0975472927093506,0.3885210156440735,0.5094658732414246,0.0001635116059333086,0.0059237708337605,0.0139700872823596,0.23074835538864136,1.336728811264038,2.5443108081817627,2.6414740085601807,0.9992512464523315,0.0019941935315728188,0.987311601638794,0.9882227182388306,0.9967373609542847,0.9999026656150818,0.9999996423721313,0.9999999403953552,1.0,1.0,0.0,1.0,1.0,1.0,1.0,1.0,1.0,1.0,0.0007487093098461628,0.0019941935315728188,0.0,5.960464477539063e-08,3.5762786865234375e-07,9.733438491821289e-05,0.003262636251747608,0.011777275241911411,0.012688398361206055,0.0,0.0,0.0,0.0,0.0,0.0,0.0,0.0,0.0
SC-INR-NoSinc,bsd100,105025.png,x4,x4,tanh_signed,2.1,False,0.39254680275917053,0.01546549517661333,0.0,0.0,0.15406827628612518,0.4507143795490265,-0.7813329696655273,-0.4886105954647064,-0.29255685210227966,0.014094876125454903,1.0633496046066284,2.0827689170837402,2.098118305206299,0.15724962949752808,0.4085262715816498,-0.8852746486663818,-0.3569437563419342,-0.24536170065402985,0.02106524631381035,0.979209303855896,2.0883543491363525,2.098452091217041,0.39927980303764343,0.5089963674545288,0.0001499842619523406,0.004233232233673334,0.013078524731099606,0.24724745750427246,1.331687331199646,2.5444698333740234,2.665736436843872,0.9615384936332703,0.09372595697641373,0.4504221975803375,0.48477044701576233,0.8274405598640442,0.993728518486023,0.9999824166297913,0.999998152256012,1.0,1.0,0.0,1.0,1.0,1.0,1.0,1.0,1.0,1.0,0.03846151754260063,0.09372595697641373,0.0,1.8477439880371094e-06,1.7580390704097226e-05,0.006271481513977051,0.17255941033363342,0.5152297019958496,0.5495778322219849,0.0,0.0,0.0,0.0,0.0,0.0,0.0,0.0,0.0
SC-INR-NoSinc,bsd100,105025.png,x4,x8,tanh_signed,2.1,False,0.39254680275917053,0.01546549517661333,0.0,0.0,0.15406827628612518,0.4507143795490265,-0.7813329696655273,-0.4886105954647064,-0.29255685210227966,0.014094876125454903,1.0633496046066284,2.0827689170837402,2.098118305206299,0.15724962949752808,0.4085262715816498,-0.8852746486663818,-0.3569437563419342,-0.24536170065402985,0.02106524631381035,0.979209303855896,2.0883543491363525,2.098452091217041,0.39927980303764343,0.5089963674545288,0.0001499842619523406,0.004233232233673334,0.013078524731099606,0.24724745750427246,1.331687331199646,2.5444698333740234,2.665736436843872,0.9895505905151367,0.026934092864394188,0.8300220966339111,0.8440097570419312,0.9550420641899109,0.9984296560287476,0.9999955892562866,0.9999995231628418,1.0,1.0,0.0,1.0,1.0,1.0,1.0,1.0,1.0,1.0,0.010449443943798542,0.026934092864394188,0.0,4.76837158203125e-07,4.410743713378906e-06,0.001570373773574829,0.044957928359508514,0.15599025785923004,0.16997790336608887,0.0,0.0,0.0,0.0,0.0,0.0,0.0,0.0,0.0
SC-INR-NoSinc,bsd100,105025.png,x4,x16,tanh_signed,2.1,False,0.39254680275917053,0.01546549517661333,0.0,0.0,0.15406827628612518,0.4507143795490265,-0.7813329696655273,-0.4886105954647064,-0.29255685210227966,0.014094876125454903,1.0633496046066284,2.0827689170837402,2.098118305206299,0.15724962949752808,0.4085262715816498,-0.8852746486663818,-0.3569437563419342,-0.24536170065402985,0.02106524631381035,0.979209303855896,2.0883543491363525,2.098452091217041,0.39927980303764343,0.5089963674545288,0.0001499842619523406,0.004233232233673334,0.013078524731099606,0.24724745750427246,1.331687331199646,2.5444698333740234,2.665736436843872,0.9973304867744446,0.006980897858738899,0.9551539421081543,0.959067702293396,0.988644003868103,0.9996072053909302,0.999998927116394,0.9999998807907104,1.0,1.0,0.0,1.0,1.0,1.0,1.0,1.0,1.0,1.0,0.0026695465203374624,0.006980897858738899,0.0,1.1920928955078125e-07,1.0728836059570312e-06,0.0003927648067474365,0.01135600171983242,0.04093227535486221,0.0448460578918457,0.0,0.0,0.0,0.0,0.0,0.0,0.0,0.0,0.0
SC-INR-NoSinc,bsd100,105025.png,x4,x30,tanh_signed,2.1,False,0.39254680275917053,0.01546549517661333,0.0,0.0,0.15406827628612518,0.4507143795490265,-0.7813329696655273,-0.4886105954647064,-0.29255685210227966,0.014094876125454903,1.0633496046066284,2.0827689170837402,2.098118305206299,0.15724962949752808,0.4085262715816498,-0.8852746486663818,-0.3569437563419342,-0.24536170065402985,0.02106524631381035,0.979209303855896,2.0883543491363525,2.098452091217041,0.39927980303764343,0.5089963674545288,0.0001499842619523406,0.004233232233673334,0.013078524731099606,0.24724745750427246,1.331687331199646,2.5444698333740234,2.665736436843872,0.9992367029190063,0.0020029854495078325,0.9870784282684326,0.988221287727356,0.9967619180679321,0.9998883008956909,0.9999997019767761,1.0,1.0,1.0,0.0,1.0,1.0,1.0,1.0,1.0,1.0,1.0,0.0007633079076185822,0.0020029854495078325,0.0,0.0,2.980232238769531e-07,0.00011172890663146973,0.0032380877528339624,0.011778725311160088,0.012921571731567383,0.0,0.0,0.0,0.0,0.0,0.0,0.0,0.0,0.0
SC-INR-NoSinc,urban100,img_001.png,x4,x4,tanh_signed,2.1,False,0.40089890360832214,0.011896642856299877,0.0,0.0,0.426417738199234,0.5585558414459229,-0.4583173394203186,-0.18573567271232605,-0.08153051137924194,0.21268299221992493,1.9733222723007202,2.0342555046081543,2.087916135787964,-0.0565967783331871,0.15661393105983734,-0.871940016746521,-0.561516284942627,-0.3908427655696869,-0.01367947831749916,0.13608318567276,0.24744802713394165,0.5488137006759644,0.49551886320114136,0.52536541223526,0.00010741985170170665,0.004718720447272062,0.013706639409065247,0.3359181880950928,1.9734978675842285,2.0350966453552246,2.088046073913574,0.9500943422317505,0.08928995579481125,0.6083264946937561,0.6254528164863586,0.6450327634811401,0.9884461164474487,0.9999806880950928,0.9999977350234985,1.0,1.0,0.0,1.0,1.0,1.0,1.0,1.0,1.0,1.0,0.049905646592378616,0.08928995579481125,0.0,2.2649765014648438e-06,1.9311904907226562e-05,0.011553913354873657,0.35496723651885986,0.37454715371131897,0.3916735053062439,0.0,0.0,0.0,0.0,0.0,0.0,0.0,0.0,0.0
SC-INR-NoSinc,urban100,img_001.png,x4,x8,tanh_signed,2.1,False,0.40089890360832214,0.011896642856299877,0.0,0.0,0.426417738199234,0.5585558414459229,-0.4583173394203186,-0.18573567271232605,-0.08153051137924194,0.21268299221992493,1.9733222723007202,2.0342555046081543,2.087916135787964,-0.0565967783331871,0.15661393105983734,-0.871940016746521,-0.561516284942627,-0.3908427655696869,-0.01367947831749916,0.13608318567276,0.24744802713394165,0.5488137006759644,0.49551886320114136,0.52536541223526,0.00010741985170170665,0.004718720447272062,0.013706639409065247,0.3359181880950928,1.9734978675842285,2.0350966453552246,2.088046073913574,0.9868361353874207,0.024349454790353775,0.8916485905647278,0.8969027996063232,0.902862012386322,0.9971025586128235,0.9999951720237732,0.999999463558197,1.0,1.0,0.0,1.0,1.0,1.0,1.0,1.0,1.0,1.0,0.013163835741579533,0.024349454790353775,0.0,5.364418029785156e-07,4.827976226806641e-06,0.0028974413871765137,0.09713799506425858,0.10309717059135437,0.10835140943527222,0.0,0.0,0.0,0.0,0.0,0.0,0.0,0.0,0.0
SC-INR-NoSinc,urban100,img_001.png,x4,x16,tanh_signed,2.1,False,0.40089890360832214,0.011896642856299877,0.0,0.0,0.426417738199234,0.5585558414459229,-0.4583173394203186,-0.18573567271232605,-0.08153051137924194,0.21268299221992493,1.9733222723007202,2.0342555046081543,2.087916135787964,-0.0565967783331871,0.15661393105983734,-0.871940016746521,-0.561516284942627,-0.3908427655696869,-0.01367947831749916,0.13608318567276,0.24744802713394165,0.5488137006759644,0.49551886320114136,0.52536541223526,0.00010741985170170665,0.004718720447272062,0.013706639409065247,0.3359181880950928,1.9734978675842285,2.0350966453552246,2.088046073913574,0.9966639280319214,0.006221828982234001,0.972219705581665,0.9735996723175049,0.9751617908477783,0.9992750883102417,0.9999988079071045,0.9999998807907104,1.0,1.0,0.0,1.0,1.0,1.0,1.0,1.0,1.0,1.0,0.0033360084053128958,0.006221828982234001,0.0,1.1920928955078125e-07,1.1920928955078125e-06,0.0007248818874359131,0.024838190525770187,0.026400301605463028,0.02778029441833496,0.0,0.0,0.0,0.0,0.0,0.0,0.0,0.0,0.0
SC-INR-NoSinc,urban100,img_001.png,x4,x30,tanh_signed,2.1,False,0.40089890360832214,0.011896642856299877,0.0,0.0,0.426417738199234,0.5585558414459229,-0.4583173394203186,-0.18573567271232605,-0.08153051137924194,0.21268299221992493,1.9733222723007202,2.0342555046081543,2.087916135787964,-0.0565967783331871,0.15661393105983734,-0.871940016746521,-0.561516284942627,-0.3908427655696869,-0.01367947831749916,0.13608318567276,0.24744802713394165,0.5488137006759644,0.49551886320114136,0.52536541223526,0.00010741985170170665,0.004718720447272062,0.013706639409065247,0.3359181880950928,1.9734978675842285,2.0350966453552246,2.088046073913574,0.9990480542182922,0.0017790233250707388,0.9920504093170166,0.992447555065155,0.9928968548774719,0.9997937679290771,0.9999996423721313,1.0,1.0,1.0,0.0,1.0,1.0,1.0,1.0,1.0,1.0,1.0,0.000952001370023936,0.0017790233250707388,0.0,0.0,3.5762786865234375e-07,0.00020623207092285156,0.00710316002368927,0.007552456110715866,0.007949590682983398,0.0,0.0,0.0,0.0,0.0,0.0,0.0,0.0,0.0
SC-INR-NoSinc,urban100,img_002.png,x4,x4,tanh_signed,2.1,False,0.39306744933128357,0.01431640051305294,0.0,0.0,0.07399018108844757,0.40154004096984863,-1.3565481901168823,-0.8972607851028442,-0.3945252001285553,0.011121713556349277,0.8814500570297241,2.0336520671844482,2.09173583984375,0.17932531237602234,0.4068549573421478,-0.8751450181007385,-0.38975948095321655,-0.24525997042655945,0.05755972862243652,0.9656053185462952,2.070312261581421,2.0977425575256348,0.4010929763317108,0.45113405585289,0.0008137974655255675,0.009107484482228756,0.023147916421294212,0.2751425504684448,1.2431994676589966,2.093782901763916,2.7317771911621094,0.9656996726989746,0.0795789510011673,0.4323364496231079,0.6064778566360474,0.8485264778137207,0.9922397136688232,0.9999448657035828,0.9999914765357971,0.9999999403953552,1.0,0.0,1.0,1.0,1.0,1.0,1.0,1.0,1.0,0.03430022671818733,0.0795789510011673,5.960464477539063e-08,8.506774975103326e-06,5.5110456742113456e-05,0.007760286331176758,0.1514734923839569,0.39352214336395264,0.5676635503768921,0.0,0.0,0.0,0.0,0.0,0.0,0.0,0.0,0.0
SC-INR-NoSinc,urban100,img_002.png,x4,x8,tanh_signed,2.1,False,0.39306744933128357,0.01431640051305294,0.0,0.0,0.07399018108844757,0.40154004096984863,-1.3565481901168823,-0.8972607851028442,-0.3945252001285553,0.011121713556349277,0.8814500570297241,2.0336520671844482,2.09173583984375,0.17932531237602234,0.4068549573421478,-0.8751450181007385,-0.38975948095321655,-0.24525997042655945,0.05755972862243652,0.9656053185462952,2.070312261581421,2.0977425575256348,0.4010929763317108,0.45113405585289,0.0008137974655255675,0.009107484482228756,0.023147916421294212,0.2751425504684448,1.2431994676589966,2.093782901763916,2.7317771911621094,0.990845263004303,0.022538339719176292,0.8222506046295166,0.8910737633705139,0.9607471823692322,0.9980554580688477,0.9999862313270569,0.9999978542327881,1.0,1.0,0.0,1.0,1.0,1.0,1.0,1.0,1.0,1.0,0.009154771454632282,0.022538339719176292,0.0,2.1457672119140625e-06,1.3768672943115234e-05,0.0019445419311523438,0.039252810180187225,0.10892623662948608,0.1777493953704834,0.0,0.0,0.0,0.0,0.0,0.0,0.0,0.0,0.0
SC-INR-NoSinc,urban100,img_002.png,x4,x16,tanh_signed,2.1,False,0.39306744933128357,0.01431640051305294,0.0,0.0,0.07399018108844757,0.40154004096984863,-1.3565481901168823,-0.8972607851028442,-0.3945252001285553,0.011121713556349277,0.8814500570297241,2.0336520671844482,2.09173583984375,0.17932531237602234,0.4068549573421478,-0.8751450181007385,-0.38975948095321655,-0.24525997042655945,0.05755972862243652,0.9656053185462952,2.070312261581421,2.0977425575256348,0.4010929763317108,0.45113405585289,0.0008137974655255675,0.009107484482228756,0.023147916421294212,0.2751425504684448,1.2431994676589966,2.093782901763916,2.7317771911621094,0.9976719617843628,0.005821221508085728,0.9529544115066528,0.9720682501792908,0.9900985956192017,0.9995136857032776,0.999996542930603,0.999999463558197,1.0,1.0,0.0,1.0,1.0,1.0,1.0,1.0,1.0,1.0,0.002328034257516265,0.005821221508085728,0.0,5.364418029785156e-07,3.4570693969726562e-06,0.0004863142967224121,0.009901393204927444,0.027931757271289825,0.04704558849334717,0.0,0.0,0.0,0.0,0.0,0.0,0.0,0.0,0.0
SC-INR-NoSinc,urban100,img_002.png,x4,x30,tanh_signed,2.1,False,0.39306744933128357,0.01431640051305294,0.0,0.0,0.07399018108844757,0.40154004096984863,-1.3565481901168823,-0.8972607851028442,-0.3945252001285553,0.011121713556349277,0.8814500570297241,2.0336520671844482,2.09173583984375,0.17932531237602234,0.4068549573421478,-0.8751450181007385,-0.38975948095321655,-0.24525997042655945,0.05755972862243652,0.9656053185462952,2.070312261581421,2.0977425575256348,0.4010929763317108,0.45113405585289,0.0008137974655255675,0.009107484482228756,0.023147916421294212,0.2751425504684448,1.2431994676589966,2.093782901763916,2.7317771911621094,0.9993350505828857,0.001668873825110495,0.9864343404769897,0.9920067191123962,0.9971775412559509,0.9998616576194763,0.9999990463256836,0.9999998807907104,1.0,1.0,0.0,1.0,1.0,1.0,1.0,1.0,1.0,1.0,0.0006649214192293584,0.001668873825110495,0.0,1.1920928955078125e-07,9.5367431640625e-07,0.00013834238052368164,0.0028224471025168896,0.00799325481057167,0.013565659523010254,0.0,0.0,0.0,0.0,0.0,0.0,0.0,0.0,0.0
SC-INR-NoSinc,urban100,img_003.png,x4,x4,tanh_signed,2.1,False,0.4053003787994385,0.010808339342474937,0.0,0.0,0.06098350137472153,0.40630531311035156,-1.5028074979782104,-0.8732923269271851,-0.44109484553337097,0.0053097521886229515,0.8700633645057678,1.9851281642913818,2.0834555625915527,0.17368555068969727,0.39676499366760254,-1.1918084621429443,-0.3872118294239044,-0.2141849547624588,0.05345448479056358,0.9594294428825378,2.0527663230895996,2.0977189540863037,0.4003686308860779,0.4428284764289856,0.0002916080702561885,0.009571625851094723,0.02581452578306198,0.27638041973114014,1.2370719909667969,2.094136953353882,2.693079948425293,0.966289758682251,0.07727445662021637,0.4429621994495392,0.6064954400062561,0.8499484658241272,0.9921665191650391,0.9999315142631531,0.9999905824661255,1.0,1.0,0.0,1.0,1.0,1.0,1.0,1.0,1.0,1.0,0.033710259944200516,0.07727445662021637,0.0,9.397267604072113e-06,6.848573684692383e-05,0.007833480834960938,0.15005150437355042,0.3935045599937439,0.5570378303527832,0.0,0.0,0.0,0.0,0.0,0.0,0.0,0.0,0.0
SC-INR-NoSinc,urban100,img_003.png,x4,x8,tanh_signed,2.1,False,0.4053003787994385,0.010808339342474937,0.0,0.0,0.06098350137472153,0.40630531311035156,-1.5028074979782104,-0.8732923269271851,-0.44109484553337097,0.0053097521886229515,0.8700633645057678,1.9851281642913818,2.0834555625915527,0.17368555068969727,0.39676499366760254,-1.1918084621429443,-0.3872118294239044,-0.2141849547624588,0.05345448479056358,0.9594294428825378,2.0527663230895996,2.0977189540863037,0.4003686308860779,0.4428284764289856,0.0002916080702561885,0.009571625851094723,0.02581452578306198,0.27638041973114014,1.2370719909667969,2.094136953353882,2.693079948425293,0.9910346269607544,0.02172096259891987,0.8268241882324219,0.891036868095398,0.9611296653747559,0.9980378746986389,0.9999828338623047,0.999997615814209,1.0,1.0,0.0,1.0,1.0,1.0,1.0,1.0,1.0,1.0,0.008965454064309597,0.02172096259891987,0.0,2.363919520576019e-06,1.7184018361149356e-05,0.001962125301361084,0.03887033462524414,0.10896313935518265,0.17317581176757812,0.0,0.0,0.0,0.0,0.0,0.0,0.0,0.0,0.0
SC-INR-NoSinc,urban100,img_003.png,x4,x16,tanh_signed,2.1,False,0.4053003787994385,0.010808339342474937,0.0,0.0,0.06098350137472153,0.40630531311035156,-1.5028074979782104,-0.8732923269271851,-0.44109484553337097,0.0053097521886229515,0.8700633645057678,1.9851281642913818,2.0834555625915527,0.17368555068969727,0.39676499366760254,-1.1918084621429443,-0.3872118294239044,-0.2141849547624588,0.05345448479056358,0.9594294428825378,2.0527663230895996,2.0977189540863037,0.4003686308860779,0.4428284764289856,0.0002916080702561885,0.009571625851094723,0.02581452578306198,0.27638041973114014,1.2370719909667969,2.094136953353882,2.693079948425293,0.9977223873138428,0.005598266143351793,0.9542495608329773,0.9720587730407715,0.9901956915855408,0.9995092749595642,0.9999957084655762,0.9999994039535522,1.0,1.0,0.0,1.0,1.0,1.0,1.0,1.0,1.0,1.0,0.002277654828503728,0.005598266143351793,0.0,5.960464477539062e-07,4.291534423828125e-06,0.000490725040435791,0.009804276749491692,0.02794123813509941,0.045750439167022705,0.0,0.0,0.0,0.0,0.0,0.0,0.0,0.0,0.0
SC-INR-NoSinc,urban100,img_003.png,x4,x30,tanh_signed,2.1,False,0.4053003787994385,0.010808339342474937,0.0,0.0,0.06098350137472153,0.40630531311035156,-1.5028074979782104,-0.8732923269271851,-0.44109484553337097,0.0053097521886229515,0.8700633645057678,1.9851281642913818,2.0834555625915527,0.17368555068969727,0.39676499366760254,-1.1918084621429443,-0.3872118294239044,-0.2141849547624588,0.05345448479056358,0.9594294428825378,2.0527663230895996,2.0977189540863037,0.4003686308860779,0.4428284764289856,0.0002916080702561885,0.009571625851094723,0.02581452578306198,0.27638041973114014,1.2370719909667969,2.094136953353882,2.693079948425293,0.9993495941162109,0.001604124321602285,0.9868136644363403,0.9920040369033813,0.9972053170204163,0.999860405921936,0.9999988079071045,0.9999998807907104,1.0,1.0,0.0,1.0,1.0,1.0,1.0,1.0,1.0,1.0,0.0006503764307126403,0.001604124321602285,0.0,1.1920928955078125e-07,1.1920928955078125e-06,0.00013959407806396484,0.0027947004418820143,0.00799596682190895,0.013186335563659668,0.0,0.0,0.0,0.0,0.0,0.0,0.0,0.0,0.0
SC-INR-NoSinc,urban100,img_004.png,x4,x4,tanh_signed,2.1,False,0.4009385108947754,0.012028324417769909,0.0,0.0,0.0644405335187912,0.4086952805519104,-1.5330182313919067,-0.8648864030838013,-0.4376894235610962,0.006809890735894442,0.8742868304252625,2.0096514225006104,2.095371961593628,0.17149722576141357,0.3982677459716797,-0.9035073518753052,-0.3745687007904053,-0.21167981624603271,0.050834771245718,0.9721234440803528,2.0690970420837402,2.0990378856658936,0.40209370851516724,0.44444745779037476,0.0006901323213241994,0.009586860425770283,0.026341889053583145,0.2763051390647888,1.261565923690796,2.0948448181152344,2.6811790466308594,0.9660584330558777,0.07802271842956543,0.4466199278831482,0.6061562299728394,0.8442809581756592,0.9921703934669495,0.9999287128448486,0.9999905824661255,1.0,1.0,0.0,1.0,1.0,1.0,1.0,1.0,1.0,1.0,0.033941563218832016,0.07802271842956543,0.0,9.417533874511719e-06,7.130503945518285e-05,0.007829606533050537,0.1557185798883438,0.39384377002716064,0.5533800721168518,0.0,0.0,0.0,0.0,0.0,0.0,0.0,0.0,0.0
SC-INR-NoSinc,urban100,img_004.png,x4,x8,tanh_signed,2.1,False,0.4009385108947754,0.012028324417769909,0.0,0.0,0.0644405335187912,0.4086952805519104,-1.5330182313919067,-0.8648864030838013,-0.4376894235610962,0.006809890735894442,0.8742868304252625,2.0096514225006104,2.095371961593628,0.17149722576141357,0.3982677459716797,-0.9035073518753052,-0.3745687007904053,-0.21167981624603271,0.050834771245718,0.9721234440803528,2.0690970420837402,2.0990378856658936,0.40209370851516724,0.44444745779037476,0.0006901323213241994,0.009586860425770283,0.026341889053583145,0.2763051390647888,1.261565923690796,2.0948448181152344,2.6811790466308594,0.9909660220146179,0.021961739286780357,0.8282517194747925,0.8909654021263123,0.9595966935157776,0.998039186000824,0.9999821782112122,0.999997615814209,1.0,1.0,0.0,1.0,1.0,1.0,1.0,1.0,1.0,1.0,0.00903389509767294,0.021961739286780357,0.0,2.384185791015625e-06,1.7821788787841797e-05,0.0019608139991760254,0.04040319100022316,0.10903461277484894,0.17174828052520752,0.0,0.0,0.0,0.0,0.0,0.0,0.0,0.0,0.0
SC-INR-NoSinc,urban100,img_004.png,x4,x16,tanh_signed,2.1,False,0.4009385108947754,0.012028324417769909,0.0,0.0,0.0644405335187912,0.4086952805519104,-1.5330182313919067,-0.8648864030838013,-0.4376894235610962,0.006809890735894442,0.8742868304252625,2.0096514225006104,2.095371961593628,0.17149722576141357,0.3982677459716797,-0.9035073518753052,-0.3745687007904053,-0.21167981624603271,0.050834771245718,0.9721234440803528,2.0690970420837402,2.0990378856658936,0.40209370851516724,0.44444745779037476,0.0006901323213241994,0.009586860425770283,0.026341889053583145,0.2763051390647888,1.261565923690796,2.0948448181152344,2.6811790466308594,0.9977045059204102,0.0056625185534358025,0.9546464085578918,0.9720399379730225,0.9898049831390381,0.9995095133781433,0.9999955296516418,0.9999994039535522,1.0,1.0,0.0,1.0,1.0,1.0,1.0,1.0,1.0,1.0,0.0022955203894525766,0.0056625185534358025,0.0,5.960464477539062e-07,4.470348358154297e-06,0.0004904866218566895,0.010195004753768444,0.027960065752267838,0.045353591442108154,0.0,0.0,0.0,0.0,0.0,0.0,0.0,0.0,0.0
SC-INR-NoSinc,urban100,img_004.png,x4,x30,tanh_signed,2.1,False,0.4009385108947754,0.012028324417769909,0.0,0.0,0.0644405335187912,0.4086952805519104,-1.5330182313919067,-0.8648864030838013,-0.4376894235610962,0.006809890735894442,0.8742868304252625,2.0096514225006104,2.095371961593628,0.17149722576141357,0.3982677459716797,-0.9035073518753052,-0.3745687007904053,-0.21167981624603271,0.050834771245718,0.9721234440803528,2.0690970420837402,2.0990378856658936,0.40209370851516724,0.44444745779037476,0.0006901323213241994,0.009586860425770283,0.026341889053583145,0.2763051390647888,1.261565923690796,2.0948448181152344,2.6811790466308594,0.9993444085121155,0.0016226902371272445,0.9869293570518494,0.9919986724853516,0.997093677520752,0.999860405921936,0.9999987483024597,0.9999998211860657,1.0,1.0,0.0,1.0,1.0,1.0,1.0,1.0,1.0,1.0,0.0006555109866894782,0.0016226902371272445,0.0,1.7881393432617188e-07,1.2516975402832031e-06,0.00013959407806396484,0.0029062943067401648,0.008001348935067654,0.013070642948150635,0.0,0.0,0.0,0.0,0.0,0.0,0.0,0.0,0.0
SC-INR-NoSinc,urban100,img_005.png,x4,x4,tanh_signed,2.1,False,0.3969510495662689,0.011487722396850586,0.0,0.0,0.06144654005765915,0.40402573347091675,-1.4898056983947754,-0.8627415299415588,-0.43481171131134033,0.004022293724119663,0.8225144743919373,1.9899656772613525,2.0877161026000977,0.17379999160766602,0.39613232016563416,-0.9987307786941528,-0.3853663206100464,-0.2341414988040924,0.0398726612329483,0.9500384330749512,2.053555488586426,2.0989198684692383,0.3914656341075897,0.4482124149799347,7.956475747050717e-05,0.0032530927564948797,0.009788719937205315,0.2877480685710907,1.2927600145339966,2.0927867889404297,2.690032958984375,0.9664737582206726,0.0769878625869751,0.4449203312397003,0.606793999671936,0.8368304371833801,0.9915146231651306,0.9999901652336121,0.999998927116394,1.0,1.0,0.0,1.0,1.0,1.0,1.0,1.0,1.0,1.0,0.033526211977005005,0.0769878625869751,0.0,1.0728836059570312e-06,9.834766387939453e-06,0.008485376834869385,0.1631697416305542,0.3932059407234192,0.5550796985626221,0.0,0.0,0.0,0.0,0.0,0.0,0.0,0.0,0.0
SC-INR-NoSinc,urban100,img_005.png,x4,x8,tanh_signed,2.1,False,0.3969510495662689,0.011487722396850586,0.0,0.0,0.06144654005765915,0.40402573347091675,-1.4898056983947754,-0.8627415299415588,-0.43481171131134033,0.004022293724119663,0.8225144743919373,1.9899656772613525,2.0877161026000977,0.17379999160766602,0.39613232016563416,-0.9987307786941528,-0.3853663206100464,-0.2341414988040924,0.0398726612329483,0.9500384330749512,2.053555488586426,2.0989198684692383,0.3914656341075897,0.4482124149799347,7.956475747050717e-05,0.0032530927564948797,0.009788719937205315,0.2877480685710907,1.2927600145339966,2.0927867889404297,2.690032958984375,0.9910889267921448,0.021577490493655205,0.827271580696106,0.8911731243133545,0.9575964212417603,0.9978735446929932,0.9999975562095642,0.9999997019767761,1.0,1.0,0.0,1.0,1.0,1.0,1.0,1.0,1.0,1.0,0.008911095559597015,0.021577490493655205,0.0,2.980232238769531e-07,2.4437904357910156e-06,0.002126455307006836,0.04240363836288452,0.10882686823606491,0.17272841930389404,0.0,0.0,0.0,0.0,0.0,0.0,0.0,0.0,0.0
SC-INR-NoSinc,urban100,img_005.png,x4,x16,tanh_signed,2.1,False,0.3969510495662689,0.011487722396850586,0.0,0.0,0.06144654005765915,0.40402573347091675,-1.4898056983947754,-0.8627415299415588,-0.43481171131134033,0.004022293724119663,0.8225144743919373,1.9899656772613525,2.0877161026000977,0.17379999160766602,0.39613232016563416,-0.9987307786941528,-0.3853663206100464,-0.2341414988040924,0.0398726612329483,0.9500384330749512,2.053555488586426,2.0989198684692383,0.3914656341075897,0.4482124149799347,7.956475747050717e-05,0.0032530927564948797,0.009788719937205315,0.2877480685710907,1.2927600145339966,2.0927867889404297,2.690032958984375,0.9977365732192993,0.005556646268814802,0.9543566703796387,0.9720944762229919,0.9892960786819458,0.9994680881500244,0.9999994039535522,0.9999999403953552,1.0,1.0,0.0,1.0,1.0,1.0,1.0,1.0,1.0,1.0,0.0022634125780314207,0.005556646268814802,0.0,5.960464477539063e-08,5.960464477539062e-07,0.0005319118499755859,0.01070393342524767,0.027905501425266266,0.04564332962036133,0.0,0.0,0.0,0.0,0.0,0.0,0.0,0.0,0.0
SC-INR-NoSinc,urban100,img_005.png,x4,x30,tanh_signed,2.1,False,0.3969510495662689,0.011487722396850586,0.0,0.0,0.06144654005765915,0.40402573347091675,-1.4898056983947754,-0.8627415299415588,-0.43481171131134033,0.004022293724119663,0.8225144743919373,1.9899656772613525,2.0877161026000977,0.17379999160766602,0.39613232016563416,-0.9987307786941528,-0.3853663206100464,-0.2341414988040924,0.0398726612329483,0.9500384330749512,2.053555488586426,2.0989198684692383,0.3914656341075897,0.4482124149799347,7.956475747050717e-05,0.0032530927564948797,0.009788719937205315,0.2877480685710907,1.2927600145339966,2.0927867889404297,2.690032958984375,0.9993537068367004,0.00159187160898,0.9868437647819519,0.9920142292976379,0.9969483017921448,0.9998486638069153,0.9999998211860657,1.0,1.0,1.0,0.0,1.0,1.0,1.0,1.0,1.0,1.0,1.0,0.0006462772726081312,0.00159187160898,0.0,0.0,1.7881393432617188e-07,0.0001513361930847168,0.0030517135746777058,0.007985740900039673,0.013156235218048096,0.0,0.0,0.0,0.0,0.0,0.0,0.0,0.0,0.0
